X,CH1,
Second,Volt,
-1.29840e-02,-6.04e-01,
-1.29820e-02,-6.16e-01,
-1.29800e-02,-6.28e-01,
-1.29780e-02,-6.36e-01,
-1.29760e-02,-6.76e-01,
-1.29740e-02,-6.88e-01,
-1.29720e-02,-7.32e-01,
-1.29700e-02,-7.48e-01,
-1.29680e-02,-7.64e-01,
-1.29660e-02,-7.44e-01,
-1.29640e-02,-7.48e-01,
-1.29620e-02,-7.20e-01,
-1.29600e-02,-7.04e-01,
-1.29580e-02,-6.68e-01,
-1.29560e-02,-6.64e-01,
-1.29540e-02,-6.64e-01,
-1.29520e-02,-6.52e-01,
-1.29500e-02,-6.48e-01,
-1.29480e-02,-6.24e-01,
-1.29460e-02,-6.28e-01,
-1.29440e-02,-6.36e-01,
-1.29420e-02,-6.36e-01,
-1.29400e-02,-6.08e-01,
-1.29380e-02,-6.20e-01,
-1.29360e-02,-6.20e-01,
-1.29340e-02,-6.32e-01,
-1.29320e-02,-6.24e-01,
-1.29300e-02,-6.28e-01,
-1.29280e-02,-6.40e-01,
-1.29260e-02,-6.84e-01,
-1.29240e-02,-7.00e-01,
-1.29220e-02,-7.32e-01,
-1.29200e-02,-7.12e-01,
-1.29180e-02,-7.16e-01,
-1.29160e-02,-6.96e-01,
-1.29140e-02,-6.64e-01,
-1.29120e-02,-6.40e-01,
-1.29100e-02,-6.36e-01,
-1.29080e-02,-6.36e-01,
-1.29060e-02,-6.28e-01,
-1.29040e-02,-6.12e-01,
-1.29020e-02,-6.20e-01,
-1.29000e-02,-6.20e-01,
-1.28980e-02,-6.32e-01,
-1.28960e-02,-6.20e-01,
-1.28940e-02,-6.16e-01,
-1.28920e-02,-6.00e-01,
-1.28900e-02,-6.04e-01,
-1.28880e-02,-6.04e-01,
-1.28860e-02,-6.08e-01,
-1.28840e-02,-5.92e-01,
-1.28820e-02,-6.00e-01,
-1.28800e-02,-6.04e-01,
-1.28780e-02,-6.44e-01,
-1.28760e-02,-7.12e-01,
-1.28740e-02,-7.00e-01,
-1.28720e-02,-7.20e-01,
-1.28700e-02,-7.04e-01,
-1.28680e-02,-6.84e-01,
-1.28660e-02,-6.36e-01,
-1.28640e-02,-6.40e-01,
-1.28620e-02,-6.20e-01,
-1.28600e-02,-6.16e-01,
-1.28580e-02,-6.32e-01,
-1.28560e-02,-6.32e-01,
-1.28540e-02,-6.36e-01,
-1.28520e-02,-6.24e-01,
-1.28500e-02,-6.16e-01,
-1.28480e-02,-6.16e-01,
-1.28460e-02,-6.24e-01,
-1.28440e-02,-6.28e-01,
-1.28420e-02,-6.04e-01,
-1.28400e-02,-6.04e-01,
-1.28380e-02,-5.96e-01,
-1.28360e-02,-5.88e-01,
-1.28340e-02,-5.72e-01,
-1.28320e-02,-6.00e-01,
-1.28300e-02,-7.00e-01,
-1.28280e-02,-6.84e-01,
-1.28260e-02,-7.20e-01,
-1.28240e-02,-7.32e-01,
-1.28220e-02,-7.04e-01,
-1.28200e-02,-6.76e-01,
-1.28180e-02,-6.68e-01,
-1.28160e-02,-6.52e-01,
-1.28140e-02,-6.48e-01,
-1.28120e-02,-6.16e-01,
-1.28100e-02,-6.00e-01,
-1.28080e-02,-5.96e-01,
-1.28060e-02,-6.04e-01,
-1.28040e-02,-6.20e-01,
-1.28020e-02,-6.12e-01,
-1.28000e-02,-6.20e-01,
-1.27980e-02,-6.04e-01,
-1.27960e-02,-6.00e-01,
-1.27940e-02,-6.00e-01,
-1.27920e-02,-6.08e-01,
-1.27900e-02,-6.12e-01,
-1.27880e-02,-6.12e-01,
-1.27860e-02,-6.04e-01,
-1.27840e-02,-6.36e-01,
-1.27820e-02,-6.48e-01,
-1.27800e-02,-6.92e-01,
-1.27780e-02,-7.16e-01,
-1.27760e-02,-7.00e-01,
-1.27740e-02,-6.92e-01,
-1.27720e-02,-6.68e-01,
-1.27700e-02,-6.52e-01,
-1.27680e-02,-6.36e-01,
-1.27660e-02,-6.24e-01,
-1.27640e-02,-6.28e-01,
-1.27620e-02,-6.32e-01,
-1.27600e-02,-6.36e-01,
-1.27580e-02,-6.28e-01,
-1.27560e-02,-6.04e-01,
-1.27540e-02,-6.20e-01,
-1.27520e-02,-6.28e-01,
-1.27500e-02,-6.28e-01,
-1.27480e-02,-6.20e-01,
-1.27460e-02,-6.12e-01,
-1.27440e-02,-6.20e-01,
-1.27420e-02,-6.24e-01,
-1.27400e-02,-6.04e-01,
-1.27380e-02,-6.04e-01,
-1.27360e-02,-6.20e-01,
-1.27340e-02,-6.56e-01,
-1.27320e-02,-6.56e-01,
-1.27300e-02,-6.68e-01,
-1.27280e-02,-6.72e-01,
-1.27260e-02,-6.68e-01,
-1.27240e-02,-6.60e-01,
-1.27220e-02,-6.44e-01,
-1.27200e-02,-6.32e-01,
-1.27180e-02,-6.36e-01,
-1.27160e-02,-6.44e-01,
-1.27140e-02,-6.24e-01,
-1.27120e-02,-6.16e-01,
-1.27100e-02,-6.32e-01,
-1.27080e-02,-6.24e-01,
-1.27060e-02,-6.16e-01,
-1.27040e-02,-6.20e-01,
-1.27020e-02,-6.20e-01,
-1.27000e-02,-6.32e-01,
-1.26980e-02,-6.36e-01,
-1.26960e-02,-6.36e-01,
-1.26940e-02,-6.28e-01,
-1.26920e-02,-6.20e-01,
-1.26900e-02,-6.20e-01,
-1.26880e-02,-6.36e-01,
-1.26860e-02,-6.52e-01,
-1.26840e-02,-7.00e-01,
-1.26820e-02,-6.92e-01,
-1.26800e-02,-7.16e-01,
-1.26780e-02,-7.00e-01,
-1.26760e-02,-6.68e-01,
-1.26740e-02,-6.68e-01,
-1.26720e-02,-6.60e-01,
-1.26700e-02,-6.36e-01,
-1.26680e-02,-6.28e-01,
-1.26660e-02,-6.24e-01,
-1.26640e-02,-6.32e-01,
-1.26620e-02,-6.36e-01,
-1.26600e-02,-6.44e-01,
-1.26580e-02,-6.44e-01,
-1.26560e-02,-6.20e-01,
-1.26540e-02,-6.24e-01,
-1.26520e-02,-6.20e-01,
-1.26500e-02,-6.28e-01,
-1.26480e-02,-6.20e-01,
-1.26460e-02,-6.24e-01,
-1.26440e-02,-6.16e-01,
-1.26420e-02,-6.16e-01,
-1.26400e-02,-6.20e-01,
-1.26380e-02,-6.12e-01,
-1.26360e-02,-6.16e-01,
-1.26340e-02,-6.16e-01,
-1.26320e-02,-6.12e-01,
-1.26300e-02,-6.04e-01,
-1.26280e-02,-6.40e-01,
-1.26260e-02,-6.32e-01,
-1.26240e-02,-6.40e-01,
-1.26220e-02,-6.40e-01,
-1.26200e-02,-6.28e-01,
-1.26180e-02,-6.28e-01,
-1.26160e-02,-6.28e-01,
-1.26140e-02,-6.32e-01,
-1.26120e-02,-6.48e-01,
-1.26100e-02,-6.32e-01,
-1.26080e-02,-6.36e-01,
-1.26060e-02,-6.32e-01,
-1.26040e-02,-6.20e-01,
-1.26020e-02,-6.12e-01,
-1.26000e-02,-6.24e-01,
-1.25980e-02,-6.20e-01,
-1.25960e-02,-6.32e-01,
-1.25940e-02,-6.44e-01,
-1.25920e-02,-6.44e-01,
-1.25900e-02,-6.48e-01,
-1.25880e-02,-6.52e-01,
-1.25860e-02,-6.48e-01,
-1.25840e-02,-6.36e-01,
-1.25820e-02,-6.52e-01,
-1.25800e-02,-6.48e-01,
-1.25780e-02,-6.40e-01,
-1.25760e-02,-6.44e-01,
-1.25740e-02,-6.44e-01,
-1.25720e-02,-6.40e-01,
-1.25700e-02,-6.36e-01,
-1.25680e-02,-6.44e-01,
-1.25660e-02,-6.48e-01,
-1.25640e-02,-6.44e-01,
-1.25620e-02,-6.48e-01,
-1.25600e-02,-6.52e-01,
-1.25580e-02,-6.44e-01,
-1.25560e-02,-6.36e-01,
-1.25540e-02,-6.36e-01,
-1.25520e-02,-6.32e-01,
-1.25500e-02,-6.48e-01,
-1.25480e-02,-6.52e-01,
-1.25460e-02,-6.36e-01,
-1.25440e-02,-6.36e-01,
-1.25420e-02,-6.28e-01,
-1.25400e-02,-6.28e-01,
-1.25380e-02,-6.40e-01,
-1.25360e-02,-6.24e-01,
-1.25340e-02,-6.20e-01,
-1.25320e-02,-6.36e-01,
-1.25300e-02,-6.40e-01,
-1.25280e-02,-6.36e-01,
-1.25260e-02,-6.44e-01,
-1.25240e-02,-6.48e-01,
-1.25220e-02,-6.40e-01,
-1.25200e-02,-6.36e-01,
-1.25180e-02,-6.60e-01,
-1.25160e-02,-6.60e-01,
-1.25140e-02,-6.40e-01,
-1.25120e-02,-6.36e-01,
-1.25100e-02,-6.44e-01,
-1.25080e-02,-6.40e-01,
-1.25060e-02,-6.40e-01,
-1.25040e-02,-6.44e-01,
-1.25020e-02,-6.24e-01,
-1.25000e-02,-6.32e-01,
-1.24980e-02,-6.32e-01,
-1.24960e-02,-6.52e-01,
-1.24940e-02,-6.48e-01,
-1.24920e-02,-6.64e-01,
-1.24900e-02,-6.56e-01,
-1.24880e-02,-6.64e-01,
-1.24860e-02,-6.60e-01,
-1.24840e-02,-6.44e-01,
-1.24820e-02,-6.52e-01,
-1.24800e-02,-6.44e-01,
-1.24780e-02,-6.32e-01,
-1.24760e-02,-6.36e-01,
-1.24740e-02,-6.40e-01,
-1.24720e-02,-6.52e-01,
-1.24700e-02,-6.52e-01,
-1.24680e-02,-6.84e-01,
-1.24660e-02,-7.20e-01,
-1.24640e-02,-7.00e-01,
-1.24620e-02,-7.12e-01,
-1.24600e-02,-6.96e-01,
-1.24580e-02,-6.84e-01,
-1.24560e-02,-6.72e-01,
-1.24540e-02,-6.88e-01,
-1.24520e-02,-6.84e-01,
-1.24500e-02,-6.76e-01,
-1.24480e-02,-6.60e-01,
-1.24460e-02,-6.52e-01,
-1.24440e-02,-6.36e-01,
-1.24420e-02,-6.32e-01,
-1.24400e-02,-6.36e-01,
-1.24380e-02,-6.44e-01,
-1.24360e-02,-6.52e-01,
-1.24340e-02,-6.48e-01,
-1.24320e-02,-6.36e-01,
-1.24300e-02,-6.28e-01,
-1.24280e-02,-6.28e-01,
-1.24260e-02,-6.28e-01,
-1.24240e-02,-6.28e-01,
-1.24220e-02,-6.48e-01,
-1.24200e-02,-7.16e-01,
-1.24180e-02,-7.56e-01,
-1.24160e-02,-7.60e-01,
-1.24140e-02,-7.60e-01,
-1.24120e-02,-7.44e-01,
-1.24100e-02,-6.92e-01,
-1.24080e-02,-6.92e-01,
-1.24060e-02,-6.72e-01,
-1.24040e-02,-6.60e-01,
-1.24020e-02,-6.56e-01,
-1.24000e-02,-6.52e-01,
-1.23980e-02,-6.44e-01,
-1.23960e-02,-6.28e-01,
-1.23940e-02,-6.32e-01,
-1.23920e-02,-6.20e-01,
-1.23900e-02,-6.04e-01,
-1.23880e-02,-6.16e-01,
-1.23860e-02,-6.28e-01,
-1.23840e-02,-6.40e-01,
-1.23820e-02,-6.20e-01,
-1.23800e-02,-6.12e-01,
-1.23780e-02,-6.04e-01,
-1.23760e-02,-6.28e-01,
-1.23740e-02,-6.80e-01,
-1.23720e-02,-6.92e-01,
-1.23700e-02,-7.16e-01,
-1.23680e-02,-7.32e-01,
-1.23660e-02,-7.28e-01,
-1.23640e-02,-6.84e-01,
-1.23620e-02,-6.68e-01,
-1.23600e-02,-6.64e-01,
-1.23580e-02,-6.60e-01,
-1.23560e-02,-6.36e-01,
-1.23540e-02,-6.36e-01,
-1.23520e-02,-6.20e-01,
-1.23500e-02,-6.16e-01,
-1.23480e-02,-6.12e-01,
-1.23460e-02,-6.20e-01,
-1.23440e-02,-6.04e-01,
-1.23420e-02,-6.08e-01,
-1.23400e-02,-6.08e-01,
-1.23380e-02,-6.16e-01,
-1.23360e-02,-6.16e-01,
-1.23340e-02,-6.20e-01,
-1.23320e-02,-6.12e-01,
-1.23300e-02,-6.16e-01,
-1.23280e-02,-6.28e-01,
-1.23260e-02,-6.68e-01,
-1.23240e-02,-6.76e-01,
-1.23220e-02,-7.04e-01,
-1.23200e-02,-7.16e-01,
-1.23180e-02,-7.00e-01,
-1.23160e-02,-6.92e-01,
-1.23140e-02,-6.68e-01,
-1.23120e-02,-6.52e-01,
-1.23100e-02,-6.36e-01,
-1.23080e-02,-6.48e-01,
-1.23060e-02,-6.32e-01,
-1.23040e-02,-6.00e-01,
-1.23020e-02,-6.08e-01,
-1.23000e-02,-6.16e-01,
-1.22980e-02,-6.16e-01,
-1.22960e-02,-6.20e-01,
-1.22940e-02,-6.32e-01,
-1.22920e-02,-6.28e-01,
-1.22900e-02,-6.20e-01,
-1.22880e-02,-6.12e-01,
-1.22860e-02,-6.00e-01,
-1.22840e-02,-5.92e-01,
-1.22820e-02,-6.04e-01,
-1.22800e-02,-6.04e-01,
-1.22780e-02,-6.12e-01,
-1.22760e-02,-6.52e-01,
-1.22740e-02,-7.04e-01,
-1.22720e-02,-7.20e-01,
-1.22700e-02,-7.12e-01,
-1.22680e-02,-6.80e-01,
-1.22660e-02,-6.64e-01,
-1.22640e-02,-6.44e-01,
-1.22620e-02,-6.32e-01,
-1.22600e-02,-6.32e-01,
-1.22580e-02,-6.36e-01,
-1.22560e-02,-6.36e-01,
-1.22540e-02,-6.28e-01,
-1.22520e-02,-6.28e-01,
-1.22500e-02,-6.24e-01,
-1.22480e-02,-6.24e-01,
-1.22460e-02,-6.20e-01,
-1.22440e-02,-6.08e-01,
-1.22420e-02,-6.12e-01,
-1.22400e-02,-6.08e-01,
-1.22380e-02,-6.04e-01,
-1.22360e-02,-5.76e-01,
-1.22340e-02,-5.84e-01,
-1.22320e-02,-5.84e-01,
-1.22300e-02,-6.20e-01,
-1.22280e-02,-6.76e-01,
-1.22260e-02,-6.96e-01,
-1.22240e-02,-7.16e-01,
-1.22220e-02,-6.92e-01,
-1.22200e-02,-6.64e-01,
-1.22180e-02,-6.44e-01,
-1.22160e-02,-6.56e-01,
-1.22140e-02,-6.60e-01,
-1.22120e-02,-6.44e-01,
-1.22100e-02,-6.28e-01,
-1.22080e-02,-6.24e-01,
-1.22060e-02,-6.20e-01,
-1.22040e-02,-6.20e-01,
-1.22020e-02,-6.24e-01,
-1.22000e-02,-6.04e-01,
-1.21980e-02,-6.00e-01,
-1.21960e-02,-5.92e-01,
-1.21940e-02,-6.00e-01,
-1.21920e-02,-6.04e-01,
-1.21900e-02,-6.20e-01,
-1.21880e-02,-6.16e-01,
-1.21860e-02,-6.12e-01,
-1.21840e-02,-6.24e-01,
-1.21820e-02,-6.60e-01,
-1.21800e-02,-6.96e-01,
-1.21780e-02,-7.16e-01,
-1.21760e-02,-7.00e-01,
-1.21740e-02,-6.84e-01,
-1.21720e-02,-6.64e-01,
-1.21700e-02,-6.48e-01,
-1.21680e-02,-6.32e-01,
-1.21660e-02,-6.36e-01,
-1.21640e-02,-6.28e-01,
-1.21620e-02,-6.20e-01,
-1.21600e-02,-6.16e-01,
-1.21580e-02,-6.16e-01,
-1.21560e-02,-6.28e-01,
-1.21540e-02,-6.32e-01,
-1.21520e-02,-6.32e-01,
-1.21500e-02,-6.28e-01,
-1.21480e-02,-6.24e-01,
-1.21460e-02,-6.32e-01,
-1.21440e-02,-6.28e-01,
-1.21420e-02,-6.32e-01,
-1.21400e-02,-6.32e-01,
-1.21380e-02,-6.36e-01,
-1.21360e-02,-6.44e-01,
-1.21340e-02,-6.64e-01,
-1.21320e-02,-6.68e-01,
-1.21300e-02,-7.00e-01,
-1.21280e-02,-7.28e-01,
-1.21260e-02,-7.04e-01,
-1.21240e-02,-7.00e-01,
-1.21220e-02,-6.68e-01,
-1.21200e-02,-6.52e-01,
-1.21180e-02,-6.36e-01,
-1.21160e-02,-6.24e-01,
-1.21140e-02,-6.24e-01,
-1.21120e-02,-6.16e-01,
-1.21100e-02,-6.04e-01,
-1.21080e-02,-6.00e-01,
-1.21060e-02,-6.28e-01,
-1.21040e-02,-6.36e-01,
-1.21020e-02,-6.28e-01,
-1.21000e-02,-6.28e-01,
-1.20980e-02,-6.28e-01,
-1.20960e-02,-6.32e-01,
-1.20940e-02,-6.40e-01,
-1.20920e-02,-6.44e-01,
-1.20900e-02,-6.28e-01,
-1.20880e-02,-6.28e-01,
-1.20860e-02,-6.20e-01,
-1.20840e-02,-6.24e-01,
-1.20820e-02,-6.20e-01,
-1.20800e-02,-6.20e-01,
-1.20780e-02,-6.32e-01,
-1.20760e-02,-6.36e-01,
-1.20740e-02,-6.36e-01,
-1.20720e-02,-6.32e-01,
-1.20700e-02,-6.36e-01,
-1.20680e-02,-6.36e-01,
-1.20660e-02,-6.44e-01,
-1.20640e-02,-6.48e-01,
-1.20620e-02,-6.52e-01,
-1.20600e-02,-6.52e-01,
-1.20580e-02,-6.48e-01,
-1.20560e-02,-6.44e-01,
-1.20540e-02,-6.36e-01,
-1.20520e-02,-6.32e-01,
-1.20500e-02,-6.36e-01,
-1.20480e-02,-6.52e-01,
-1.20460e-02,-6.48e-01,
-1.20440e-02,-6.32e-01,
-1.20420e-02,-6.24e-01,
-1.20400e-02,-6.20e-01,
-1.20380e-02,-6.32e-01,
-1.20360e-02,-6.48e-01,
-1.20340e-02,-6.44e-01,
-1.20320e-02,-6.52e-01,
-1.20300e-02,-6.56e-01,
-1.20280e-02,-6.52e-01,
-1.20260e-02,-6.36e-01,
-1.20240e-02,-6.44e-01,
-1.20220e-02,-6.44e-01,
-1.20200e-02,-6.60e-01,
-1.20180e-02,-6.60e-01,
-1.20160e-02,-6.36e-01,
-1.20140e-02,-6.40e-01,
-1.20120e-02,-6.36e-01,
-1.20100e-02,-6.32e-01,
-1.20080e-02,-6.20e-01,
-1.20060e-02,-6.16e-01,
-1.20040e-02,-6.24e-01,
-1.20020e-02,-6.36e-01,
-1.20000e-02,-6.32e-01,
-1.19980e-02,-6.56e-01,
-1.19960e-02,-6.40e-01,
-1.19940e-02,-6.36e-01,
-1.19920e-02,-6.40e-01,
-1.19900e-02,-6.52e-01,
-1.19880e-02,-6.36e-01,
-1.19860e-02,-6.40e-01,
-1.19840e-02,-6.28e-01,
-1.19820e-02,-6.24e-01,
-1.19800e-02,-6.24e-01,
-1.19780e-02,-6.28e-01,
-1.19760e-02,-6.32e-01,
-1.19740e-02,-6.28e-01,
-1.19720e-02,-6.36e-01,
-1.19700e-02,-6.44e-01,
-1.19680e-02,-6.44e-01,
-1.19660e-02,-6.52e-01,
-1.19640e-02,-6.56e-01,
-1.19620e-02,-6.44e-01,
-1.19600e-02,-6.60e-01,
-1.19580e-02,-6.56e-01,
-1.19560e-02,-6.44e-01,
-1.19540e-02,-6.36e-01,
-1.19520e-02,-6.32e-01,
-1.19500e-02,-6.36e-01,
-1.19480e-02,-6.44e-01,
-1.19460e-02,-6.52e-01,
-1.19440e-02,-6.36e-01,
-1.19420e-02,-6.52e-01,
-1.19400e-02,-6.44e-01,
-1.19380e-02,-6.60e-01,
-1.19360e-02,-6.64e-01,
-1.19340e-02,-6.40e-01,
-1.19320e-02,-6.44e-01,
-1.19300e-02,-6.36e-01,
-1.19280e-02,-6.44e-01,
-1.19260e-02,-6.68e-01,
-1.19240e-02,-6.68e-01,
-1.19220e-02,-6.68e-01,
-1.19200e-02,-6.64e-01,
-1.19180e-02,-6.52e-01,
-1.19160e-02,-7.16e-01,
-1.19140e-02,-7.04e-01,
-1.19120e-02,-7.32e-01,
-1.19100e-02,-7.40e-01,
-1.19080e-02,-7.16e-01,
-1.19060e-02,-7.04e-01,
-1.19040e-02,-6.88e-01,
-1.19020e-02,-6.72e-01,
-1.19000e-02,-6.68e-01,
-1.18980e-02,-6.48e-01,
-1.18960e-02,-6.60e-01,
-1.18940e-02,-6.60e-01,
-1.18920e-02,-6.40e-01,
-1.18900e-02,-6.28e-01,
-1.18880e-02,-6.36e-01,
-1.18860e-02,-6.36e-01,
-1.18840e-02,-6.40e-01,
-1.18820e-02,-6.44e-01,
-1.18800e-02,-6.32e-01,
-1.18780e-02,-6.28e-01,
-1.18760e-02,-6.20e-01,
-1.18740e-02,-6.36e-01,
-1.18720e-02,-6.32e-01,
-1.18700e-02,-6.52e-01,
-1.18680e-02,-6.68e-01,
-1.18660e-02,-7.12e-01,
-1.18640e-02,-7.32e-01,
-1.18620e-02,-7.52e-01,
-1.18600e-02,-7.20e-01,
-1.18580e-02,-7.20e-01,
-1.18560e-02,-7.00e-01,
-1.18540e-02,-6.72e-01,
-1.18520e-02,-6.36e-01,
-1.18500e-02,-6.40e-01,
-1.18480e-02,-6.36e-01,
-1.18460e-02,-6.32e-01,
-1.18440e-02,-6.28e-01,
-1.18420e-02,-6.04e-01,
-1.18400e-02,-6.20e-01,
-1.18380e-02,-6.20e-01,
-1.18360e-02,-6.16e-01,
-1.18340e-02,-6.04e-01,
-1.18320e-02,-6.04e-01,
-1.18300e-02,-5.96e-01,
-1.18280e-02,-6.04e-01,
-1.18260e-02,-6.12e-01,
-1.18240e-02,-6.32e-01,
-1.18220e-02,-6.52e-01,
-1.18200e-02,-6.96e-01,
-1.18180e-02,-7.32e-01,
-1.18160e-02,-7.48e-01,
-1.18140e-02,-7.24e-01,
-1.18120e-02,-7.16e-01,
-1.18100e-02,-6.84e-01,
-1.18080e-02,-6.52e-01,
-1.18060e-02,-6.24e-01,
-1.18040e-02,-6.36e-01,
-1.18020e-02,-6.40e-01,
-1.18000e-02,-6.36e-01,
-1.17980e-02,-6.20e-01,
-1.17960e-02,-6.24e-01,
-1.17940e-02,-6.20e-01,
-1.17920e-02,-6.20e-01,
-1.17900e-02,-6.28e-01,
-1.17880e-02,-6.24e-01,
-1.17860e-02,-6.24e-01,
-1.17840e-02,-6.20e-01,
-1.17820e-02,-6.04e-01,
-1.17800e-02,-6.08e-01,
-1.17780e-02,-6.16e-01,
-1.17760e-02,-6.20e-01,
-1.17740e-02,-6.20e-01,
-1.17720e-02,-6.52e-01,
-1.17700e-02,-7.12e-01,
-1.17680e-02,-7.00e-01,
-1.17660e-02,-7.16e-01,
-1.17640e-02,-7.04e-01,
-1.17620e-02,-6.80e-01,
-1.17600e-02,-6.68e-01,
-1.17580e-02,-6.68e-01,
-1.17560e-02,-6.52e-01,
-1.17540e-02,-6.44e-01,
-1.17520e-02,-6.32e-01,
-1.17500e-02,-6.16e-01,
-1.17480e-02,-6.20e-01,
-1.17460e-02,-6.08e-01,
-1.17440e-02,-6.12e-01,
-1.17420e-02,-6.36e-01,
-1.17400e-02,-6.24e-01,
-1.17380e-02,-6.20e-01,
-1.17360e-02,-6.24e-01,
-1.17340e-02,-6.28e-01,
-1.17320e-02,-6.00e-01,
-1.17300e-02,-6.12e-01,
-1.17280e-02,-6.04e-01,
-1.17260e-02,-6.12e-01,
-1.17240e-02,-6.88e-01,
-1.17220e-02,-7.00e-01,
-1.17200e-02,-7.36e-01,
-1.17180e-02,-7.28e-01,
-1.17160e-02,-7.00e-01,
-1.17140e-02,-6.84e-01,
-1.17120e-02,-6.76e-01,
-1.17100e-02,-6.68e-01,
-1.17080e-02,-6.52e-01,
-1.17060e-02,-6.28e-01,
-1.17040e-02,-6.16e-01,
-1.17020e-02,-6.20e-01,
-1.17000e-02,-6.28e-01,
-1.16980e-02,-6.32e-01,
-1.16960e-02,-6.16e-01,
-1.16940e-02,-6.16e-01,
-1.16920e-02,-6.12e-01,
-1.16900e-02,-6.16e-01,
-1.16880e-02,-6.08e-01,
-1.16860e-02,-6.16e-01,
-1.16840e-02,-6.12e-01,
-1.16820e-02,-6.04e-01,
-1.16800e-02,-6.04e-01,
-1.16780e-02,-6.48e-01,
-1.16760e-02,-6.52e-01,
-1.16740e-02,-6.84e-01,
-1.16720e-02,-6.96e-01,
-1.16700e-02,-6.84e-01,
-1.16680e-02,-6.56e-01,
-1.16660e-02,-6.52e-01,
-1.16640e-02,-6.48e-01,
-1.16620e-02,-6.44e-01,
-1.16600e-02,-6.28e-01,
-1.16580e-02,-6.32e-01,
-1.16560e-02,-6.20e-01,
-1.16540e-02,-6.12e-01,
-1.16520e-02,-6.20e-01,
-1.16500e-02,-6.20e-01,
-1.16480e-02,-6.24e-01,
-1.16460e-02,-6.36e-01,
-1.16440e-02,-6.20e-01,
-1.16420e-02,-6.12e-01,
-1.16400e-02,-6.28e-01,
-1.16380e-02,-6.20e-01,
-1.16360e-02,-6.16e-01,
-1.16340e-02,-6.04e-01,
-1.16320e-02,-6.20e-01,
-1.16300e-02,-6.40e-01,
-1.16280e-02,-6.84e-01,
-1.16260e-02,-7.00e-01,
-1.16240e-02,-7.00e-01,
-1.16220e-02,-6.96e-01,
-1.16200e-02,-6.80e-01,
-1.16180e-02,-6.56e-01,
-1.16160e-02,-6.44e-01,
-1.16140e-02,-6.20e-01,
-1.16120e-02,-6.28e-01,
-1.16100e-02,-6.32e-01,
-1.16080e-02,-6.32e-01,
-1.16060e-02,-6.36e-01,
-1.16040e-02,-6.36e-01,
-1.16020e-02,-6.36e-01,
-1.16000e-02,-6.32e-01,
-1.15980e-02,-6.36e-01,
-1.15960e-02,-6.28e-01,
-1.15940e-02,-6.28e-01,
-1.15920e-02,-6.32e-01,
-1.15900e-02,-6.28e-01,
-1.15880e-02,-6.20e-01,
-1.15860e-02,-6.28e-01,
-1.15840e-02,-6.36e-01,
-1.15820e-02,-6.68e-01,
-1.15800e-02,-6.96e-01,
-1.15780e-02,-7.00e-01,
-1.15760e-02,-6.88e-01,
-1.15740e-02,-6.68e-01,
-1.15720e-02,-6.68e-01,
-1.15700e-02,-6.64e-01,
-1.15680e-02,-6.20e-01,
-1.15660e-02,-6.28e-01,
-1.15640e-02,-6.24e-01,
-1.15620e-02,-6.24e-01,
-1.15600e-02,-6.24e-01,
-1.15580e-02,-6.36e-01,
-1.15560e-02,-6.40e-01,
-1.15540e-02,-6.24e-01,
-1.15520e-02,-6.20e-01,
-1.15500e-02,-6.32e-01,
-1.15480e-02,-6.36e-01,
-1.15460e-02,-6.40e-01,
-1.15440e-02,-6.40e-01,
-1.15420e-02,-6.20e-01,
-1.15400e-02,-6.20e-01,
-1.15380e-02,-6.28e-01,
-1.15360e-02,-6.40e-01,
-1.15340e-02,-6.24e-01,
-1.15320e-02,-6.20e-01,
-1.15300e-02,-6.28e-01,
-1.15280e-02,-6.20e-01,
-1.15260e-02,-6.28e-01,
-1.15240e-02,-6.24e-01,
-1.15220e-02,-6.20e-01,
-1.15200e-02,-6.16e-01,
-1.15180e-02,-6.12e-01,
-1.15160e-02,-6.24e-01,
-1.15140e-02,-6.24e-01,
-1.15120e-02,-6.20e-01,
-1.15100e-02,-6.16e-01,
-1.15080e-02,-6.12e-01,
-1.15060e-02,-6.28e-01,
-1.15040e-02,-6.32e-01,
-1.15020e-02,-6.28e-01,
-1.15000e-02,-6.20e-01,
-1.14980e-02,-6.20e-01,
-1.14960e-02,-6.36e-01,
-1.14940e-02,-6.32e-01,
-1.14920e-02,-6.32e-01,
-1.14900e-02,-6.20e-01,
-1.14880e-02,-6.20e-01,
-1.14860e-02,-6.36e-01,
-1.14840e-02,-6.28e-01,
-1.14820e-02,-6.28e-01,
-1.14800e-02,-6.32e-01,
-1.14780e-02,-6.24e-01,
-1.14760e-02,-6.32e-01,
-1.14740e-02,-6.32e-01,
-1.14720e-02,-6.52e-01,
-1.14700e-02,-6.40e-01,
-1.14680e-02,-6.20e-01,
-1.14660e-02,-6.28e-01,
-1.14640e-02,-6.20e-01,
-1.14620e-02,-6.28e-01,
-1.14600e-02,-6.36e-01,
-1.14580e-02,-6.36e-01,
-1.14560e-02,-6.36e-01,
-1.14540e-02,-6.48e-01,
-1.14520e-02,-6.36e-01,
-1.14500e-02,-6.44e-01,
-1.14480e-02,-6.40e-01,
-1.14460e-02,-6.40e-01,
-1.14440e-02,-6.44e-01,
-1.14420e-02,-6.40e-01,
-1.14400e-02,-6.20e-01,
-1.14380e-02,-6.28e-01,
-1.14360e-02,-6.32e-01,
-1.14340e-02,-6.36e-01,
-1.14320e-02,-6.36e-01,
-1.14300e-02,-6.44e-01,
-1.14280e-02,-6.44e-01,
-1.14260e-02,-6.64e-01,
-1.14240e-02,-6.44e-01,
-1.14220e-02,-6.44e-01,
-1.14200e-02,-6.44e-01,
-1.14180e-02,-6.44e-01,
-1.14160e-02,-6.32e-01,
-1.14140e-02,-6.28e-01,
-1.14120e-02,-6.44e-01,
-1.14100e-02,-6.40e-01,
-1.14080e-02,-6.32e-01,
-1.14060e-02,-6.36e-01,
-1.14040e-02,-6.60e-01,
-1.14020e-02,-6.52e-01,
-1.14000e-02,-6.52e-01,
-1.13980e-02,-6.40e-01,
-1.13960e-02,-6.36e-01,
-1.13940e-02,-6.68e-01,
-1.13920e-02,-6.60e-01,
-1.13900e-02,-6.64e-01,
-1.13880e-02,-6.64e-01,
-1.13860e-02,-6.52e-01,
-1.13840e-02,-6.52e-01,
-1.13820e-02,-6.48e-01,
-1.13800e-02,-6.36e-01,
-1.13780e-02,-6.40e-01,
-1.13760e-02,-6.44e-01,
-1.13740e-02,-6.44e-01,
-1.13720e-02,-6.48e-01,
-1.13700e-02,-6.48e-01,
-1.13680e-02,-6.84e-01,
-1.13660e-02,-6.84e-01,
-1.13640e-02,-7.08e-01,
-1.13620e-02,-7.12e-01,
-1.13600e-02,-7.04e-01,
-1.13580e-02,-6.64e-01,
-1.13560e-02,-6.60e-01,
-1.13540e-02,-6.48e-01,
-1.13520e-02,-6.40e-01,
-1.13500e-02,-6.44e-01,
-1.13480e-02,-6.40e-01,
-1.13460e-02,-6.40e-01,
-1.13440e-02,-6.32e-01,
-1.13420e-02,-6.28e-01,
-1.13400e-02,-6.32e-01,
-1.13380e-02,-6.36e-01,
-1.13360e-02,-6.40e-01,
-1.13340e-02,-6.40e-01,
-1.13320e-02,-6.52e-01,
-1.13300e-02,-6.40e-01,
-1.13280e-02,-6.40e-01,
-1.13260e-02,-6.44e-01,
-1.13240e-02,-6.32e-01,
-1.13220e-02,-6.48e-01,
-1.13200e-02,-6.84e-01,
-1.13180e-02,-7.24e-01,
-1.13160e-02,-7.48e-01,
-1.13140e-02,-7.64e-01,
-1.13120e-02,-7.32e-01,
-1.13100e-02,-7.32e-01,
-1.13080e-02,-6.96e-01,
-1.13060e-02,-6.72e-01,
-1.13040e-02,-6.40e-01,
-1.13020e-02,-6.32e-01,
-1.13000e-02,-6.28e-01,
-1.12980e-02,-6.24e-01,
-1.12960e-02,-6.20e-01,
-1.12940e-02,-6.20e-01,
-1.12920e-02,-6.28e-01,
-1.12900e-02,-6.20e-01,
-1.12880e-02,-6.20e-01,
-1.12860e-02,-6.32e-01,
-1.12840e-02,-6.28e-01,
-1.12820e-02,-6.28e-01,
-1.12800e-02,-6.32e-01,
-1.12780e-02,-6.20e-01,
-1.12760e-02,-6.24e-01,
-1.12740e-02,-6.68e-01,
-1.12720e-02,-6.96e-01,
-1.12700e-02,-7.12e-01,
-1.12680e-02,-7.48e-01,
-1.12660e-02,-7.32e-01,
-1.12640e-02,-7.32e-01,
-1.12620e-02,-6.96e-01,
-1.12600e-02,-6.68e-01,
-1.12580e-02,-6.20e-01,
-1.12560e-02,-6.36e-01,
-1.12540e-02,-6.32e-01,
-1.12520e-02,-6.28e-01,
-1.12500e-02,-6.28e-01,
-1.12480e-02,-6.28e-01,
-1.12460e-02,-6.20e-01,
-1.12440e-02,-6.16e-01,
-1.12420e-02,-6.16e-01,
-1.12400e-02,-6.20e-01,
-1.12380e-02,-6.20e-01,
-1.12360e-02,-6.20e-01,
-1.12340e-02,-6.16e-01,
-1.12320e-02,-6.20e-01,
-1.12300e-02,-6.28e-01,
-1.12280e-02,-6.44e-01,
-1.12260e-02,-6.76e-01,
-1.12240e-02,-7.00e-01,
-1.12220e-02,-7.20e-01,
-1.12200e-02,-6.92e-01,
-1.12180e-02,-6.80e-01,
-1.12160e-02,-6.52e-01,
-1.12140e-02,-6.44e-01,
-1.12120e-02,-6.40e-01,
-1.12100e-02,-6.28e-01,
-1.12080e-02,-6.24e-01,
-1.12060e-02,-6.20e-01,
-1.12040e-02,-6.04e-01,
-1.12020e-02,-5.88e-01,
-1.12000e-02,-5.96e-01,
-1.11980e-02,-6.16e-01,
-1.11960e-02,-6.20e-01,
-1.11940e-02,-6.12e-01,
-1.11920e-02,-6.08e-01,
-1.11900e-02,-6.04e-01,
-1.11880e-02,-6.16e-01,
-1.11860e-02,-6.04e-01,
-1.11840e-02,-6.04e-01,
-1.11820e-02,-6.20e-01,
-1.11800e-02,-6.44e-01,
-1.11780e-02,-6.64e-01,
-1.11760e-02,-7.16e-01,
-1.11740e-02,-7.08e-01,
-1.11720e-02,-6.96e-01,
-1.11700e-02,-6.92e-01,
-1.11680e-02,-6.72e-01,
-1.11660e-02,-6.68e-01,
-1.11640e-02,-6.60e-01,
-1.11620e-02,-6.44e-01,
-1.11600e-02,-6.44e-01,
-1.11580e-02,-6.20e-01,
-1.11560e-02,-6.24e-01,
-1.11540e-02,-6.20e-01,
-1.11520e-02,-6.16e-01,
-1.11500e-02,-6.12e-01,
-1.11480e-02,-6.16e-01,
-1.11460e-02,-6.28e-01,
-1.11440e-02,-6.28e-01,
-1.11420e-02,-6.24e-01,
-1.11400e-02,-6.24e-01,
-1.11380e-02,-6.28e-01,
-1.11360e-02,-6.28e-01,
-1.11340e-02,-6.20e-01,
-1.11320e-02,-6.36e-01,
-1.11300e-02,-7.00e-01,
-1.11280e-02,-6.92e-01,
-1.11260e-02,-7.00e-01,
-1.11240e-02,-6.76e-01,
-1.11220e-02,-6.56e-01,
-1.11200e-02,-6.44e-01,
-1.11180e-02,-6.44e-01,
-1.11160e-02,-6.32e-01,
-1.11140e-02,-6.36e-01,
-1.11120e-02,-6.16e-01,
-1.11100e-02,-6.08e-01,
-1.11080e-02,-6.12e-01,
-1.11060e-02,-5.96e-01,
-1.11040e-02,-6.00e-01,
-1.11020e-02,-6.04e-01,
-1.11000e-02,-6.00e-01,
-1.10980e-02,-5.96e-01,
-1.10960e-02,-6.00e-01,
-1.10940e-02,-6.12e-01,
-1.10920e-02,-6.16e-01,
-1.10900e-02,-6.24e-01,
-1.10880e-02,-6.24e-01,
-1.10860e-02,-6.32e-01,
-1.10840e-02,-6.84e-01,
-1.10820e-02,-6.84e-01,
-1.10800e-02,-6.96e-01,
-1.10780e-02,-6.80e-01,
-1.10760e-02,-6.64e-01,
-1.10740e-02,-6.48e-01,
-1.10720e-02,-6.44e-01,
-1.10700e-02,-6.44e-01,
-1.10680e-02,-6.40e-01,
-1.10660e-02,-6.36e-01,
-1.10640e-02,-6.36e-01,
-1.10620e-02,-6.40e-01,
-1.10600e-02,-6.44e-01,
-1.10580e-02,-6.32e-01,
-1.10560e-02,-6.20e-01,
-1.10540e-02,-6.20e-01,
-1.10520e-02,-6.24e-01,
-1.10500e-02,-6.32e-01,
-1.10480e-02,-6.08e-01,
-1.10460e-02,-6.32e-01,
-1.10440e-02,-6.20e-01,
-1.10420e-02,-6.32e-01,
-1.10400e-02,-6.40e-01,
-1.10380e-02,-7.08e-01,
-1.10360e-02,-6.96e-01,
-1.10340e-02,-7.32e-01,
-1.10320e-02,-7.16e-01,
-1.10300e-02,-7.00e-01,
-1.10280e-02,-6.96e-01,
-1.10260e-02,-6.84e-01,
-1.10240e-02,-6.72e-01,
-1.10220e-02,-6.68e-01,
-1.10200e-02,-6.44e-01,
-1.10180e-02,-6.36e-01,
-1.10160e-02,-6.28e-01,
-1.10140e-02,-6.24e-01,
-1.10120e-02,-6.20e-01,
-1.10100e-02,-6.20e-01,
-1.10080e-02,-6.24e-01,
-1.10060e-02,-6.36e-01,
-1.10040e-02,-6.20e-01,
-1.10020e-02,-6.16e-01,
-1.10000e-02,-6.28e-01,
-1.09980e-02,-6.28e-01,
-1.09960e-02,-6.36e-01,
-1.09940e-02,-6.28e-01,
-1.09920e-02,-6.04e-01,
-1.09900e-02,-6.20e-01,
-1.09880e-02,-6.24e-01,
-1.09860e-02,-6.16e-01,
-1.09840e-02,-6.04e-01,
-1.09820e-02,-6.28e-01,
-1.09800e-02,-6.20e-01,
-1.09780e-02,-6.28e-01,
-1.09760e-02,-6.40e-01,
-1.09740e-02,-6.44e-01,
-1.09720e-02,-6.40e-01,
-1.09700e-02,-6.28e-01,
-1.09680e-02,-6.20e-01,
-1.09660e-02,-6.20e-01,
-1.09640e-02,-6.32e-01,
-1.09620e-02,-6.32e-01,
-1.09600e-02,-6.20e-01,
-1.09580e-02,-6.20e-01,
-1.09560e-02,-6.40e-01,
-1.09540e-02,-6.36e-01,
-1.09520e-02,-6.44e-01,
-1.09500e-02,-6.32e-01,
-1.09480e-02,-6.28e-01,
-1.09460e-02,-6.36e-01,
-1.09440e-02,-6.36e-01,
-1.09420e-02,-6.44e-01,
-1.09400e-02,-6.40e-01,
-1.09380e-02,-6.32e-01,
-1.09360e-02,-6.36e-01,
-1.09340e-02,-6.36e-01,
-1.09320e-02,-6.44e-01,
-1.09300e-02,-6.52e-01,
-1.09280e-02,-6.36e-01,
-1.09260e-02,-6.40e-01,
-1.09240e-02,-6.44e-01,
-1.09220e-02,-6.44e-01,
-1.09200e-02,-6.44e-01,
-1.09180e-02,-6.60e-01,
-1.09160e-02,-6.60e-01,
-1.09140e-02,-6.44e-01,
-1.09120e-02,-6.36e-01,
-1.09100e-02,-6.24e-01,
-1.09080e-02,-6.36e-01,
-1.09060e-02,-6.40e-01,
-1.09040e-02,-6.44e-01,
-1.09020e-02,-6.52e-01,
-1.09000e-02,-6.32e-01,
-1.08980e-02,-6.36e-01,
-1.08960e-02,-6.40e-01,
-1.08940e-02,-6.44e-01,
-1.08920e-02,-6.44e-01,
-1.08900e-02,-6.52e-01,
-1.08880e-02,-6.52e-01,
-1.08860e-02,-6.56e-01,
-1.08840e-02,-6.68e-01,
-1.08820e-02,-6.64e-01,
-1.08800e-02,-6.64e-01,
-1.08780e-02,-6.44e-01,
-1.08760e-02,-6.52e-01,
-1.08740e-02,-6.48e-01,
-1.08720e-02,-6.48e-01,
-1.08700e-02,-6.40e-01,
-1.08680e-02,-6.52e-01,
-1.08660e-02,-6.60e-01,
-1.08640e-02,-6.52e-01,
-1.08620e-02,-6.56e-01,
-1.08600e-02,-6.64e-01,
-1.08580e-02,-6.44e-01,
-1.08560e-02,-6.32e-01,
-1.08540e-02,-6.40e-01,
-1.08520e-02,-6.40e-01,
-1.08500e-02,-6.44e-01,
-1.08480e-02,-6.48e-01,
-1.08460e-02,-6.28e-01,
-1.08440e-02,-6.44e-01,
-1.08420e-02,-6.48e-01,
-1.08400e-02,-6.32e-01,
-1.08380e-02,-6.32e-01,
-1.08360e-02,-6.44e-01,
-1.08340e-02,-6.44e-01,
-1.08320e-02,-6.52e-01,
-1.08300e-02,-6.52e-01,
-1.08280e-02,-6.44e-01,
-1.08260e-02,-6.64e-01,
-1.08240e-02,-6.76e-01,
-1.08220e-02,-6.96e-01,
-1.08200e-02,-7.16e-01,
-1.08180e-02,-7.04e-01,
-1.08160e-02,-7.04e-01,
-1.08140e-02,-7.00e-01,
-1.08120e-02,-6.84e-01,
-1.08100e-02,-6.56e-01,
-1.08080e-02,-6.68e-01,
-1.08060e-02,-6.68e-01,
-1.08040e-02,-6.76e-01,
-1.08020e-02,-6.64e-01,
-1.08000e-02,-6.44e-01,
-1.07980e-02,-6.44e-01,
-1.07960e-02,-6.48e-01,
-1.07940e-02,-6.52e-01,
-1.07920e-02,-6.32e-01,
-1.07900e-02,-6.40e-01,
-1.07880e-02,-6.36e-01,
-1.07860e-02,-6.52e-01,
-1.07840e-02,-6.48e-01,
-1.07820e-02,-6.20e-01,
-1.07800e-02,-6.28e-01,
-1.07780e-02,-6.20e-01,
-1.07760e-02,-6.68e-01,
-1.07740e-02,-7.32e-01,
-1.07720e-02,-7.40e-01,
-1.07700e-02,-7.40e-01,
-1.07680e-02,-7.36e-01,
-1.07660e-02,-7.12e-01,
-1.07640e-02,-6.68e-01,
-1.07620e-02,-6.68e-01,
-1.07600e-02,-6.64e-01,
-1.07580e-02,-6.52e-01,
-1.07560e-02,-6.36e-01,
-1.07540e-02,-6.36e-01,
-1.07520e-02,-6.40e-01,
-1.07500e-02,-6.52e-01,
-1.07480e-02,-6.40e-01,
-1.07460e-02,-6.20e-01,
-1.07440e-02,-6.24e-01,
-1.07420e-02,-6.20e-01,
-1.07400e-02,-6.20e-01,
-1.07380e-02,-6.20e-01,
-1.07360e-02,-5.92e-01,
-1.07340e-02,-6.04e-01,
-1.07320e-02,-6.08e-01,
-1.07300e-02,-6.36e-01,
-1.07280e-02,-7.16e-01,
-1.07260e-02,-7.00e-01,
-1.07240e-02,-7.24e-01,
-1.07220e-02,-7.24e-01,
-1.07200e-02,-6.84e-01,
-1.07180e-02,-6.52e-01,
-1.07160e-02,-6.52e-01,
-1.07140e-02,-6.40e-01,
-1.07120e-02,-6.40e-01,
-1.07100e-02,-6.20e-01,
-1.07080e-02,-6.12e-01,
-1.07060e-02,-6.20e-01,
-1.07040e-02,-6.08e-01,
-1.07020e-02,-6.04e-01,
-1.07000e-02,-6.00e-01,
-1.06980e-02,-6.08e-01,
-1.06960e-02,-6.16e-01,
-1.06940e-02,-6.16e-01,
-1.06920e-02,-6.12e-01,
-1.06900e-02,-5.96e-01,
-1.06880e-02,-6.00e-01,
-1.06860e-02,-6.04e-01,
-1.06840e-02,-6.36e-01,
-1.06820e-02,-7.24e-01,
-1.06800e-02,-7.16e-01,
-1.06780e-02,-7.24e-01,
-1.06760e-02,-7.12e-01,
-1.06740e-02,-6.80e-01,
-1.06720e-02,-6.56e-01,
-1.06700e-02,-6.60e-01,
-1.06680e-02,-6.52e-01,
-1.06660e-02,-6.40e-01,
-1.06640e-02,-6.16e-01,
-1.06620e-02,-6.04e-01,
-1.06600e-02,-6.12e-01,
-1.06580e-02,-6.16e-01,
-1.06560e-02,-6.20e-01,
-1.06540e-02,-6.20e-01,
-1.06520e-02,-6.20e-01,
-1.06500e-02,-6.24e-01,
-1.06480e-02,-6.24e-01,
-1.06460e-02,-6.04e-01,
-1.06440e-02,-5.92e-01,
-1.06420e-02,-5.88e-01,
-1.06400e-02,-5.96e-01,
-1.06380e-02,-5.92e-01,
-1.06360e-02,-6.68e-01,
-1.06340e-02,-6.68e-01,
-1.06320e-02,-7.16e-01,
-1.06300e-02,-7.12e-01,
-1.06280e-02,-6.76e-01,
-1.06260e-02,-6.76e-01,
-1.06240e-02,-6.68e-01,
-1.06220e-02,-6.52e-01,
-1.06200e-02,-6.48e-01,
-1.06180e-02,-6.44e-01,
-1.06160e-02,-6.36e-01,
-1.06140e-02,-6.32e-01,
-1.06120e-02,-6.08e-01,
-1.06100e-02,-6.00e-01,
-1.06080e-02,-6.24e-01,
-1.06060e-02,-6.16e-01,
-1.06040e-02,-6.16e-01,
-1.06020e-02,-6.28e-01,
-1.06000e-02,-6.24e-01,
-1.05980e-02,-6.24e-01,
-1.05960e-02,-6.24e-01,
-1.05940e-02,-6.24e-01,
-1.05920e-02,-6.24e-01,
-1.05900e-02,-6.36e-01,
-1.05880e-02,-6.56e-01,
-1.05860e-02,-6.96e-01,
-1.05840e-02,-7.04e-01,
-1.05820e-02,-7.08e-01,
-1.05800e-02,-6.92e-01,
-1.05780e-02,-6.80e-01,
-1.05760e-02,-6.64e-01,
-1.05740e-02,-6.36e-01,
-1.05720e-02,-6.32e-01,
-1.05700e-02,-6.36e-01,
-1.05680e-02,-6.40e-01,
-1.05660e-02,-6.28e-01,
-1.05640e-02,-6.32e-01,
-1.05620e-02,-6.44e-01,
-1.05600e-02,-6.44e-01,
-1.05580e-02,-6.36e-01,
-1.05560e-02,-6.44e-01,
-1.05540e-02,-6.40e-01,
-1.05520e-02,-6.28e-01,
-1.05500e-02,-6.24e-01,
-1.05480e-02,-6.24e-01,
-1.05460e-02,-6.28e-01,
-1.05440e-02,-6.28e-01,
-1.05420e-02,-6.36e-01,
-1.05400e-02,-6.80e-01,
-1.05380e-02,-7.00e-01,
-1.05360e-02,-6.96e-01,
-1.05340e-02,-7.12e-01,
-1.05320e-02,-6.96e-01,
-1.05300e-02,-6.68e-01,
-1.05280e-02,-6.44e-01,
-1.05260e-02,-6.52e-01,
-1.05240e-02,-6.40e-01,
-1.05220e-02,-6.40e-01,
-1.05200e-02,-6.32e-01,
-1.05180e-02,-6.36e-01,
-1.05160e-02,-6.28e-01,
-1.05140e-02,-6.36e-01,
-1.05120e-02,-6.52e-01,
-1.05100e-02,-6.44e-01,
-1.05080e-02,-6.36e-01,
-1.05060e-02,-6.40e-01,
-1.05040e-02,-6.48e-01,
-1.05020e-02,-6.40e-01,
-1.05000e-02,-6.32e-01,
-1.04980e-02,-6.68e-01,
-1.04960e-02,-6.64e-01,
-1.04940e-02,-6.84e-01,
-1.04920e-02,-7.04e-01,
-1.04900e-02,-7.00e-01,
-1.04880e-02,-6.76e-01,
-1.04860e-02,-6.68e-01,
-1.04840e-02,-6.52e-01,
-1.04820e-02,-6.40e-01,
-1.04800e-02,-6.44e-01,
-1.04780e-02,-6.44e-01,
-1.04760e-02,-6.48e-01,
-1.04740e-02,-6.44e-01,
-1.04720e-02,-6.32e-01,
-1.04700e-02,-6.12e-01,
-1.04680e-02,-6.16e-01,
-1.04660e-02,-6.16e-01,
-1.04640e-02,-6.28e-01,
-1.04620e-02,-6.28e-01,
-1.04600e-02,-6.28e-01,
-1.04580e-02,-6.20e-01,
-1.04560e-02,-6.36e-01,
-1.04540e-02,-6.48e-01,
-1.04520e-02,-6.36e-01,
-1.04500e-02,-6.36e-01,
-1.04480e-02,-6.28e-01,
-1.04460e-02,-6.20e-01,
-1.04440e-02,-6.20e-01,
-1.04420e-02,-6.32e-01,
-1.04400e-02,-6.40e-01,
-1.04380e-02,-6.36e-01,
-1.04360e-02,-6.28e-01,
-1.04340e-02,-6.28e-01,
-1.04320e-02,-6.32e-01,
-1.04300e-02,-6.48e-01,
-1.04280e-02,-6.36e-01,
-1.04260e-02,-6.20e-01,
-1.04240e-02,-6.32e-01,
-1.04220e-02,-6.32e-01,
-1.04200e-02,-6.16e-01,
-1.04180e-02,-6.24e-01,
-1.04160e-02,-6.32e-01,
-1.04140e-02,-6.36e-01,
-1.04120e-02,-6.36e-01,
-1.04100e-02,-6.36e-01,
-1.04080e-02,-6.32e-01,
-1.04060e-02,-6.44e-01,
-1.04040e-02,-6.44e-01,
-1.04020e-02,-6.56e-01,
-1.04000e-02,-6.60e-01,
-1.03980e-02,-6.44e-01,
-1.03960e-02,-6.52e-01,
-1.03940e-02,-6.64e-01,
-1.03920e-02,-6.48e-01,
-1.03900e-02,-6.52e-01,
-1.03880e-02,-6.56e-01,
-1.03860e-02,-6.64e-01,
-1.03840e-02,-6.64e-01,
-1.03820e-02,-6.68e-01,
-1.03800e-02,-6.52e-01,
-1.03780e-02,-6.48e-01,
-1.03760e-02,-6.44e-01,
-1.03740e-02,-6.40e-01,
-1.03720e-02,-6.36e-01,
-1.03700e-02,-6.36e-01,
-1.03680e-02,-6.40e-01,
-1.03660e-02,-6.44e-01,
-1.03640e-02,-6.60e-01,
-1.03620e-02,-6.44e-01,
-1.03600e-02,-6.48e-01,
-1.03580e-02,-6.52e-01,
-1.03560e-02,-6.52e-01,
-1.03540e-02,-6.36e-01,
-1.03520e-02,-6.48e-01,
-1.03500e-02,-6.44e-01,
-1.03480e-02,-6.48e-01,
-1.03460e-02,-6.52e-01,
-1.03440e-02,-6.68e-01,
-1.03420e-02,-6.52e-01,
-1.03400e-02,-6.48e-01,
-1.03380e-02,-6.44e-01,
-1.03360e-02,-6.36e-01,
-1.03340e-02,-6.52e-01,
-1.03320e-02,-6.44e-01,
-1.03300e-02,-6.44e-01,
-1.03280e-02,-6.44e-01,
-1.03260e-02,-6.48e-01,
-1.03240e-02,-6.44e-01,
-1.03220e-02,-6.52e-01,
-1.03200e-02,-6.60e-01,
-1.03180e-02,-6.48e-01,
-1.03160e-02,-6.36e-01,
-1.03140e-02,-6.36e-01,
-1.03120e-02,-6.32e-01,
-1.03100e-02,-6.36e-01,
-1.03080e-02,-6.40e-01,
-1.03060e-02,-6.44e-01,
-1.03040e-02,-6.44e-01,
-1.03020e-02,-6.60e-01,
-1.03000e-02,-6.52e-01,
-1.02980e-02,-6.44e-01,
-1.02960e-02,-6.44e-01,
-1.02940e-02,-6.44e-01,
-1.02920e-02,-6.48e-01,
-1.02900e-02,-6.48e-01,
-1.02880e-02,-6.48e-01,
-1.02860e-02,-6.44e-01,
-1.02840e-02,-6.28e-01,
-1.02820e-02,-6.48e-01,
-1.02800e-02,-7.16e-01,
-1.02780e-02,-7.32e-01,
-1.02760e-02,-7.40e-01,
-1.02740e-02,-7.32e-01,
-1.02720e-02,-7.16e-01,
-1.02700e-02,-6.80e-01,
-1.02680e-02,-6.76e-01,
-1.02660e-02,-6.68e-01,
-1.02640e-02,-6.64e-01,
-1.02620e-02,-6.68e-01,
-1.02600e-02,-6.68e-01,
-1.02580e-02,-6.68e-01,
-1.02560e-02,-6.60e-01,
-1.02540e-02,-6.44e-01,
-1.02520e-02,-6.48e-01,
-1.02500e-02,-6.36e-01,
-1.02480e-02,-6.36e-01,
-1.02460e-02,-6.32e-01,
-1.02440e-02,-6.28e-01,
-1.02420e-02,-6.28e-01,
-1.02400e-02,-6.28e-01,
-1.02380e-02,-6.24e-01,
-1.02360e-02,-6.28e-01,
-1.02340e-02,-6.84e-01,
-1.02320e-02,-7.00e-01,
-1.02300e-02,-7.40e-01,
-1.02280e-02,-7.48e-01,
-1.02260e-02,-7.48e-01,
-1.02240e-02,-7.24e-01,
-1.02220e-02,-7.16e-01,
-1.02200e-02,-6.68e-01,
-1.02180e-02,-6.60e-01,
-1.02160e-02,-6.20e-01,
-1.02140e-02,-6.36e-01,
-1.02120e-02,-6.36e-01,
-1.02100e-02,-6.40e-01,
-1.02080e-02,-6.36e-01,
-1.02060e-02,-6.32e-01,
-1.02040e-02,-6.28e-01,
-1.02020e-02,-6.28e-01,
-1.02000e-02,-6.20e-01,
-1.01980e-02,-6.20e-01,
-1.01960e-02,-6.08e-01,
-1.01940e-02,-6.20e-01,
-1.01920e-02,-6.00e-01,
-1.01900e-02,-6.12e-01,
-1.01880e-02,-6.64e-01,
-1.01860e-02,-6.76e-01,
-1.01840e-02,-7.20e-01,
-1.01820e-02,-7.32e-01,
-1.01800e-02,-7.16e-01,
-1.01780e-02,-7.04e-01,
-1.01760e-02,-6.88e-01,
-1.01740e-02,-6.68e-01,
-1.01720e-02,-6.52e-01,
-1.01700e-02,-6.16e-01,
-1.01680e-02,-6.12e-01,
-1.01660e-02,-6.20e-01,
-1.01640e-02,-6.16e-01,
-1.01620e-02,-6.16e-01,
-1.01600e-02,-6.24e-01,
-1.01580e-02,-6.16e-01,
-1.01560e-02,-6.04e-01,
-1.01540e-02,-6.16e-01,
-1.01520e-02,-6.16e-01,
-1.01500e-02,-6.20e-01,
-1.01480e-02,-6.16e-01,
-1.01460e-02,-6.16e-01,
-1.01440e-02,-6.12e-01,
-1.01420e-02,-6.64e-01,
-1.01400e-02,-6.60e-01,
-1.01380e-02,-7.16e-01,
-1.01360e-02,-7.32e-01,
-1.01340e-02,-7.28e-01,
-1.01320e-02,-7.08e-01,
-1.01300e-02,-7.00e-01,
-1.01280e-02,-6.68e-01,
-1.01260e-02,-6.40e-01,
-1.01240e-02,-6.48e-01,
-1.01220e-02,-6.48e-01,
-1.01200e-02,-6.48e-01,
-1.01180e-02,-6.48e-01,
-1.01160e-02,-6.44e-01,
-1.01140e-02,-6.28e-01,
-1.01120e-02,-6.32e-01,
-1.01100e-02,-6.20e-01,
-1.01080e-02,-6.16e-01,
-1.01060e-02,-6.04e-01,
-1.01040e-02,-6.16e-01,
-1.01020e-02,-6.16e-01,
-1.01000e-02,-6.08e-01,
-1.00980e-02,-6.08e-01,
-1.00960e-02,-6.56e-01,
-1.00940e-02,-6.52e-01,
-1.00920e-02,-6.96e-01,
-1.00900e-02,-7.20e-01,
-1.00880e-02,-7.04e-01,
-1.00860e-02,-7.00e-01,
-1.00840e-02,-6.80e-01,
-1.00820e-02,-6.60e-01,
-1.00800e-02,-6.36e-01,
-1.00780e-02,-6.28e-01,
-1.00760e-02,-6.16e-01,
-1.00740e-02,-6.12e-01,
-1.00720e-02,-6.12e-01,
-1.00700e-02,-6.20e-01,
-1.00680e-02,-6.20e-01,
-1.00660e-02,-6.20e-01,
-1.00640e-02,-6.08e-01,
-1.00620e-02,-6.20e-01,
-1.00600e-02,-6.16e-01,
-1.00580e-02,-6.16e-01,
-1.00560e-02,-6.20e-01,
-1.00540e-02,-6.20e-01,
-1.00520e-02,-6.28e-01,
-1.00500e-02,-6.44e-01,
-1.00480e-02,-6.48e-01,
-1.00460e-02,-6.80e-01,
-1.00440e-02,-7.08e-01,
-1.00420e-02,-6.80e-01,
-1.00400e-02,-6.80e-01,
-1.00380e-02,-6.72e-01,
-1.00360e-02,-6.68e-01,
-1.00340e-02,-6.64e-01,
-1.00320e-02,-6.24e-01,
-1.00300e-02,-6.32e-01,
-1.00280e-02,-6.32e-01,
-1.00260e-02,-6.28e-01,
-1.00240e-02,-6.32e-01,
-1.00220e-02,-6.04e-01,
-1.00200e-02,-6.04e-01,
-1.00180e-02,-6.16e-01,
-1.00160e-02,-6.20e-01,
-1.00140e-02,-6.44e-01,
-1.00120e-02,-6.36e-01,
-1.00100e-02,-6.32e-01,
-1.00080e-02,-6.36e-01,
-1.00060e-02,-6.24e-01,
-1.00040e-02,-6.36e-01,
-1.00020e-02,-6.36e-01,
-1.00000e-02,-6.68e-01,
-9.99800e-03,-7.08e-01,
-9.99600e-03,-7.12e-01,
-9.99400e-03,-7.00e-01,
-9.99200e-03,-6.76e-01,
-9.99000e-03,-6.64e-01,
-9.98800e-03,-6.44e-01,
-9.98600e-03,-6.24e-01,
-9.98400e-03,-6.16e-01,
-9.98200e-03,-6.12e-01,
-9.98000e-03,-6.24e-01,
-9.97800e-03,-6.24e-01,
-9.97600e-03,-6.32e-01,
-9.97400e-03,-6.36e-01,
-9.97200e-03,-6.24e-01,
-9.97000e-03,-6.20e-01,
-9.96800e-03,-6.16e-01,
-9.96600e-03,-6.24e-01,
-9.96400e-03,-6.24e-01,
-9.96200e-03,-6.28e-01,
-9.96000e-03,-6.24e-01,
-9.95800e-03,-6.36e-01,
-9.95600e-03,-6.32e-01,
-9.95400e-03,-6.60e-01,
-9.95200e-03,-6.80e-01,
-9.95000e-03,-7.00e-01,
-9.94800e-03,-6.96e-01,
-9.94600e-03,-6.96e-01,
-9.94400e-03,-6.80e-01,
-9.94200e-03,-6.40e-01,
-9.94000e-03,-6.40e-01,
-9.93800e-03,-6.36e-01,
-9.93600e-03,-6.32e-01,
-9.93400e-03,-6.20e-01,
-9.93200e-03,-6.08e-01,
-9.93000e-03,-6.28e-01,
-9.92800e-03,-6.28e-01,
-9.92600e-03,-6.36e-01,
-9.92400e-03,-6.28e-01,
-9.92200e-03,-6.32e-01,
-9.92000e-03,-6.28e-01,
-9.91800e-03,-6.44e-01,
-9.91600e-03,-6.48e-01,
-9.91400e-03,-6.28e-01,
-9.91200e-03,-6.20e-01,
-9.91000e-03,-6.16e-01,
-9.90800e-03,-6.12e-01,
-9.90600e-03,-6.04e-01,
-9.90400e-03,-6.08e-01,
-9.90200e-03,-6.08e-01,
-9.90000e-03,-6.16e-01,
-9.89800e-03,-6.24e-01,
-9.89600e-03,-6.36e-01,
-9.89400e-03,-6.36e-01,
-9.89200e-03,-6.36e-01,
-9.89000e-03,-6.24e-01,
-9.88800e-03,-6.20e-01,
-9.88600e-03,-6.16e-01,
-9.88400e-03,-6.28e-01,
-9.88200e-03,-6.28e-01,
-9.88000e-03,-6.40e-01,
-9.87800e-03,-6.52e-01,
-9.87600e-03,-6.64e-01,
-9.87400e-03,-6.64e-01,
-9.87200e-03,-6.40e-01,
-9.87000e-03,-6.40e-01,
-9.86800e-03,-6.40e-01,
-9.86600e-03,-6.40e-01,
-9.86400e-03,-6.36e-01,
-9.86200e-03,-6.44e-01,
-9.86000e-03,-6.28e-01,
-9.85800e-03,-6.36e-01,
-9.85600e-03,-6.32e-01,
-9.85400e-03,-6.44e-01,
-9.85200e-03,-6.32e-01,
-9.85000e-03,-6.32e-01,
-9.84800e-03,-6.32e-01,
-9.84600e-03,-6.36e-01,
-9.84400e-03,-6.24e-01,
-9.84200e-03,-6.44e-01,
-9.84000e-03,-6.48e-01,
-9.83800e-03,-6.48e-01,
-9.83600e-03,-6.52e-01,
-9.83400e-03,-6.52e-01,
-9.83200e-03,-6.44e-01,
-9.83000e-03,-6.52e-01,
-9.82800e-03,-6.52e-01,
-9.82600e-03,-6.48e-01,
-9.82400e-03,-6.40e-01,
-9.82200e-03,-6.36e-01,
-9.82000e-03,-6.36e-01,
-9.81800e-03,-6.36e-01,
-9.81600e-03,-6.40e-01,
-9.81400e-03,-6.60e-01,
-9.81200e-03,-6.68e-01,
-9.81000e-03,-6.68e-01,
-9.80800e-03,-6.64e-01,
-9.80600e-03,-6.48e-01,
-9.80400e-03,-6.68e-01,
-9.80200e-03,-6.52e-01,
-9.80000e-03,-6.56e-01,
-9.79800e-03,-6.64e-01,
-9.79600e-03,-6.52e-01,
-9.79400e-03,-6.48e-01,
-9.79200e-03,-6.48e-01,
-9.79000e-03,-6.52e-01,
-9.78800e-03,-6.44e-01,
-9.78600e-03,-6.36e-01,
-9.78400e-03,-6.48e-01,
-9.78200e-03,-6.52e-01,
-9.78000e-03,-6.56e-01,
-9.77800e-03,-6.68e-01,
-9.77600e-03,-6.48e-01,
-9.77400e-03,-6.52e-01,
-9.77200e-03,-6.52e-01,
-9.77000e-03,-6.52e-01,
-9.76800e-03,-6.56e-01,
-9.76600e-03,-6.60e-01,
-9.76400e-03,-6.60e-01,
-9.76200e-03,-6.52e-01,
-9.76000e-03,-6.48e-01,
-9.75800e-03,-6.52e-01,
-9.75600e-03,-6.36e-01,
-9.75400e-03,-6.20e-01,
-9.75200e-03,-6.24e-01,
-9.75000e-03,-6.20e-01,
-9.74800e-03,-6.36e-01,
-9.74600e-03,-6.36e-01,
-9.74400e-03,-6.44e-01,
-9.74200e-03,-6.72e-01,
-9.74000e-03,-7.08e-01,
-9.73800e-03,-7.12e-01,
-9.73600e-03,-7.08e-01,
-9.73400e-03,-6.92e-01,
-9.73200e-03,-6.84e-01,
-9.73000e-03,-6.84e-01,
-9.72800e-03,-6.88e-01,
-9.72600e-03,-6.76e-01,
-9.72400e-03,-6.64e-01,
-9.72200e-03,-6.76e-01,
-9.72000e-03,-6.60e-01,
-9.71800e-03,-6.52e-01,
-9.71600e-03,-6.56e-01,
-9.71400e-03,-6.48e-01,
-9.71200e-03,-6.36e-01,
-9.71000e-03,-6.40e-01,
-9.70800e-03,-6.44e-01,
-9.70600e-03,-6.40e-01,
-9.70400e-03,-6.20e-01,
-9.70200e-03,-6.24e-01,
-9.70000e-03,-6.20e-01,
-9.69800e-03,-6.12e-01,
-9.69600e-03,-6.56e-01,
-9.69400e-03,-7.28e-01,
-9.69200e-03,-7.32e-01,
-9.69000e-03,-7.48e-01,
-9.68800e-03,-7.28e-01,
-9.68600e-03,-6.92e-01,
-9.68400e-03,-6.92e-01,
-9.68200e-03,-6.92e-01,
-9.68000e-03,-6.76e-01,
-9.67800e-03,-6.56e-01,
-9.67600e-03,-6.60e-01,
-9.67400e-03,-6.56e-01,
-9.67200e-03,-6.60e-01,
-9.67000e-03,-6.44e-01,
-9.66800e-03,-6.28e-01,
-9.66600e-03,-6.24e-01,
-9.66400e-03,-6.20e-01,
-9.66200e-03,-6.08e-01,
-9.66000e-03,-6.16e-01,
-9.65800e-03,-6.20e-01,
-9.65600e-03,-6.24e-01,
-9.65400e-03,-6.20e-01,
-9.65200e-03,-6.24e-01,
-9.65000e-03,-6.80e-01,
-9.64800e-03,-7.36e-01,
-9.64600e-03,-7.44e-01,
-9.64400e-03,-7.48e-01,
-9.64200e-03,-7.32e-01,
-9.64000e-03,-6.84e-01,
-9.63800e-03,-6.76e-01,
-9.63600e-03,-6.68e-01,
-9.63400e-03,-6.64e-01,
-9.63200e-03,-6.56e-01,
-9.63000e-03,-6.40e-01,
-9.62800e-03,-6.40e-01,
-9.62600e-03,-6.20e-01,
-9.62400e-03,-6.16e-01,
-9.62200e-03,-6.28e-01,
-9.62000e-03,-6.28e-01,
-9.61800e-03,-6.28e-01,
-9.61600e-03,-6.12e-01,
-9.61400e-03,-6.20e-01,
-9.61200e-03,-6.20e-01,
-9.61000e-03,-6.20e-01,
-9.60800e-03,-6.16e-01,
-9.60600e-03,-6.12e-01,
-9.60400e-03,-6.52e-01,
-9.60200e-03,-6.92e-01,
-9.60000e-03,-7.16e-01,
-9.59800e-03,-7.04e-01,
-9.59600e-03,-6.96e-01,
-9.59400e-03,-6.80e-01,
-9.59200e-03,-6.68e-01,
-9.59000e-03,-6.52e-01,
-9.58800e-03,-6.44e-01,
-9.58600e-03,-6.32e-01,
-9.58400e-03,-6.16e-01,
-9.58200e-03,-6.20e-01,
-9.58000e-03,-6.20e-01,
-9.57800e-03,-6.20e-01,
-9.57600e-03,-6.28e-01,
-9.57400e-03,-6.08e-01,
-9.57200e-03,-6.16e-01,
-9.57000e-03,-6.12e-01,
-9.56800e-03,-6.04e-01,
-9.56600e-03,-6.20e-01,
-9.56400e-03,-6.16e-01,
-9.56200e-03,-6.08e-01,
-9.56000e-03,-6.32e-01,
-9.55800e-03,-6.84e-01,
-9.55600e-03,-6.92e-01,
-9.55400e-03,-7.16e-01,
-9.55200e-03,-7.20e-01,
-9.55000e-03,-6.96e-01,
-9.54800e-03,-6.60e-01,
-9.54600e-03,-6.68e-01,
-9.54400e-03,-6.52e-01,
-9.54200e-03,-6.52e-01,
-9.54000e-03,-6.28e-01,
-9.53800e-03,-6.12e-01,
-9.53600e-03,-6.12e-01,
-9.53400e-03,-6.04e-01,
-9.53200e-03,-6.04e-01,
-9.53000e-03,-6.20e-01,
-9.52800e-03,-6.16e-01,
-9.52600e-03,-6.20e-01,
-9.52400e-03,-6.16e-01,
-9.52200e-03,-6.08e-01,
-9.52000e-03,-6.32e-01,
-9.51800e-03,-6.20e-01,
-9.51600e-03,-6.28e-01,
-9.51400e-03,-6.20e-01,
-9.51200e-03,-6.44e-01,
-9.51000e-03,-6.84e-01,
-9.50800e-03,-7.04e-01,
-9.50600e-03,-7.00e-01,
-9.50400e-03,-6.84e-01,
-9.50200e-03,-6.48e-01,
-9.50000e-03,-6.44e-01,
-9.49800e-03,-6.24e-01,
-9.49600e-03,-6.20e-01,
-9.49400e-03,-6.20e-01,
-9.49200e-03,-6.04e-01,
-9.49000e-03,-6.12e-01,
-9.48800e-03,-6.08e-01,
-9.48600e-03,-6.12e-01,
-9.48400e-03,-6.36e-01,
-9.48200e-03,-6.24e-01,
-9.48000e-03,-6.24e-01,
-9.47800e-03,-6.24e-01,
-9.47600e-03,-6.20e-01,
-9.47400e-03,-6.16e-01,
-9.47200e-03,-6.12e-01,
-9.47000e-03,-6.04e-01,
-9.46800e-03,-6.04e-01,
-9.46600e-03,-6.60e-01,
-9.46400e-03,-6.76e-01,
-9.46200e-03,-7.00e-01,
-9.46000e-03,-6.96e-01,
-9.45800e-03,-7.00e-01,
-9.45600e-03,-6.84e-01,
-9.45400e-03,-6.68e-01,
-9.45200e-03,-6.48e-01,
-9.45000e-03,-6.36e-01,
-9.44800e-03,-6.28e-01,
-9.44600e-03,-6.08e-01,
-9.44400e-03,-6.12e-01,
-9.44200e-03,-6.20e-01,
-9.44000e-03,-6.20e-01,
-9.43800e-03,-6.28e-01,
-9.43600e-03,-6.16e-01,
-9.43400e-03,-6.04e-01,
-9.43200e-03,-6.20e-01,
-9.43000e-03,-6.36e-01,
-9.42800e-03,-6.20e-01,
-9.42600e-03,-6.20e-01,
-9.42400e-03,-6.20e-01,
-9.42200e-03,-6.08e-01,
-9.42000e-03,-6.52e-01,
-9.41800e-03,-6.56e-01,
-9.41600e-03,-6.96e-01,
-9.41400e-03,-7.12e-01,
-9.41200e-03,-7.04e-01,
-9.41000e-03,-6.76e-01,
-9.40800e-03,-6.60e-01,
-9.40600e-03,-6.44e-01,
-9.40400e-03,-6.36e-01,
-9.40200e-03,-6.36e-01,
-9.40000e-03,-6.32e-01,
-9.39800e-03,-6.36e-01,
-9.39600e-03,-6.24e-01,
-9.39400e-03,-6.16e-01,
-9.39200e-03,-6.24e-01,
-9.39000e-03,-6.20e-01,
-9.38800e-03,-6.32e-01,
-9.38600e-03,-6.36e-01,
-9.38400e-03,-6.28e-01,
-9.38200e-03,-6.16e-01,
-9.38000e-03,-6.20e-01,
-9.37800e-03,-6.24e-01,
-9.37600e-03,-6.20e-01,
-9.37400e-03,-6.16e-01,
-9.37200e-03,-6.12e-01,
-9.37000e-03,-6.12e-01,
-9.36800e-03,-6.28e-01,
-9.36600e-03,-6.32e-01,
-9.36400e-03,-6.20e-01,
-9.36200e-03,-6.20e-01,
-9.36000e-03,-6.24e-01,
-9.35800e-03,-6.20e-01,
-9.35600e-03,-6.20e-01,
-9.35400e-03,-6.24e-01,
-9.35200e-03,-6.24e-01,
-9.35000e-03,-6.24e-01,
-9.34800e-03,-6.24e-01,
-9.34600e-03,-6.04e-01,
-9.34400e-03,-6.12e-01,
-9.34200e-03,-6.12e-01,
-9.34000e-03,-6.28e-01,
-9.33800e-03,-6.52e-01,
-9.33600e-03,-6.36e-01,
-9.33400e-03,-6.32e-01,
-9.33200e-03,-6.36e-01,
-9.33000e-03,-6.36e-01,
-9.32800e-03,-6.64e-01,
-9.32600e-03,-6.52e-01,
-9.32400e-03,-6.36e-01,
-9.32200e-03,-6.36e-01,
-9.32000e-03,-6.24e-01,
-9.31800e-03,-6.36e-01,
-9.31600e-03,-6.40e-01,
-9.31400e-03,-6.36e-01,
-9.31200e-03,-6.44e-01,
-9.31000e-03,-6.44e-01,
-9.30800e-03,-6.44e-01,
-9.30600e-03,-6.48e-01,
-9.30400e-03,-6.44e-01,
-9.30200e-03,-6.32e-01,
-9.30000e-03,-6.36e-01,
-9.29800e-03,-6.32e-01,
-9.29600e-03,-6.40e-01,
-9.29400e-03,-6.48e-01,
-9.29200e-03,-6.40e-01,
-9.29000e-03,-6.44e-01,
-9.28800e-03,-6.44e-01,
-9.28600e-03,-6.48e-01,
-9.28400e-03,-6.48e-01,
-9.28200e-03,-6.28e-01,
-9.28000e-03,-6.32e-01,
-9.27800e-03,-6.32e-01,
-9.27600e-03,-6.40e-01,
-9.27400e-03,-6.52e-01,
-9.27200e-03,-6.44e-01,
-9.27000e-03,-6.48e-01,
-9.26800e-03,-6.36e-01,
-9.26600e-03,-6.32e-01,
-9.26400e-03,-6.36e-01,
-9.26200e-03,-6.36e-01,
-9.26000e-03,-6.32e-01,
-9.25800e-03,-6.44e-01,
-9.25600e-03,-6.36e-01,
-9.25400e-03,-6.36e-01,
-9.25200e-03,-6.36e-01,
-9.25000e-03,-6.52e-01,
-9.24800e-03,-6.44e-01,
-9.24600e-03,-6.64e-01,
-9.24400e-03,-6.48e-01,
-9.24200e-03,-6.36e-01,
-9.24000e-03,-6.52e-01,
-9.23800e-03,-6.36e-01,
-9.23600e-03,-6.48e-01,
-9.23400e-03,-6.48e-01,
-9.23200e-03,-6.52e-01,
-9.23000e-03,-6.60e-01,
-9.22800e-03,-6.48e-01,
-9.22600e-03,-6.48e-01,
-9.22400e-03,-6.40e-01,
-9.22200e-03,-6.36e-01,
-9.22000e-03,-6.48e-01,
-9.21800e-03,-6.48e-01,
-9.21600e-03,-6.52e-01,
-9.21400e-03,-6.48e-01,
-9.21200e-03,-6.52e-01,
-9.21000e-03,-6.36e-01,
-9.20800e-03,-6.68e-01,
-9.20600e-03,-6.84e-01,
-9.20400e-03,-7.16e-01,
-9.20200e-03,-7.32e-01,
-9.20000e-03,-7.24e-01,
-9.19800e-03,-7.24e-01,
-9.19600e-03,-7.00e-01,
-9.19400e-03,-6.68e-01,
-9.19200e-03,-6.52e-01,
-9.19000e-03,-6.52e-01,
-9.18800e-03,-6.52e-01,
-9.18600e-03,-6.52e-01,
-9.18400e-03,-6.52e-01,
-9.18200e-03,-6.28e-01,
-9.18000e-03,-6.40e-01,
-9.17800e-03,-6.52e-01,
-9.17600e-03,-6.40e-01,
-9.17400e-03,-6.28e-01,
-9.17200e-03,-6.24e-01,
-9.17000e-03,-6.20e-01,
-9.16800e-03,-6.12e-01,
-9.16600e-03,-6.04e-01,
-9.16400e-03,-6.36e-01,
-9.16200e-03,-6.52e-01,
-9.16000e-03,-6.96e-01,
-9.15800e-03,-7.16e-01,
-9.15600e-03,-7.48e-01,
-9.15400e-03,-7.28e-01,
-9.15200e-03,-7.20e-01,
-9.15000e-03,-6.88e-01,
-9.14800e-03,-6.64e-01,
-9.14600e-03,-6.56e-01,
-9.14400e-03,-6.48e-01,
-9.14200e-03,-6.48e-01,
-9.14000e-03,-6.44e-01,
-9.13800e-03,-6.36e-01,
-9.13600e-03,-6.28e-01,
-9.13400e-03,-6.28e-01,
-9.13200e-03,-6.20e-01,
-9.13000e-03,-6.20e-01,
-9.12800e-03,-6.16e-01,
-9.12600e-03,-6.28e-01,
-9.12400e-03,-6.32e-01,
-9.12200e-03,-6.28e-01,
-9.12000e-03,-6.28e-01,
-9.11800e-03,-6.36e-01,
-9.11600e-03,-6.52e-01,
-9.11400e-03,-7.00e-01,
-9.11200e-03,-7.28e-01,
-9.11000e-03,-7.52e-01,
-9.10800e-03,-7.32e-01,
-9.10600e-03,-7.24e-01,
-9.10400e-03,-7.04e-01,
-9.10200e-03,-6.68e-01,
-9.10000e-03,-6.16e-01,
-9.09800e-03,-6.16e-01,
-9.09600e-03,-6.12e-01,
-9.09400e-03,-6.08e-01,
-9.09200e-03,-6.12e-01,
-9.09000e-03,-6.16e-01,
-9.08800e-03,-6.20e-01,
-9.08600e-03,-6.28e-01,
-9.08400e-03,-6.28e-01,
-9.08200e-03,-5.96e-01,
-9.08000e-03,-5.92e-01,
-9.07800e-03,-5.80e-01,
-9.07600e-03,-5.88e-01,
-9.07400e-03,-6.12e-01,
-9.07200e-03,-6.32e-01,
-9.07000e-03,-6.36e-01,
-9.06800e-03,-6.84e-01,
-9.06600e-03,-7.12e-01,
-9.06400e-03,-7.32e-01,
-9.06200e-03,-7.16e-01,
-9.06000e-03,-7.12e-01,
-9.05800e-03,-7.04e-01,
-9.05600e-03,-6.76e-01,
-9.05400e-03,-6.44e-01,
-9.05200e-03,-6.44e-01,
-9.05000e-03,-6.28e-01,
-9.04800e-03,-6.36e-01,
-9.04600e-03,-6.40e-01,
-9.04400e-03,-6.20e-01,
-9.04200e-03,-6.16e-01,
-9.04000e-03,-6.20e-01,
-9.03800e-03,-6.20e-01,
-9.03600e-03,-6.16e-01,
-9.03400e-03,-6.20e-01,
-9.03200e-03,-6.12e-01,
-9.03000e-03,-6.16e-01,
-9.02800e-03,-6.16e-01,
-9.02600e-03,-6.32e-01,
-9.02400e-03,-6.32e-01,
-9.02200e-03,-6.68e-01,
-9.02000e-03,-7.12e-01,
-9.01800e-03,-7.12e-01,
-9.01600e-03,-7.16e-01,
-9.01400e-03,-6.96e-01,
-9.01200e-03,-6.52e-01,
-9.01000e-03,-6.32e-01,
-9.00800e-03,-6.20e-01,
-9.00600e-03,-6.20e-01,
-9.00400e-03,-6.24e-01,
-9.00200e-03,-6.28e-01,
-9.00000e-03,-6.20e-01,
-8.99800e-03,-6.04e-01,
-8.99600e-03,-6.04e-01,
-8.99400e-03,-6.04e-01,
-8.99200e-03,-6.00e-01,
-8.99000e-03,-6.24e-01,
-8.98800e-03,-6.20e-01,
-8.98600e-03,-6.20e-01,
-8.98400e-03,-6.12e-01,
-8.98200e-03,-6.08e-01,
-8.98000e-03,-6.04e-01,
-8.97800e-03,-6.12e-01,
-8.97600e-03,-6.60e-01,
-8.97400e-03,-6.80e-01,
-8.97200e-03,-6.96e-01,
-8.97000e-03,-6.92e-01,
-8.96800e-03,-6.88e-01,
-8.96600e-03,-6.88e-01,
-8.96400e-03,-6.68e-01,
-8.96200e-03,-6.52e-01,
-8.96000e-03,-6.40e-01,
-8.95800e-03,-6.36e-01,
-8.95600e-03,-6.24e-01,
-8.95400e-03,-6.28e-01,
-8.95200e-03,-6.20e-01,
-8.95000e-03,-6.20e-01,
-8.94800e-03,-6.24e-01,
-8.94600e-03,-6.24e-01,
-8.94400e-03,-6.28e-01,
-8.94200e-03,-6.20e-01,
-8.94000e-03,-6.04e-01,
-8.93800e-03,-6.24e-01,
-8.93600e-03,-6.32e-01,
-8.93400e-03,-6.20e-01,
-8.93200e-03,-6.20e-01,
-8.93000e-03,-6.28e-01,
-8.92800e-03,-6.68e-01,
-8.92600e-03,-7.00e-01,
-8.92400e-03,-6.96e-01,
-8.92200e-03,-6.92e-01,
-8.92000e-03,-6.76e-01,
-8.91800e-03,-6.40e-01,
-8.91600e-03,-6.28e-01,
-8.91400e-03,-6.28e-01,
-8.91200e-03,-6.32e-01,
-8.91000e-03,-6.36e-01,
-8.90800e-03,-6.36e-01,
-8.90600e-03,-6.36e-01,
-8.90400e-03,-6.36e-01,
-8.90200e-03,-6.28e-01,
-8.90000e-03,-6.20e-01,
-8.89800e-03,-6.04e-01,
-8.89600e-03,-6.04e-01,
-8.89400e-03,-6.12e-01,
-8.89200e-03,-6.16e-01,
-8.89000e-03,-6.00e-01,
-8.88800e-03,-6.04e-01,
-8.88600e-03,-6.04e-01,
-8.88400e-03,-6.28e-01,
-8.88200e-03,-6.96e-01,
-8.88000e-03,-7.00e-01,
-8.87800e-03,-7.16e-01,
-8.87600e-03,-7.00e-01,
-8.87400e-03,-6.84e-01,
-8.87200e-03,-6.76e-01,
-8.87000e-03,-6.68e-01,
-8.86800e-03,-6.68e-01,
-8.86600e-03,-6.64e-01,
-8.86400e-03,-6.40e-01,
-8.86200e-03,-6.52e-01,
-8.86000e-03,-6.48e-01,
-8.85800e-03,-6.48e-01,
-8.85600e-03,-6.44e-01,
-8.85400e-03,-6.16e-01,
-8.85200e-03,-6.28e-01,
-8.85000e-03,-6.20e-01,
-8.84800e-03,-6.20e-01,
-8.84600e-03,-6.36e-01,
-8.84400e-03,-6.36e-01,
-8.84200e-03,-6.36e-01,
-8.84000e-03,-6.32e-01,
-8.83800e-03,-6.20e-01,
-8.83600e-03,-6.12e-01,
-8.83400e-03,-5.96e-01,
-8.83200e-03,-6.04e-01,
-8.83000e-03,-6.28e-01,
-8.82800e-03,-6.32e-01,
-8.82600e-03,-6.20e-01,
-8.82400e-03,-6.28e-01,
-8.82200e-03,-6.24e-01,
-8.82000e-03,-6.28e-01,
-8.81800e-03,-6.32e-01,
-8.81600e-03,-6.36e-01,
-8.81400e-03,-6.40e-01,
-8.81200e-03,-6.36e-01,
-8.81000e-03,-6.36e-01,
-8.80800e-03,-6.52e-01,
-8.80600e-03,-6.28e-01,
-8.80400e-03,-6.24e-01,
-8.80200e-03,-6.28e-01,
-8.80000e-03,-6.24e-01,
-8.79800e-03,-6.24e-01,
-8.79600e-03,-6.28e-01,
-8.79400e-03,-6.28e-01,
-8.79200e-03,-6.28e-01,
-8.79000e-03,-6.36e-01,
-8.78800e-03,-6.44e-01,
-8.78600e-03,-6.48e-01,
-8.78400e-03,-6.44e-01,
-8.78200e-03,-6.40e-01,
-8.78000e-03,-6.40e-01,
-8.77800e-03,-6.44e-01,
-8.77600e-03,-6.48e-01,
-8.77400e-03,-6.52e-01,
-8.77200e-03,-6.60e-01,
-8.77000e-03,-6.48e-01,
-8.76800e-03,-6.52e-01,
-8.76600e-03,-6.48e-01,
-8.76400e-03,-6.44e-01,
-8.76200e-03,-6.56e-01,
-8.76000e-03,-6.60e-01,
-8.75800e-03,-6.68e-01,
-8.75600e-03,-6.80e-01,
-8.75400e-03,-6.68e-01,
-8.75200e-03,-6.76e-01,
-8.75000e-03,-6.68e-01,
-8.74800e-03,-6.44e-01,
-8.74600e-03,-6.52e-01,
-8.74400e-03,-6.32e-01,
-8.74200e-03,-6.36e-01,
-8.74000e-03,-6.32e-01,
-8.73800e-03,-6.40e-01,
-8.73600e-03,-6.52e-01,
-8.73400e-03,-6.36e-01,
-8.73200e-03,-6.40e-01,
-8.73000e-03,-6.36e-01,
-8.72800e-03,-6.44e-01,
-8.72600e-03,-6.52e-01,
-8.72400e-03,-6.52e-01,
-8.72200e-03,-6.48e-01,
-8.72000e-03,-6.36e-01,
-8.71800e-03,-6.32e-01,
-8.71600e-03,-6.32e-01,
-8.71400e-03,-6.36e-01,
-8.71200e-03,-6.36e-01,
-8.71000e-03,-6.28e-01,
-8.70800e-03,-6.36e-01,
-8.70600e-03,-6.28e-01,
-8.70400e-03,-6.28e-01,
-8.70200e-03,-6.32e-01,
-8.70000e-03,-6.36e-01,
-8.69800e-03,-6.16e-01,
-8.69600e-03,-6.28e-01,
-8.69400e-03,-6.20e-01,
-8.69200e-03,-6.36e-01,
-8.69000e-03,-6.52e-01,
-8.68800e-03,-6.32e-01,
-8.68600e-03,-6.36e-01,
-8.68400e-03,-6.48e-01,
-8.68200e-03,-6.48e-01,
-8.68000e-03,-6.28e-01,
-8.67800e-03,-6.32e-01,
-8.67600e-03,-6.28e-01,
-8.67400e-03,-6.52e-01,
-8.67200e-03,-6.80e-01,
-8.67000e-03,-7.08e-01,
-8.66800e-03,-7.16e-01,
-8.66600e-03,-7.20e-01,
-8.66400e-03,-7.00e-01,
-8.66200e-03,-6.60e-01,
-8.66000e-03,-6.60e-01,
-8.65800e-03,-6.52e-01,
-8.65600e-03,-6.64e-01,
-8.65400e-03,-6.68e-01,
-8.65200e-03,-6.56e-01,
-8.65000e-03,-6.52e-01,
-8.64800e-03,-6.44e-01,
-8.64600e-03,-6.40e-01,
-8.64400e-03,-6.28e-01,
-8.64200e-03,-6.36e-01,
-8.64000e-03,-6.36e-01,
-8.63800e-03,-6.40e-01,
-8.63600e-03,-6.36e-01,
-8.63400e-03,-6.20e-01,
-8.63200e-03,-6.28e-01,
-8.63000e-03,-6.28e-01,
-8.62800e-03,-6.52e-01,
-8.62600e-03,-7.16e-01,
-8.62400e-03,-7.52e-01,
-8.62200e-03,-7.48e-01,
-8.62000e-03,-7.40e-01,
-8.61800e-03,-7.24e-01,
-8.61600e-03,-6.72e-01,
-8.61400e-03,-6.64e-01,
-8.61200e-03,-6.52e-01,
-8.61000e-03,-6.48e-01,
-8.60800e-03,-6.44e-01,
-8.60600e-03,-6.36e-01,
-8.60400e-03,-6.32e-01,
-8.60200e-03,-6.28e-01,
-8.60000e-03,-6.28e-01,
-8.59800e-03,-6.24e-01,
-8.59600e-03,-6.32e-01,
-8.59400e-03,-6.32e-01,
-8.59200e-03,-6.36e-01,
-8.59000e-03,-6.28e-01,
-8.58800e-03,-6.24e-01,
-8.58600e-03,-6.12e-01,
-8.58400e-03,-6.04e-01,
-8.58200e-03,-6.44e-01,
-8.58000e-03,-7.04e-01,
-8.57800e-03,-7.04e-01,
-8.57600e-03,-7.28e-01,
-8.57400e-03,-7.40e-01,
-8.57200e-03,-7.24e-01,
-8.57000e-03,-6.56e-01,
-8.56800e-03,-6.60e-01,
-8.56600e-03,-6.44e-01,
-8.56400e-03,-6.36e-01,
-8.56200e-03,-6.16e-01,
-8.56000e-03,-6.20e-01,
-8.55800e-03,-6.20e-01,
-8.55600e-03,-6.36e-01,
-8.55400e-03,-6.24e-01,
-8.55200e-03,-6.20e-01,
-8.55000e-03,-6.12e-01,
-8.54800e-03,-6.04e-01,
-8.54600e-03,-6.16e-01,
-8.54400e-03,-6.28e-01,
-8.54200e-03,-6.04e-01,
-8.54000e-03,-6.12e-01,
-8.53800e-03,-6.04e-01,
-8.53600e-03,-6.28e-01,
-8.53400e-03,-7.16e-01,
-8.53200e-03,-7.00e-01,
-8.53000e-03,-7.28e-01,
-8.52800e-03,-7.12e-01,
-8.52600e-03,-6.76e-01,
-8.52400e-03,-6.52e-01,
-8.52200e-03,-6.52e-01,
-8.52000e-03,-6.44e-01,
-8.51800e-03,-6.32e-01,
-8.51600e-03,-6.48e-01,
-8.51400e-03,-6.40e-01,
-8.51200e-03,-6.44e-01,
-8.51000e-03,-6.24e-01,
-8.50800e-03,-6.16e-01,
-8.50600e-03,-6.16e-01,
-8.50400e-03,-6.16e-01,
-8.50200e-03,-6.16e-01,
-8.50000e-03,-6.04e-01,
-8.49800e-03,-5.96e-01,
-8.49600e-03,-6.00e-01,
-8.49400e-03,-6.00e-01,
-8.49200e-03,-6.04e-01,
-8.49000e-03,-6.36e-01,
-8.48800e-03,-7.00e-01,
-8.48600e-03,-6.84e-01,
-8.48400e-03,-7.12e-01,
-8.48200e-03,-7.00e-01,
-8.48000e-03,-6.84e-01,
-8.47800e-03,-6.52e-01,
-8.47600e-03,-6.52e-01,
-8.47400e-03,-6.36e-01,
-8.47200e-03,-6.28e-01,
-8.47000e-03,-6.20e-01,
-8.46800e-03,-6.24e-01,
-8.46600e-03,-6.20e-01,
-8.46400e-03,-6.08e-01,
-8.46200e-03,-6.04e-01,
-8.46000e-03,-6.04e-01,
-8.45800e-03,-6.04e-01,
-8.45600e-03,-6.20e-01,
-8.45400e-03,-6.20e-01,
-8.45200e-03,-6.08e-01,
-8.45000e-03,-6.08e-01,
-8.44800e-03,-6.16e-01,
-8.44600e-03,-6.32e-01,
-8.44400e-03,-6.64e-01,
-8.44200e-03,-7.16e-01,
-8.44000e-03,-7.08e-01,
-8.43800e-03,-7.00e-01,
-8.43600e-03,-6.84e-01,
-8.43400e-03,-6.44e-01,
-8.43200e-03,-6.32e-01,
-8.43000e-03,-6.32e-01,
-8.42800e-03,-6.36e-01,
-8.42600e-03,-6.32e-01,
-8.42400e-03,-6.16e-01,
-8.42200e-03,-6.24e-01,
-8.42000e-03,-6.24e-01,
-8.41800e-03,-6.28e-01,
-8.41600e-03,-6.28e-01,
-8.41400e-03,-6.48e-01,
-8.41200e-03,-6.44e-01,
-8.41000e-03,-6.44e-01,
-8.40800e-03,-6.48e-01,
-8.40600e-03,-6.44e-01,
-8.40400e-03,-6.36e-01,
-8.40200e-03,-6.36e-01,
-8.40000e-03,-6.36e-01,
-8.39800e-03,-6.80e-01,
-8.39600e-03,-7.16e-01,
-8.39400e-03,-7.24e-01,
-8.39200e-03,-7.20e-01,
-8.39000e-03,-7.00e-01,
-8.38800e-03,-6.60e-01,
-8.38600e-03,-6.36e-01,
-8.38400e-03,-6.32e-01,
-8.38200e-03,-6.32e-01,
-8.38000e-03,-6.32e-01,
-8.37800e-03,-6.28e-01,
-8.37600e-03,-6.20e-01,
-8.37400e-03,-6.20e-01,
-8.37200e-03,-6.24e-01,
-8.37000e-03,-6.16e-01,
-8.36800e-03,-6.24e-01,
-8.36600e-03,-6.20e-01,
-8.36400e-03,-6.20e-01,
-8.36200e-03,-6.16e-01,
-8.36000e-03,-6.20e-01,
-8.35800e-03,-6.04e-01,
-8.35600e-03,-6.12e-01,
-8.35400e-03,-6.20e-01,
-8.35200e-03,-6.56e-01,
-8.35000e-03,-6.96e-01,
-8.34800e-03,-6.96e-01,
-8.34600e-03,-6.96e-01,
-8.34400e-03,-6.84e-01,
-8.34200e-03,-6.60e-01,
-8.34000e-03,-6.44e-01,
-8.33800e-03,-6.36e-01,
-8.33600e-03,-6.28e-01,
-8.33400e-03,-6.28e-01,
-8.33200e-03,-6.44e-01,
-8.33000e-03,-6.44e-01,
-8.32800e-03,-6.52e-01,
-8.32600e-03,-6.60e-01,
-8.32400e-03,-6.60e-01,
-8.32200e-03,-6.32e-01,
-8.32000e-03,-6.32e-01,
-8.31800e-03,-6.20e-01,
-8.31600e-03,-6.20e-01,
-8.31400e-03,-6.24e-01,
-8.31200e-03,-6.20e-01,
-8.31000e-03,-6.20e-01,
-8.30800e-03,-6.32e-01,
-8.30600e-03,-6.36e-01,
-8.30400e-03,-6.84e-01,
-8.30200e-03,-6.80e-01,
-8.30000e-03,-6.96e-01,
-8.29800e-03,-6.84e-01,
-8.29600e-03,-6.68e-01,
-8.29400e-03,-6.60e-01,
-8.29200e-03,-6.40e-01,
-8.29000e-03,-6.52e-01,
-8.28800e-03,-6.48e-01,
-8.28600e-03,-6.44e-01,
-8.28400e-03,-6.48e-01,
-8.28200e-03,-6.52e-01,
-8.28000e-03,-6.48e-01,
-8.27800e-03,-6.32e-01,
-8.27600e-03,-6.04e-01,
-8.27400e-03,-6.04e-01,
-8.27200e-03,-6.16e-01,
-8.27000e-03,-6.12e-01,
-8.26800e-03,-6.04e-01,
-8.26600e-03,-6.28e-01,
-8.26400e-03,-6.40e-01,
-8.26200e-03,-6.28e-01,
-8.26000e-03,-6.20e-01,
-8.25800e-03,-6.24e-01,
-8.25600e-03,-6.24e-01,
-8.25400e-03,-6.28e-01,
-8.25200e-03,-6.24e-01,
-8.25000e-03,-6.24e-01,
-8.24800e-03,-6.20e-01,
-8.24600e-03,-6.24e-01,
-8.24400e-03,-6.20e-01,
-8.24200e-03,-6.28e-01,
-8.24000e-03,-6.44e-01,
-8.23800e-03,-6.44e-01,
-8.23600e-03,-6.52e-01,
-8.23400e-03,-6.44e-01,
-8.23200e-03,-6.36e-01,
-8.23000e-03,-6.36e-01,
-8.22800e-03,-6.36e-01,
-8.22600e-03,-6.36e-01,
-8.22400e-03,-6.36e-01,
-8.22200e-03,-6.36e-01,
-8.22000e-03,-6.36e-01,
-8.21800e-03,-6.48e-01,
-8.21600e-03,-6.36e-01,
-8.21400e-03,-6.40e-01,
-8.21200e-03,-6.44e-01,
-8.21000e-03,-6.44e-01,
-8.20800e-03,-6.44e-01,
-8.20600e-03,-6.36e-01,
-8.20400e-03,-6.32e-01,
-8.20200e-03,-6.32e-01,
-8.20000e-03,-6.28e-01,
-8.19800e-03,-6.40e-01,
-8.19600e-03,-6.48e-01,
-8.19400e-03,-6.40e-01,
-8.19200e-03,-6.44e-01,
-8.19000e-03,-6.44e-01,
-8.18800e-03,-6.52e-01,
-8.18600e-03,-6.44e-01,
-8.18400e-03,-6.48e-01,
-8.18200e-03,-6.52e-01,
-8.18000e-03,-6.52e-01,
-8.17800e-03,-6.56e-01,
-8.17600e-03,-6.32e-01,
-8.17400e-03,-6.36e-01,
-8.17200e-03,-6.36e-01,
-8.17000e-03,-6.36e-01,
-8.16800e-03,-6.36e-01,
-8.16600e-03,-6.52e-01,
-8.16400e-03,-6.60e-01,
-8.16200e-03,-6.68e-01,
-8.16000e-03,-6.60e-01,
-8.15800e-03,-6.32e-01,
-8.15600e-03,-6.36e-01,
-8.15400e-03,-6.52e-01,
-8.15200e-03,-6.40e-01,
-8.15000e-03,-6.36e-01,
-8.14800e-03,-6.40e-01,
-8.14600e-03,-6.40e-01,
-8.14400e-03,-6.48e-01,
-8.14200e-03,-6.48e-01,
-8.14000e-03,-6.52e-01,
-8.13800e-03,-6.48e-01,
-8.13600e-03,-6.44e-01,
-8.13400e-03,-6.40e-01,
-8.13200e-03,-6.32e-01,
-8.13000e-03,-6.48e-01,
-8.12800e-03,-6.48e-01,
-8.12600e-03,-6.28e-01,
-8.12400e-03,-6.32e-01,
-8.12200e-03,-6.36e-01,
-8.12000e-03,-6.36e-01,
-8.11800e-03,-6.36e-01,
-8.11600e-03,-6.28e-01,
-8.11400e-03,-6.32e-01,
-8.11200e-03,-6.12e-01,
-8.11000e-03,-6.24e-01,
-8.10800e-03,-6.24e-01,
-8.10600e-03,-6.20e-01,
-8.10400e-03,-6.28e-01,
-8.10200e-03,-6.36e-01,
-8.10000e-03,-6.36e-01,
-8.09800e-03,-6.24e-01,
-8.09600e-03,-6.20e-01,
-8.09400e-03,-6.36e-01,
-8.09200e-03,-6.36e-01,
-8.09000e-03,-6.40e-01,
-8.08800e-03,-6.52e-01,
-8.08600e-03,-6.60e-01,
-8.08400e-03,-6.68e-01,
-8.08200e-03,-6.80e-01,
-8.08000e-03,-6.88e-01,
-8.07800e-03,-7.12e-01,
-8.07600e-03,-7.00e-01,
-8.07400e-03,-7.08e-01,
-8.07200e-03,-7.04e-01,
-8.07000e-03,-6.80e-01,
-8.06800e-03,-6.68e-01,
-8.06600e-03,-6.84e-01,
-8.06400e-03,-6.80e-01,
-8.06200e-03,-6.68e-01,
-8.06000e-03,-6.64e-01,
-8.05800e-03,-6.52e-01,
-8.05600e-03,-6.44e-01,
-8.05400e-03,-6.40e-01,
-8.05200e-03,-6.40e-01,
-8.05000e-03,-6.52e-01,
-8.04800e-03,-6.48e-01,
-8.04600e-03,-6.52e-01,
-8.04400e-03,-6.32e-01,
-8.04200e-03,-6.36e-01,
-8.04000e-03,-6.20e-01,
-8.03800e-03,-6.52e-01,
-8.03600e-03,-6.68e-01,
-8.03400e-03,-7.00e-01,
-8.03200e-03,-7.48e-01,
-8.03000e-03,-7.16e-01,
-8.02800e-03,-7.20e-01,
-8.02600e-03,-6.96e-01,
-8.02400e-03,-6.76e-01,
-8.02200e-03,-6.60e-01,
-8.02000e-03,-6.48e-01,
-8.01800e-03,-6.40e-01,
-8.01600e-03,-6.36e-01,
-8.01400e-03,-6.32e-01,
-8.01200e-03,-6.36e-01,
-8.01000e-03,-6.36e-01,
-8.00800e-03,-6.36e-01,
-8.00600e-03,-6.36e-01,
-8.00400e-03,-6.40e-01,
-8.00200e-03,-6.28e-01,
-8.00000e-03,-6.28e-01,
-7.99800e-03,-6.52e-01,
-7.99600e-03,-6.40e-01,
-7.99400e-03,-6.52e-01,
-7.99200e-03,-6.52e-01,
-7.99000e-03,-6.64e-01,
-7.98800e-03,-7.00e-01,
-7.98600e-03,-7.32e-01,
-7.98400e-03,-7.12e-01,
-7.98200e-03,-7.16e-01,
-7.98000e-03,-7.00e-01,
-7.97800e-03,-6.84e-01,
-7.97600e-03,-6.36e-01,
-7.97400e-03,-6.40e-01,
-7.97200e-03,-6.32e-01,
-7.97000e-03,-6.12e-01,
-7.96800e-03,-6.08e-01,
-7.96600e-03,-6.20e-01,
-7.96400e-03,-6.24e-01,
-7.96200e-03,-6.32e-01,
-7.96000e-03,-6.36e-01,
-7.95800e-03,-6.40e-01,
-7.95600e-03,-6.40e-01,
-7.95400e-03,-6.32e-01,
-7.95200e-03,-6.04e-01,
-7.95000e-03,-6.16e-01,
-7.94800e-03,-6.28e-01,
-7.94600e-03,-6.32e-01,
-7.94400e-03,-6.36e-01,
-7.94200e-03,-6.88e-01,
-7.94000e-03,-7.20e-01,
-7.93800e-03,-7.16e-01,
-7.93600e-03,-7.16e-01,
-7.93400e-03,-7.00e-01,
-7.93200e-03,-6.80e-01,
-7.93000e-03,-6.68e-01,
-7.92800e-03,-6.56e-01,
-7.92600e-03,-6.32e-01,
-7.92400e-03,-6.36e-01,
-7.92200e-03,-6.36e-01,
-7.92000e-03,-6.36e-01,
-7.91800e-03,-6.36e-01,
-7.91600e-03,-6.36e-01,
-7.91400e-03,-6.32e-01,
-7.91200e-03,-6.24e-01,
-7.91000e-03,-6.16e-01,
-7.90800e-03,-6.20e-01,
-7.90600e-03,-6.20e-01,
-7.90400e-03,-6.28e-01,
-7.90200e-03,-6.20e-01,
-7.90000e-03,-6.32e-01,
-7.89800e-03,-6.72e-01,
-7.89600e-03,-7.04e-01,
-7.89400e-03,-7.24e-01,
-7.89200e-03,-7.04e-01,
-7.89000e-03,-7.00e-01,
-7.88800e-03,-6.76e-01,
-7.88600e-03,-6.48e-01,
-7.88400e-03,-6.32e-01,
-7.88200e-03,-6.36e-01,
-7.88000e-03,-6.36e-01,
-7.87800e-03,-6.44e-01,
-7.87600e-03,-6.32e-01,
-7.87400e-03,-6.28e-01,
-7.87200e-03,-6.28e-01,
-7.87000e-03,-6.24e-01,
-7.86800e-03,-6.24e-01,
-7.86600e-03,-6.36e-01,
-7.86400e-03,-6.32e-01,
-7.86200e-03,-6.28e-01,
-7.86000e-03,-6.32e-01,
-7.85800e-03,-6.28e-01,
-7.85600e-03,-6.36e-01,
-7.85400e-03,-6.40e-01,
-7.85200e-03,-6.64e-01,
-7.85000e-03,-6.92e-01,
-7.84800e-03,-6.76e-01,
-7.84600e-03,-6.72e-01,
-7.84400e-03,-6.52e-01,
-7.84200e-03,-6.44e-01,
-7.84000e-03,-6.56e-01,
-7.83800e-03,-6.36e-01,
-7.83600e-03,-6.44e-01,
-7.83400e-03,-6.40e-01,
-7.83200e-03,-6.20e-01,
-7.83000e-03,-6.20e-01,
-7.82800e-03,-6.28e-01,
-7.82600e-03,-6.36e-01,
-7.82400e-03,-6.32e-01,
-7.82200e-03,-6.20e-01,
-7.82000e-03,-6.08e-01,
-7.81800e-03,-6.12e-01,
-7.81600e-03,-6.20e-01,
-7.81400e-03,-6.20e-01,
-7.81200e-03,-6.20e-01,
-7.81000e-03,-6.28e-01,
-7.80800e-03,-6.28e-01,
-7.80600e-03,-6.68e-01,
-7.80400e-03,-7.04e-01,
-7.80200e-03,-6.56e-01,
-7.80000e-03,-6.64e-01,
-7.79800e-03,-6.56e-01,
-7.79600e-03,-6.44e-01,
-7.79400e-03,-6.40e-01,
-7.79200e-03,-6.40e-01,
-7.79000e-03,-6.40e-01,
-7.78800e-03,-6.28e-01,
-7.78600e-03,-6.24e-01,
-7.78400e-03,-6.28e-01,
-7.78200e-03,-6.08e-01,
-7.78000e-03,-6.12e-01,
-7.77800e-03,-6.16e-01,
-7.77600e-03,-6.04e-01,
-7.77400e-03,-6.32e-01,
-7.77200e-03,-6.12e-01,
-7.77000e-03,-6.08e-01,
-7.76800e-03,-6.20e-01,
-7.76600e-03,-6.20e-01,
-7.76400e-03,-6.32e-01,
-7.76200e-03,-6.36e-01,
-7.76000e-03,-6.80e-01,
-7.75800e-03,-7.20e-01,
-7.75600e-03,-7.28e-01,
-7.75400e-03,-7.20e-01,
-7.75200e-03,-7.00e-01,
-7.75000e-03,-6.76e-01,
-7.74800e-03,-6.44e-01,
-7.74600e-03,-6.36e-01,
-7.74400e-03,-6.32e-01,
-7.74200e-03,-6.28e-01,
-7.74000e-03,-6.36e-01,
-7.73800e-03,-6.04e-01,
-7.73600e-03,-6.16e-01,
-7.73400e-03,-6.00e-01,
-7.73200e-03,-6.00e-01,
-7.73000e-03,-6.04e-01,
-7.72800e-03,-6.20e-01,
-7.72600e-03,-6.20e-01,
-7.72400e-03,-6.16e-01,
-7.72200e-03,-6.24e-01,
-7.72000e-03,-6.28e-01,
-7.71800e-03,-6.24e-01,
-7.71600e-03,-6.24e-01,
-7.71400e-03,-6.44e-01,
-7.71200e-03,-7.00e-01,
-7.71000e-03,-7.08e-01,
-7.70800e-03,-7.20e-01,
-7.70600e-03,-6.88e-01,
-7.70400e-03,-6.52e-01,
-7.70200e-03,-6.36e-01,
-7.70000e-03,-6.32e-01,
-7.69800e-03,-6.28e-01,
-7.69600e-03,-6.24e-01,
-7.69400e-03,-6.24e-01,
-7.69200e-03,-6.32e-01,
-7.69000e-03,-6.20e-01,
-7.68800e-03,-6.12e-01,
-7.68600e-03,-6.24e-01,
-7.68400e-03,-6.28e-01,
-7.68200e-03,-6.08e-01,
-7.68000e-03,-6.20e-01,
-7.67800e-03,-6.32e-01,
-7.67600e-03,-6.24e-01,
-7.67400e-03,-6.04e-01,
-7.67200e-03,-6.20e-01,
-7.67000e-03,-6.20e-01,
-7.66800e-03,-6.20e-01,
-7.66600e-03,-5.96e-01,
-7.66400e-03,-5.88e-01,
-7.66200e-03,-5.92e-01,
-7.66000e-03,-6.16e-01,
-7.65800e-03,-6.32e-01,
-7.65600e-03,-6.24e-01,
-7.65400e-03,-6.28e-01,
-7.65200e-03,-6.24e-01,
-7.65000e-03,-6.32e-01,
-7.64800e-03,-6.40e-01,
-7.64600e-03,-6.24e-01,
-7.64400e-03,-6.32e-01,
-7.64200e-03,-6.48e-01,
-7.64000e-03,-6.44e-01,
-7.63800e-03,-6.36e-01,
-7.63600e-03,-6.44e-01,
-7.63400e-03,-6.44e-01,
-7.63200e-03,-6.36e-01,
-7.63000e-03,-6.32e-01,
-7.62800e-03,-6.48e-01,
-7.62600e-03,-6.44e-01,
-7.62400e-03,-6.48e-01,
-7.62200e-03,-6.44e-01,
-7.62000e-03,-6.40e-01,
-7.61800e-03,-6.64e-01,
-7.61600e-03,-6.68e-01,
-7.61400e-03,-6.52e-01,
-7.61200e-03,-6.52e-01,
-7.61000e-03,-6.48e-01,
-7.60800e-03,-6.36e-01,
-7.60600e-03,-6.28e-01,
-7.60400e-03,-6.40e-01,
-7.60200e-03,-6.44e-01,
-7.60000e-03,-6.52e-01,
-7.59800e-03,-6.44e-01,
-7.59600e-03,-6.32e-01,
-7.59400e-03,-6.36e-01,
-7.59200e-03,-6.36e-01,
-7.59000e-03,-6.40e-01,
-7.58800e-03,-6.40e-01,
-7.58600e-03,-6.32e-01,
-7.58400e-03,-6.36e-01,
-7.58200e-03,-6.32e-01,
-7.58000e-03,-6.32e-01,
-7.57800e-03,-6.28e-01,
-7.57600e-03,-6.28e-01,
-7.57400e-03,-6.40e-01,
-7.57200e-03,-6.44e-01,
-7.57000e-03,-6.48e-01,
-7.56800e-03,-6.56e-01,
-7.56600e-03,-6.60e-01,
-7.56400e-03,-6.60e-01,
-7.56200e-03,-6.48e-01,
-7.56000e-03,-6.32e-01,
-7.55800e-03,-6.36e-01,
-7.55600e-03,-6.32e-01,
-7.55400e-03,-6.24e-01,
-7.55200e-03,-6.20e-01,
-7.55000e-03,-6.20e-01,
-7.54800e-03,-6.36e-01,
-7.54600e-03,-6.32e-01,
-7.54400e-03,-6.36e-01,
-7.54200e-03,-6.28e-01,
-7.54000e-03,-6.28e-01,
-7.53800e-03,-6.48e-01,
-7.53600e-03,-6.40e-01,
-7.53400e-03,-6.40e-01,
-7.53200e-03,-6.32e-01,
-7.53000e-03,-6.36e-01,
-7.52800e-03,-6.40e-01,
-7.52600e-03,-6.32e-01,
-7.52400e-03,-6.28e-01,
-7.52200e-03,-6.40e-01,
-7.52000e-03,-6.40e-01,
-7.51800e-03,-6.32e-01,
-7.51600e-03,-6.40e-01,
-7.51400e-03,-6.60e-01,
-7.51200e-03,-6.60e-01,
-7.51000e-03,-6.40e-01,
-7.50800e-03,-6.48e-01,
-7.50600e-03,-6.44e-01,
-7.50400e-03,-6.52e-01,
-7.50200e-03,-6.48e-01,
-7.50000e-03,-6.32e-01,
-7.49800e-03,-6.36e-01,
-7.49600e-03,-6.36e-01,
-7.49400e-03,-6.40e-01,
-7.49200e-03,-6.84e-01,
-7.49000e-03,-6.88e-01,
-7.48800e-03,-7.16e-01,
-7.48600e-03,-7.16e-01,
-7.48400e-03,-6.96e-01,
-7.48200e-03,-6.76e-01,
-7.48000e-03,-6.72e-01,
-7.47800e-03,-6.60e-01,
-7.47600e-03,-6.60e-01,
-7.47400e-03,-6.56e-01,
-7.47200e-03,-6.48e-01,
-7.47000e-03,-6.48e-01,
-7.46800e-03,-6.36e-01,
-7.46600e-03,-6.48e-01,
-7.46400e-03,-6.52e-01,
-7.46200e-03,-6.40e-01,
-7.46000e-03,-6.32e-01,
-7.45800e-03,-6.32e-01,
-7.45600e-03,-6.28e-01,
-7.45400e-03,-6.24e-01,
-7.45200e-03,-6.24e-01,
-7.45000e-03,-6.20e-01,
-7.44800e-03,-6.20e-01,
-7.44600e-03,-6.84e-01,
-7.44400e-03,-7.00e-01,
-7.44200e-03,-7.28e-01,
-7.44000e-03,-7.40e-01,
-7.43800e-03,-7.32e-01,
-7.43600e-03,-7.00e-01,
-7.43400e-03,-7.00e-01,
-7.43200e-03,-6.84e-01,
-7.43000e-03,-6.68e-01,
-7.42800e-03,-6.40e-01,
-7.42600e-03,-6.52e-01,
-7.42400e-03,-6.48e-01,
-7.42200e-03,-6.52e-01,
-7.42000e-03,-6.40e-01,
-7.41800e-03,-6.28e-01,
-7.41600e-03,-6.36e-01,
-7.41400e-03,-6.52e-01,
-7.41200e-03,-6.40e-01,
-7.41000e-03,-6.28e-01,
-7.40800e-03,-6.48e-01,
-7.40600e-03,-6.36e-01,
-7.40400e-03,-6.16e-01,
-7.40200e-03,-6.24e-01,
-7.40000e-03,-6.96e-01,
-7.39800e-03,-6.96e-01,
-7.39600e-03,-7.32e-01,
-7.39400e-03,-7.40e-01,
-7.39200e-03,-7.24e-01,
-7.39000e-03,-7.00e-01,
-7.38800e-03,-6.84e-01,
-7.38600e-03,-6.76e-01,
-7.38400e-03,-6.68e-01,
-7.38200e-03,-6.40e-01,
-7.38000e-03,-6.32e-01,
-7.37800e-03,-6.24e-01,
-7.37600e-03,-6.12e-01,
-7.37400e-03,-6.00e-01,
-7.37200e-03,-6.28e-01,
-7.37000e-03,-6.08e-01,
-7.36800e-03,-6.16e-01,
-7.36600e-03,-6.16e-01,
-7.36400e-03,-5.96e-01,
-7.36200e-03,-6.00e-01,
-7.36000e-03,-5.96e-01,
-7.35800e-03,-5.88e-01,
-7.35600e-03,-5.92e-01,
-7.35400e-03,-6.68e-01,
-7.35200e-03,-6.68e-01,
-7.35000e-03,-7.04e-01,
-7.34800e-03,-7.16e-01,
-7.34600e-03,-7.12e-01,
-7.34400e-03,-6.92e-01,
-7.34200e-03,-6.72e-01,
-7.34000e-03,-6.60e-01,
-7.33800e-03,-6.52e-01,
-7.33600e-03,-6.32e-01,
-7.33400e-03,-6.16e-01,
-7.33200e-03,-6.04e-01,
-7.33000e-03,-6.20e-01,
-7.32800e-03,-6.20e-01,
-7.32600e-03,-6.28e-01,
-7.32400e-03,-6.12e-01,
-7.32200e-03,-6.08e-01,
-7.32000e-03,-6.04e-01,
-7.31800e-03,-6.00e-01,
-7.31600e-03,-6.04e-01,
-7.31400e-03,-6.04e-01,
-7.31200e-03,-6.00e-01,
-7.31000e-03,-6.12e-01,
-7.30800e-03,-6.84e-01,
-7.30600e-03,-6.76e-01,
-7.30400e-03,-7.00e-01,
-7.30200e-03,-7.08e-01,
-7.30000e-03,-6.80e-01,
-7.29800e-03,-6.68e-01,
-7.29600e-03,-6.64e-01,
-7.29400e-03,-6.48e-01,
-7.29200e-03,-6.36e-01,
-7.29000e-03,-6.24e-01,
-7.28800e-03,-6.28e-01,
-7.28600e-03,-6.28e-01,
-7.28400e-03,-6.36e-01,
-7.28200e-03,-6.16e-01,
-7.28000e-03,-6.04e-01,
-7.27800e-03,-6.08e-01,
-7.27600e-03,-6.12e-01,
-7.27400e-03,-6.28e-01,
-7.27200e-03,-6.32e-01,
-7.27000e-03,-6.28e-01,
-7.26800e-03,-6.24e-01,
-7.26600e-03,-6.28e-01,
-7.26400e-03,-6.64e-01,
-7.26200e-03,-7.08e-01,
-7.26000e-03,-7.24e-01,
-7.25800e-03,-7.32e-01,
-7.25600e-03,-7.04e-01,
-7.25400e-03,-6.56e-01,
-7.25200e-03,-6.48e-01,
-7.25000e-03,-6.40e-01,
-7.24800e-03,-6.48e-01,
-7.24600e-03,-6.32e-01,
-7.24400e-03,-6.08e-01,
-7.24200e-03,-6.24e-01,
-7.24000e-03,-6.20e-01,
-7.23800e-03,-6.16e-01,
-7.23600e-03,-6.16e-01,
-7.23400e-03,-6.36e-01,
-7.23200e-03,-6.36e-01,
-7.23000e-03,-6.36e-01,
-7.22800e-03,-6.20e-01,
-7.22600e-03,-6.04e-01,
-7.22400e-03,-6.16e-01,
-7.22200e-03,-6.20e-01,
-7.22000e-03,-6.20e-01,
-7.21800e-03,-6.68e-01,
-7.21600e-03,-6.88e-01,
-7.21400e-03,-7.08e-01,
-7.21200e-03,-6.92e-01,
-7.21000e-03,-6.64e-01,
-7.20800e-03,-6.32e-01,
-7.20600e-03,-6.32e-01,
-7.20400e-03,-6.28e-01,
-7.20200e-03,-6.28e-01,
-7.20000e-03,-6.16e-01,
-7.19800e-03,-6.12e-01,
-7.19600e-03,-6.08e-01,
-7.19400e-03,-6.12e-01,
-7.19200e-03,-6.08e-01,
-7.19000e-03,-6.16e-01,
-7.18800e-03,-6.04e-01,
-7.18600e-03,-6.00e-01,
-7.18400e-03,-6.04e-01,
-7.18200e-03,-6.20e-01,
-7.18000e-03,-6.28e-01,
-7.17800e-03,-6.36e-01,
-7.17600e-03,-6.64e-01,
-7.17400e-03,-6.84e-01,
-7.17200e-03,-7.16e-01,
-7.17000e-03,-7.00e-01,
-7.16800e-03,-6.96e-01,
-7.16600e-03,-6.92e-01,
-7.16400e-03,-6.76e-01,
-7.16200e-03,-6.48e-01,
-7.16000e-03,-6.52e-01,
-7.15800e-03,-6.44e-01,
-7.15600e-03,-6.32e-01,
-7.15400e-03,-6.36e-01,
-7.15200e-03,-6.28e-01,
-7.15000e-03,-6.32e-01,
-7.14800e-03,-6.36e-01,
-7.14600e-03,-6.32e-01,
-7.14400e-03,-6.20e-01,
-7.14200e-03,-6.16e-01,
-7.14000e-03,-6.20e-01,
-7.13800e-03,-6.20e-01,
-7.13600e-03,-6.20e-01,
-7.13400e-03,-6.12e-01,
-7.13200e-03,-6.28e-01,
-7.13000e-03,-6.40e-01,
-7.12800e-03,-6.68e-01,
-7.12600e-03,-7.00e-01,
-7.12400e-03,-6.92e-01,
-7.12200e-03,-6.84e-01,
-7.12000e-03,-6.76e-01,
-7.11800e-03,-6.40e-01,
-7.11600e-03,-6.32e-01,
-7.11400e-03,-6.28e-01,
-7.11200e-03,-6.20e-01,
-7.11000e-03,-6.32e-01,
-7.10800e-03,-6.44e-01,
-7.10600e-03,-6.40e-01,
-7.10400e-03,-6.40e-01,
-7.10200e-03,-6.36e-01,
-7.10000e-03,-6.24e-01,
-7.09800e-03,-6.32e-01,
-7.09600e-03,-6.24e-01,
-7.09400e-03,-6.20e-01,
-7.09200e-03,-6.28e-01,
-7.09000e-03,-6.36e-01,
-7.08800e-03,-6.20e-01,
-7.08600e-03,-6.24e-01,
-7.08400e-03,-6.32e-01,
-7.08200e-03,-6.24e-01,
-7.08000e-03,-6.04e-01,
-7.07800e-03,-6.24e-01,
-7.07600e-03,-6.24e-01,
-7.07400e-03,-6.28e-01,
-7.07200e-03,-6.28e-01,
-7.07000e-03,-6.20e-01,
-7.06800e-03,-6.12e-01,
-7.06600e-03,-6.16e-01,
-7.06400e-03,-6.20e-01,
-7.06200e-03,-6.28e-01,
-7.06000e-03,-6.20e-01,
-7.05800e-03,-6.20e-01,
-7.05600e-03,-6.28e-01,
-7.05400e-03,-6.20e-01,
-7.05200e-03,-6.44e-01,
-7.05000e-03,-6.36e-01,
-7.04800e-03,-6.36e-01,
-7.04600e-03,-6.36e-01,
-7.04400e-03,-6.36e-01,
-7.04200e-03,-6.28e-01,
-7.04000e-03,-6.28e-01,
-7.03800e-03,-6.32e-01,
-7.03600e-03,-6.28e-01,
-7.03400e-03,-6.36e-01,
-7.03200e-03,-6.40e-01,
-7.03000e-03,-6.52e-01,
-7.02800e-03,-6.52e-01,
-7.02600e-03,-6.40e-01,
-7.02400e-03,-6.32e-01,
-7.02200e-03,-6.28e-01,
-7.02000e-03,-6.36e-01,
-7.01800e-03,-6.36e-01,
-7.01600e-03,-6.44e-01,
-7.01400e-03,-6.36e-01,
-7.01200e-03,-6.32e-01,
-7.01000e-03,-6.36e-01,
-7.00800e-03,-6.36e-01,
-7.00600e-03,-6.52e-01,
-7.00400e-03,-6.48e-01,
-7.00200e-03,-6.48e-01,
-7.00000e-03,-6.48e-01,
-6.99800e-03,-6.44e-01,
-6.99600e-03,-6.36e-01,
-6.99400e-03,-6.32e-01,
-6.99200e-03,-6.16e-01,
-6.99000e-03,-6.28e-01,
-6.98800e-03,-6.64e-01,
-6.98600e-03,-6.56e-01,
-6.98400e-03,-6.52e-01,
-6.98200e-03,-6.64e-01,
-6.98000e-03,-6.64e-01,
-6.97800e-03,-6.48e-01,
-6.97600e-03,-6.40e-01,
-6.97400e-03,-6.52e-01,
-6.97200e-03,-6.60e-01,
-6.97000e-03,-6.60e-01,
-6.96800e-03,-6.52e-01,
-6.96600e-03,-6.40e-01,
-6.96400e-03,-6.40e-01,
-6.96200e-03,-6.44e-01,
-6.96000e-03,-6.52e-01,
-6.95800e-03,-6.52e-01,
-6.95600e-03,-6.44e-01,
-6.95400e-03,-6.48e-01,
-6.95200e-03,-6.64e-01,
-6.95000e-03,-6.56e-01,
-6.94800e-03,-6.56e-01,
-6.94600e-03,-6.52e-01,
-6.94400e-03,-6.52e-01,
-6.94200e-03,-6.48e-01,
-6.94000e-03,-6.52e-01,
-6.93800e-03,-6.52e-01,
-6.93600e-03,-6.48e-01,
-6.93400e-03,-6.28e-01,
-6.93200e-03,-6.48e-01,
-6.93000e-03,-6.52e-01,
-6.92800e-03,-6.44e-01,
-6.92600e-03,-6.36e-01,
-6.92400e-03,-6.40e-01,
-6.92200e-03,-6.36e-01,
-6.92000e-03,-6.36e-01,
-6.91800e-03,-6.44e-01,
-6.91600e-03,-6.36e-01,
-6.91400e-03,-6.40e-01,
-6.91200e-03,-6.36e-01,
-6.91000e-03,-6.52e-01,
-6.90800e-03,-6.80e-01,
-6.90600e-03,-7.24e-01,
-6.90400e-03,-7.24e-01,
-6.90200e-03,-7.16e-01,
-6.90000e-03,-7.12e-01,
-6.89800e-03,-6.76e-01,
-6.89600e-03,-6.80e-01,
-6.89400e-03,-6.80e-01,
-6.89200e-03,-6.80e-01,
-6.89000e-03,-6.76e-01,
-6.88800e-03,-6.72e-01,
-6.88600e-03,-6.68e-01,
-6.88400e-03,-6.52e-01,
-6.88200e-03,-6.52e-01,
-6.88000e-03,-6.52e-01,
-6.87800e-03,-6.44e-01,
-6.87600e-03,-6.48e-01,
-6.87400e-03,-6.32e-01,
-6.87200e-03,-6.40e-01,
-6.87000e-03,-6.20e-01,
-6.86800e-03,-6.28e-01,
-6.86600e-03,-6.28e-01,
-6.86400e-03,-6.40e-01,
-6.86200e-03,-6.84e-01,
-6.86000e-03,-7.28e-01,
-6.85800e-03,-7.40e-01,
-6.85600e-03,-7.44e-01,
-6.85400e-03,-7.32e-01,
-6.85200e-03,-6.84e-01,
-6.85000e-03,-6.68e-01,
-6.84800e-03,-6.52e-01,
-6.84600e-03,-6.52e-01,
-6.84400e-03,-6.44e-01,
-6.84200e-03,-6.52e-01,
-6.84000e-03,-6.40e-01,
-6.83800e-03,-6.28e-01,
-6.83600e-03,-6.24e-01,
-6.83400e-03,-6.28e-01,
-6.83200e-03,-6.20e-01,
-6.83000e-03,-6.28e-01,
-6.82800e-03,-6.24e-01,
-6.82600e-03,-6.24e-01,
-6.82400e-03,-6.28e-01,
-6.82200e-03,-6.28e-01,
-6.82000e-03,-6.32e-01,
-6.81800e-03,-6.68e-01,
-6.81600e-03,-7.32e-01,
-6.81400e-03,-7.28e-01,
-6.81200e-03,-7.28e-01,
-6.81000e-03,-7.20e-01,
-6.80800e-03,-6.92e-01,
-6.80600e-03,-6.44e-01,
-6.80400e-03,-6.36e-01,
-6.80200e-03,-6.32e-01,
-6.80000e-03,-6.32e-01,
-6.79800e-03,-6.24e-01,
-6.79600e-03,-5.92e-01,
-6.79400e-03,-6.04e-01,
-6.79200e-03,-6.08e-01,
-6.79000e-03,-6.12e-01,
-6.78800e-03,-6.20e-01,
-6.78600e-03,-6.04e-01,
-6.78400e-03,-6.12e-01,
-6.78200e-03,-6.12e-01,
-6.78000e-03,-6.04e-01,
-6.77800e-03,-6.20e-01,
-6.77600e-03,-6.24e-01,
-6.77400e-03,-6.24e-01,
-6.77200e-03,-6.76e-01,
-6.77000e-03,-7.44e-01,
-6.76800e-03,-7.16e-01,
-6.76600e-03,-7.16e-01,
-6.76400e-03,-7.04e-01,
-6.76200e-03,-6.80e-01,
-6.76000e-03,-6.60e-01,
-6.75800e-03,-6.52e-01,
-6.75600e-03,-6.44e-01,
-6.75400e-03,-6.48e-01,
-6.75200e-03,-6.68e-01,
-6.75000e-03,-6.36e-01,
-6.74800e-03,-6.40e-01,
-6.74600e-03,-6.32e-01,
-6.74400e-03,-6.28e-01,
-6.74200e-03,-6.20e-01,
-6.74000e-03,-6.20e-01,
-6.73800e-03,-6.20e-01,
-6.73600e-03,-6.12e-01,
-6.73400e-03,-6.16e-01,
-6.73200e-03,-6.32e-01,
-6.73000e-03,-6.28e-01,
-6.72800e-03,-6.36e-01,
-6.72600e-03,-6.68e-01,
-6.72400e-03,-7.12e-01,
-6.72200e-03,-7.04e-01,
-6.72000e-03,-6.96e-01,
-6.71800e-03,-6.76e-01,
-6.71600e-03,-6.52e-01,
-6.71400e-03,-6.36e-01,
-6.71200e-03,-6.32e-01,
-6.71000e-03,-6.20e-01,
-6.70800e-03,-6.20e-01,
-6.70600e-03,-6.16e-01,
-6.70400e-03,-6.32e-01,
-6.70200e-03,-6.24e-01,
-6.70000e-03,-6.32e-01,
-6.69800e-03,-6.32e-01,
-6.69600e-03,-6.24e-01,
-6.69400e-03,-6.16e-01,
-6.69200e-03,-6.12e-01,
-6.69000e-03,-6.08e-01,
-6.68800e-03,-6.04e-01,
-6.68600e-03,-6.08e-01,
-6.68400e-03,-6.20e-01,
-6.68200e-03,-6.56e-01,
-6.68000e-03,-6.80e-01,
-6.67800e-03,-7.00e-01,
-6.67600e-03,-6.88e-01,
-6.67400e-03,-6.76e-01,
-6.67200e-03,-6.52e-01,
-6.67000e-03,-6.32e-01,
-6.66800e-03,-6.16e-01,
-6.66600e-03,-6.20e-01,
-6.66400e-03,-6.20e-01,
-6.66200e-03,-6.20e-01,
-6.66000e-03,-6.20e-01,
-6.65800e-03,-6.00e-01,
-6.65600e-03,-6.04e-01,
-6.65400e-03,-6.16e-01,
-6.65200e-03,-6.12e-01,
-6.65000e-03,-6.08e-01,
-6.64800e-03,-6.12e-01,
-6.64600e-03,-6.16e-01,
-6.64400e-03,-6.16e-01,
-6.64200e-03,-6.04e-01,
-6.64000e-03,-6.44e-01,
-6.63800e-03,-6.40e-01,
-6.63600e-03,-6.84e-01,
-6.63400e-03,-6.92e-01,
-6.63200e-03,-6.80e-01,
-6.63000e-03,-6.76e-01,
-6.62800e-03,-6.68e-01,
-6.62600e-03,-6.60e-01,
-6.62400e-03,-6.40e-01,
-6.62200e-03,-6.36e-01,
-6.62000e-03,-6.32e-01,
-6.61800e-03,-6.28e-01,
-6.61600e-03,-6.28e-01,
-6.61400e-03,-6.28e-01,
-6.61200e-03,-6.24e-01,
-6.61000e-03,-6.24e-01,
-6.60800e-03,-6.04e-01,
-6.60600e-03,-6.12e-01,
-6.60400e-03,-6.04e-01,
-6.60200e-03,-6.04e-01,
-6.60000e-03,-6.04e-01,
-6.59800e-03,-6.20e-01,
-6.59600e-03,-6.48e-01,
-6.59400e-03,-6.68e-01,
-6.59200e-03,-6.84e-01,
-6.59000e-03,-6.92e-01,
-6.58800e-03,-6.84e-01,
-6.58600e-03,-6.32e-01,
-6.58400e-03,-6.44e-01,
-6.58200e-03,-6.44e-01,
-6.58000e-03,-6.36e-01,
-6.57800e-03,-6.28e-01,
-6.57600e-03,-6.24e-01,
-6.57400e-03,-6.20e-01,
-6.57200e-03,-6.16e-01,
-6.57000e-03,-6.20e-01,
-6.56800e-03,-6.40e-01,
-6.56600e-03,-6.36e-01,
-6.56400e-03,-6.40e-01,
-6.56200e-03,-6.36e-01,
-6.56000e-03,-6.20e-01,
-6.55800e-03,-6.24e-01,
-6.55600e-03,-6.16e-01,
-6.55400e-03,-6.12e-01,
-6.55200e-03,-6.28e-01,
-6.55000e-03,-6.60e-01,
-6.54800e-03,-6.76e-01,
-6.54600e-03,-6.96e-01,
-6.54400e-03,-7.00e-01,
-6.54200e-03,-6.84e-01,
-6.54000e-03,-6.76e-01,
-6.53800e-03,-6.76e-01,
-6.53600e-03,-6.68e-01,
-6.53400e-03,-6.60e-01,
-6.53200e-03,-6.40e-01,
-6.53000e-03,-6.40e-01,
-6.52800e-03,-6.36e-01,
-6.52600e-03,-6.16e-01,
-6.52400e-03,-6.12e-01,
-6.52200e-03,-6.20e-01,
-6.52000e-03,-6.24e-01,
-6.51800e-03,-6.20e-01,
-6.51600e-03,-6.32e-01,
-6.51400e-03,-6.48e-01,
-6.51200e-03,-6.36e-01,
-6.51000e-03,-6.40e-01,
-6.50800e-03,-6.28e-01,
-6.50600e-03,-6.24e-01,
-6.50400e-03,-6.04e-01,
-6.50200e-03,-6.16e-01,
-6.50000e-03,-6.20e-01,
-6.49800e-03,-6.32e-01,
-6.49600e-03,-6.40e-01,
-6.49400e-03,-6.24e-01,
-6.49200e-03,-6.32e-01,
-6.49000e-03,-6.24e-01,
-6.48800e-03,-6.24e-01,
-6.48600e-03,-6.20e-01,
-6.48400e-03,-6.12e-01,
-6.48200e-03,-6.20e-01,
-6.48000e-03,-6.12e-01,
-6.47800e-03,-6.16e-01,
-6.47600e-03,-6.36e-01,
-6.47400e-03,-6.32e-01,
-6.47200e-03,-6.40e-01,
-6.47000e-03,-6.48e-01,
-6.46800e-03,-6.32e-01,
-6.46600e-03,-6.16e-01,
-6.46400e-03,-6.12e-01,
-6.46200e-03,-6.16e-01,
-6.46000e-03,-6.28e-01,
-6.45800e-03,-6.52e-01,
-6.45600e-03,-6.44e-01,
-6.45400e-03,-6.40e-01,
-6.45200e-03,-6.44e-01,
-6.45000e-03,-6.28e-01,
-6.44800e-03,-6.28e-01,
-6.44600e-03,-6.24e-01,
-6.44400e-03,-6.28e-01,
-6.44200e-03,-6.44e-01,
-6.44000e-03,-6.64e-01,
-6.43800e-03,-6.52e-01,
-6.43600e-03,-6.48e-01,
-6.43400e-03,-6.48e-01,
-6.43200e-03,-6.44e-01,
-6.43000e-03,-6.52e-01,
-6.42800e-03,-6.48e-01,
-6.42600e-03,-6.40e-01,
-6.42400e-03,-6.44e-01,
-6.42200e-03,-6.48e-01,
-6.42000e-03,-6.44e-01,
-6.41800e-03,-6.40e-01,
-6.41600e-03,-6.44e-01,
-6.41400e-03,-6.40e-01,
-6.41200e-03,-6.32e-01,
-6.41000e-03,-6.32e-01,
-6.40800e-03,-6.24e-01,
-6.40600e-03,-6.36e-01,
-6.40400e-03,-6.60e-01,
-6.40200e-03,-6.56e-01,
-6.40000e-03,-6.52e-01,
-6.39800e-03,-6.60e-01,
-6.39600e-03,-6.64e-01,
-6.39400e-03,-6.60e-01,
-6.39200e-03,-6.64e-01,
-6.39000e-03,-6.68e-01,
-6.38800e-03,-6.52e-01,
-6.38600e-03,-6.48e-01,
-6.38400e-03,-6.52e-01,
-6.38200e-03,-6.56e-01,
-6.38000e-03,-6.60e-01,
-6.37800e-03,-6.64e-01,
-6.37600e-03,-6.64e-01,
-6.37400e-03,-6.68e-01,
-6.37200e-03,-6.64e-01,
-6.37000e-03,-6.52e-01,
-6.36800e-03,-6.64e-01,
-6.36600e-03,-6.36e-01,
-6.36400e-03,-6.40e-01,
-6.36200e-03,-6.40e-01,
-6.36000e-03,-6.44e-01,
-6.35800e-03,-6.60e-01,
-6.35600e-03,-6.52e-01,
-6.35400e-03,-6.48e-01,
-6.35200e-03,-6.36e-01,
-6.35000e-03,-6.40e-01,
-6.34800e-03,-6.36e-01,
-6.34600e-03,-6.40e-01,
-6.34400e-03,-6.40e-01,
-6.34200e-03,-6.44e-01,
-6.34000e-03,-6.36e-01,
-6.33800e-03,-6.36e-01,
-6.33600e-03,-6.40e-01,
-6.33400e-03,-6.32e-01,
-6.33200e-03,-6.48e-01,
-6.33000e-03,-6.80e-01,
-6.32800e-03,-6.84e-01,
-6.32600e-03,-7.16e-01,
-6.32400e-03,-7.16e-01,
-6.32200e-03,-6.92e-01,
-6.32000e-03,-6.84e-01,
-6.31800e-03,-6.84e-01,
-6.31600e-03,-6.64e-01,
-6.31400e-03,-6.52e-01,
-6.31200e-03,-6.36e-01,
-6.31000e-03,-6.40e-01,
-6.30800e-03,-6.44e-01,
-6.30600e-03,-6.60e-01,
-6.30400e-03,-6.76e-01,
-6.30200e-03,-6.68e-01,
-6.30000e-03,-6.68e-01,
-6.29800e-03,-6.52e-01,
-6.29600e-03,-6.44e-01,
-6.29400e-03,-6.52e-01,
-6.29200e-03,-6.48e-01,
-6.29000e-03,-6.48e-01,
-6.28800e-03,-6.48e-01,
-6.28600e-03,-6.56e-01,
-6.28400e-03,-7.08e-01,
-6.28200e-03,-7.16e-01,
-6.28000e-03,-7.40e-01,
-6.27800e-03,-7.44e-01,
-6.27600e-03,-7.20e-01,
-6.27400e-03,-7.12e-01,
-6.27200e-03,-6.88e-01,
-6.27000e-03,-6.76e-01,
-6.26800e-03,-6.60e-01,
-6.26600e-03,-6.40e-01,
-6.26400e-03,-6.40e-01,
-6.26200e-03,-6.40e-01,
-6.26000e-03,-6.36e-01,
-6.25800e-03,-6.20e-01,
-6.25600e-03,-6.20e-01,
-6.25400e-03,-6.20e-01,
-6.25200e-03,-6.24e-01,
-6.25000e-03,-6.20e-01,
-6.24800e-03,-6.08e-01,
-6.24600e-03,-6.12e-01,
-6.24400e-03,-6.12e-01,
-6.24200e-03,-6.32e-01,
-6.24000e-03,-6.84e-01,
-6.23800e-03,-6.92e-01,
-6.23600e-03,-7.16e-01,
-6.23400e-03,-7.28e-01,
-6.23200e-03,-7.00e-01,
-6.23000e-03,-6.68e-01,
-6.22800e-03,-6.68e-01,
-6.22600e-03,-6.52e-01,
-6.22400e-03,-6.48e-01,
-6.22200e-03,-6.44e-01,
-6.22000e-03,-6.28e-01,
-6.21800e-03,-6.32e-01,
-6.21600e-03,-6.28e-01,
-6.21400e-03,-6.24e-01,
-6.21200e-03,-6.20e-01,
-6.21000e-03,-6.36e-01,
-6.20800e-03,-6.36e-01,
-6.20600e-03,-6.20e-01,
-6.20400e-03,-6.12e-01,
-6.20200e-03,-6.24e-01,
-6.20000e-03,-6.24e-01,
-6.19800e-03,-6.20e-01,
-6.19600e-03,-6.12e-01,
-6.19400e-03,-6.68e-01,
-6.19200e-03,-6.88e-01,
-6.19000e-03,-7.16e-01,
-6.18800e-03,-7.16e-01,
-6.18600e-03,-6.96e-01,
-6.18400e-03,-6.84e-01,
-6.18200e-03,-6.80e-01,
-6.18000e-03,-6.68e-01,
-6.17800e-03,-6.52e-01,
-6.17600e-03,-6.48e-01,
-6.17400e-03,-6.36e-01,
-6.17200e-03,-6.36e-01,
-6.17000e-03,-6.28e-01,
-6.16800e-03,-6.20e-01,
-6.16600e-03,-6.20e-01,
-6.16400e-03,-6.28e-01,
-6.16200e-03,-6.16e-01,
-6.16000e-03,-6.12e-01,
-6.15800e-03,-6.16e-01,
-6.15600e-03,-6.16e-01,
-6.15400e-03,-6.16e-01,
-6.15200e-03,-6.04e-01,
-6.15000e-03,-6.32e-01,
-6.14800e-03,-7.00e-01,
-6.14600e-03,-6.84e-01,
-6.14400e-03,-7.04e-01,
-6.14200e-03,-6.84e-01,
-6.14000e-03,-6.64e-01,
-6.13800e-03,-6.28e-01,
-6.13600e-03,-6.20e-01,
-6.13400e-03,-6.04e-01,
-6.13200e-03,-6.12e-01,
-6.13000e-03,-6.20e-01,
-6.12800e-03,-6.04e-01,
-6.12600e-03,-6.20e-01,
-6.12400e-03,-5.96e-01,
-6.12200e-03,-6.12e-01,
-6.12000e-03,-6.28e-01,
-6.11800e-03,-6.20e-01,
-6.11600e-03,-6.20e-01,
-6.11400e-03,-6.28e-01,
-6.11200e-03,-6.20e-01,
-6.11000e-03,-6.20e-01,
-6.10800e-03,-6.20e-01,
-6.10600e-03,-6.20e-01,
-6.10400e-03,-6.44e-01,
-6.10200e-03,-7.00e-01,
-6.10000e-03,-6.88e-01,
-6.09800e-03,-6.92e-01,
-6.09600e-03,-6.84e-01,
-6.09400e-03,-6.48e-01,
-6.09200e-03,-6.28e-01,
-6.09000e-03,-6.20e-01,
-6.08800e-03,-6.12e-01,
-6.08600e-03,-6.28e-01,
-6.08400e-03,-6.28e-01,
-6.08200e-03,-6.20e-01,
-6.08000e-03,-6.20e-01,
-6.07800e-03,-6.24e-01,
-6.07600e-03,-6.20e-01,
-6.07400e-03,-6.20e-01,
-6.07200e-03,-6.24e-01,
-6.07000e-03,-6.24e-01,
-6.06800e-03,-6.08e-01,
-6.06600e-03,-6.00e-01,
-6.06400e-03,-6.16e-01,
-6.06200e-03,-6.20e-01,
-6.06000e-03,-6.56e-01,
-6.05800e-03,-6.88e-01,
-6.05600e-03,-7.00e-01,
-6.05400e-03,-6.84e-01,
-6.05200e-03,-6.68e-01,
-6.05000e-03,-6.64e-01,
-6.04800e-03,-6.44e-01,
-6.04600e-03,-6.44e-01,
-6.04400e-03,-6.40e-01,
-6.04200e-03,-6.28e-01,
-6.04000e-03,-6.24e-01,
-6.03800e-03,-6.20e-01,
-6.03600e-03,-6.28e-01,
-6.03400e-03,-6.36e-01,
-6.03200e-03,-6.20e-01,
-6.03000e-03,-6.20e-01,
-6.02800e-03,-6.32e-01,
-6.02600e-03,-6.32e-01,
-6.02400e-03,-6.36e-01,
-6.02200e-03,-6.40e-01,
-6.02000e-03,-6.52e-01,
-6.01800e-03,-6.56e-01,
-6.01600e-03,-6.60e-01,
-6.01400e-03,-6.96e-01,
-6.01200e-03,-7.16e-01,
-6.01000e-03,-6.84e-01,
-6.00800e-03,-6.76e-01,
-6.00600e-03,-6.68e-01,
-6.00400e-03,-6.52e-01,
-6.00200e-03,-6.48e-01,
-6.00000e-03,-6.44e-01,
-5.99800e-03,-6.44e-01,
-5.99600e-03,-6.36e-01,
-5.99400e-03,-6.44e-01,
-5.99200e-03,-6.28e-01,
-5.99000e-03,-6.44e-01,
-5.98800e-03,-6.52e-01,
-5.98600e-03,-6.40e-01,
-5.98400e-03,-6.36e-01,
-5.98200e-03,-6.48e-01,
-5.98000e-03,-6.44e-01,
-5.97800e-03,-6.28e-01,
-5.97600e-03,-6.20e-01,
-5.97400e-03,-6.04e-01,
-5.97200e-03,-6.44e-01,
-5.97000e-03,-6.52e-01,
-5.96800e-03,-6.88e-01,
-5.96600e-03,-7.20e-01,
-5.96400e-03,-7.00e-01,
-5.96200e-03,-6.84e-01,
-5.96000e-03,-6.64e-01,
-5.95800e-03,-6.44e-01,
-5.95600e-03,-6.40e-01,
-5.95400e-03,-6.36e-01,
-5.95200e-03,-6.36e-01,
-5.95000e-03,-6.32e-01,
-5.94800e-03,-6.20e-01,
-5.94600e-03,-6.32e-01,
-5.94400e-03,-6.24e-01,
-5.94200e-03,-6.20e-01,
-5.94000e-03,-6.32e-01,
-5.93800e-03,-6.28e-01,
-5.93600e-03,-6.12e-01,
-5.93400e-03,-6.16e-01,
-5.93200e-03,-6.20e-01,
-5.93000e-03,-6.20e-01,
-5.92800e-03,-6.08e-01,
-5.92600e-03,-6.08e-01,
-5.92400e-03,-6.04e-01,
-5.92200e-03,-6.12e-01,
-5.92000e-03,-6.36e-01,
-5.91800e-03,-6.36e-01,
-5.91600e-03,-6.40e-01,
-5.91400e-03,-6.32e-01,
-5.91200e-03,-6.28e-01,
-5.91000e-03,-6.32e-01,
-5.90800e-03,-6.36e-01,
-5.90600e-03,-6.40e-01,
-5.90400e-03,-6.52e-01,
-5.90200e-03,-6.52e-01,
-5.90000e-03,-6.32e-01,
-5.89800e-03,-6.36e-01,
-5.89600e-03,-6.28e-01,
-5.89400e-03,-6.28e-01,
-5.89200e-03,-6.48e-01,
-5.89000e-03,-6.28e-01,
-5.88800e-03,-6.28e-01,
-5.88600e-03,-6.20e-01,
-5.88400e-03,-6.16e-01,
-5.88200e-03,-6.04e-01,
-5.88000e-03,-6.04e-01,
-5.87800e-03,-6.16e-01,
-5.87600e-03,-6.20e-01,
-5.87400e-03,-6.28e-01,
-5.87200e-03,-6.36e-01,
-5.87000e-03,-6.36e-01,
-5.86800e-03,-6.44e-01,
-5.86600e-03,-6.48e-01,
-5.86400e-03,-6.40e-01,
-5.86200e-03,-6.44e-01,
-5.86000e-03,-6.48e-01,
-5.85800e-03,-6.52e-01,
-5.85600e-03,-6.44e-01,
-5.85400e-03,-6.40e-01,
-5.85200e-03,-6.40e-01,
-5.85000e-03,-6.52e-01,
-5.84800e-03,-6.44e-01,
-5.84600e-03,-6.52e-01,
-5.84400e-03,-6.52e-01,
-5.84200e-03,-6.48e-01,
-5.84000e-03,-6.40e-01,
-5.83800e-03,-6.40e-01,
-5.83600e-03,-6.52e-01,
-5.83400e-03,-6.52e-01,
-5.83200e-03,-6.56e-01,
-5.83000e-03,-6.48e-01,
-5.82800e-03,-6.36e-01,
-5.82600e-03,-6.36e-01,
-5.82400e-03,-6.36e-01,
-5.82200e-03,-6.36e-01,
-5.82000e-03,-6.48e-01,
-5.81800e-03,-6.76e-01,
-5.81600e-03,-6.72e-01,
-5.81400e-03,-6.64e-01,
-5.81200e-03,-6.44e-01,
-5.81000e-03,-6.52e-01,
-5.80800e-03,-6.32e-01,
-5.80600e-03,-6.36e-01,
-5.80400e-03,-6.48e-01,
-5.80200e-03,-6.48e-01,
-5.80000e-03,-6.40e-01,
-5.79800e-03,-6.40e-01,
-5.79600e-03,-6.28e-01,
-5.79400e-03,-6.36e-01,
-5.79200e-03,-6.44e-01,
-5.79000e-03,-6.36e-01,
-5.78800e-03,-6.40e-01,
-5.78600e-03,-6.40e-01,
-5.78400e-03,-6.44e-01,
-5.78200e-03,-6.36e-01,
-5.78000e-03,-6.48e-01,
-5.77800e-03,-6.48e-01,
-5.77600e-03,-6.52e-01,
-5.77400e-03,-6.48e-01,
-5.77200e-03,-6.48e-01,
-5.77000e-03,-6.44e-01,
-5.76800e-03,-6.36e-01,
-5.76600e-03,-6.44e-01,
-5.76400e-03,-6.56e-01,
-5.76200e-03,-6.48e-01,
-5.76000e-03,-6.44e-01,
-5.75800e-03,-6.52e-01,
-5.75600e-03,-6.40e-01,
-5.75400e-03,-6.44e-01,
-5.75200e-03,-6.52e-01,
-5.75000e-03,-6.84e-01,
-5.74800e-03,-7.16e-01,
-5.74600e-03,-7.16e-01,
-5.74400e-03,-7.04e-01,
-5.74200e-03,-7.00e-01,
-5.74000e-03,-6.80e-01,
-5.73800e-03,-6.72e-01,
-5.73600e-03,-6.72e-01,
-5.73400e-03,-6.84e-01,
-5.73200e-03,-6.84e-01,
-5.73000e-03,-6.72e-01,
-5.72800e-03,-6.64e-01,
-5.72600e-03,-6.76e-01,
-5.72400e-03,-6.68e-01,
-5.72200e-03,-6.68e-01,
-5.72000e-03,-6.68e-01,
-5.71800e-03,-6.44e-01,
-5.71600e-03,-6.56e-01,
-5.71400e-03,-6.60e-01,
-5.71200e-03,-6.44e-01,
-5.71000e-03,-6.36e-01,
-5.70800e-03,-6.76e-01,
-5.70600e-03,-6.68e-01,
-5.70400e-03,-7.00e-01,
-5.70200e-03,-7.36e-01,
-5.70000e-03,-7.40e-01,
-5.69800e-03,-7.16e-01,
-5.69600e-03,-7.00e-01,
-5.69400e-03,-6.92e-01,
-5.69200e-03,-6.68e-01,
-5.69000e-03,-6.32e-01,
-5.68800e-03,-6.36e-01,
-5.68600e-03,-6.32e-01,
-5.68400e-03,-6.44e-01,
-5.68200e-03,-6.36e-01,
-5.68000e-03,-6.36e-01,
-5.67800e-03,-6.32e-01,
-5.67600e-03,-6.24e-01,
-5.67400e-03,-6.16e-01,
-5.67200e-03,-6.20e-01,
-5.67000e-03,-6.16e-01,
-5.66800e-03,-6.16e-01,
-5.66600e-03,-6.08e-01,
-5.66400e-03,-6.20e-01,
-5.66200e-03,-6.84e-01,
-5.66000e-03,-6.88e-01,
-5.65800e-03,-7.08e-01,
-5.65600e-03,-7.32e-01,
-5.65400e-03,-7.00e-01,
-5.65200e-03,-6.88e-01,
-5.65000e-03,-6.52e-01,
-5.64800e-03,-6.48e-01,
-5.64600e-03,-6.32e-01,
-5.64400e-03,-6.24e-01,
-5.64200e-03,-6.24e-01,
-5.64000e-03,-6.20e-01,
-5.63800e-03,-6.20e-01,
-5.63600e-03,-6.04e-01,
-5.63400e-03,-6.04e-01,
-5.63200e-03,-6.00e-01,
-5.63000e-03,-6.04e-01,
-5.62800e-03,-6.20e-01,
-5.62600e-03,-6.20e-01,
-5.62400e-03,-6.16e-01,
-5.62200e-03,-6.12e-01,
-5.62000e-03,-6.36e-01,
-5.61800e-03,-7.28e-01,
-5.61600e-03,-7.32e-01,
-5.61400e-03,-7.44e-01,
-5.61200e-03,-7.24e-01,
-5.61000e-03,-6.84e-01,
-5.60800e-03,-6.68e-01,
-5.60600e-03,-6.68e-01,
-5.60400e-03,-6.64e-01,
-5.60200e-03,-6.44e-01,
-5.60000e-03,-6.16e-01,
-5.59800e-03,-6.24e-01,
-5.59600e-03,-6.24e-01,
-5.59400e-03,-6.28e-01,
-5.59200e-03,-6.28e-01,
-5.59000e-03,-6.24e-01,
-5.58800e-03,-6.32e-01,
-5.58600e-03,-6.36e-01,
-5.58400e-03,-6.20e-01,
-5.58200e-03,-6.04e-01,
-5.58000e-03,-5.92e-01,
-5.57800e-03,-5.96e-01,
-5.57600e-03,-6.00e-01,
-5.57400e-03,-6.28e-01,
-5.57200e-03,-7.08e-01,
-5.57000e-03,-6.88e-01,
-5.56800e-03,-7.12e-01,
-5.56600e-03,-7.04e-01,
-5.56400e-03,-6.60e-01,
-5.56200e-03,-6.36e-01,
-5.56000e-03,-6.24e-01,
-5.55800e-03,-6.16e-01,
-5.55600e-03,-6.16e-01,
-5.55400e-03,-6.20e-01,
-5.55200e-03,-6.00e-01,
-5.55000e-03,-6.04e-01,
-5.54800e-03,-6.12e-01,
-5.54600e-03,-6.12e-01,
-5.54400e-03,-6.20e-01,
-5.54200e-03,-6.12e-01,
-5.54000e-03,-6.04e-01,
-5.53800e-03,-6.20e-01,
-5.53600e-03,-6.32e-01,
-5.53400e-03,-6.16e-01,
-5.53200e-03,-6.16e-01,
-5.53000e-03,-6.16e-01,
-5.52800e-03,-6.40e-01,
-5.52600e-03,-7.04e-01,
-5.52400e-03,-6.92e-01,
-5.52200e-03,-7.00e-01,
-5.52000e-03,-6.88e-01,
-5.51800e-03,-6.52e-01,
-5.51600e-03,-6.36e-01,
-5.51400e-03,-6.32e-01,
-5.51200e-03,-6.20e-01,
-5.51000e-03,-6.24e-01,
-5.50800e-03,-6.24e-01,
-5.50600e-03,-6.12e-01,
-5.50400e-03,-6.20e-01,
-5.50200e-03,-6.44e-01,
-5.50000e-03,-6.52e-01,
-5.49800e-03,-5.92e-01,
-5.49600e-03,-6.08e-01,
-5.49400e-03,-6.04e-01,
-5.49200e-03,-6.04e-01,
-5.49000e-03,-6.28e-01,
-5.48800e-03,-6.32e-01,
-5.48600e-03,-6.36e-01,
-5.48400e-03,-6.64e-01,
-5.48200e-03,-7.08e-01,
-5.48000e-03,-6.88e-01,
-5.47800e-03,-6.84e-01,
-5.47600e-03,-6.80e-01,
-5.47400e-03,-6.68e-01,
-5.47200e-03,-6.40e-01,
-5.47000e-03,-6.36e-01,
-5.46800e-03,-6.28e-01,
-5.46600e-03,-6.12e-01,
-5.46400e-03,-6.16e-01,
-5.46200e-03,-6.24e-01,
-5.46000e-03,-6.20e-01,
-5.45800e-03,-6.28e-01,
-5.45600e-03,-6.36e-01,
-5.45400e-03,-6.44e-01,
-5.45200e-03,-6.36e-01,
-5.45000e-03,-6.36e-01,
-5.44800e-03,-6.20e-01,
-5.44600e-03,-6.20e-01,
-5.44400e-03,-6.28e-01,
-5.44200e-03,-6.56e-01,
-5.44000e-03,-6.76e-01,
-5.43800e-03,-7.04e-01,
-5.43600e-03,-7.20e-01,
-5.43400e-03,-6.72e-01,
-5.43200e-03,-6.68e-01,
-5.43000e-03,-6.48e-01,
-5.42800e-03,-6.40e-01,
-5.42600e-03,-6.24e-01,
-5.42400e-03,-6.24e-01,
-5.42200e-03,-6.20e-01,
-5.42000e-03,-6.36e-01,
-5.41800e-03,-6.28e-01,
-5.41600e-03,-6.16e-01,
-5.41400e-03,-6.32e-01,
-5.41200e-03,-6.36e-01,
-5.41000e-03,-6.16e-01,
-5.40800e-03,-5.92e-01,
-5.40600e-03,-6.08e-01,
-5.40400e-03,-6.04e-01,
-5.40200e-03,-6.08e-01,
-5.40000e-03,-6.28e-01,
-5.39800e-03,-6.88e-01,
-5.39600e-03,-6.84e-01,
-5.39400e-03,-7.16e-01,
-5.39200e-03,-7.16e-01,
-5.39000e-03,-6.84e-01,
-5.38800e-03,-6.44e-01,
-5.38600e-03,-6.44e-01,
-5.38400e-03,-6.40e-01,
-5.38200e-03,-6.44e-01,
-5.38000e-03,-6.64e-01,
-5.37800e-03,-6.32e-01,
-5.37600e-03,-6.20e-01,
-5.37400e-03,-6.24e-01,
-5.37200e-03,-6.32e-01,
-5.37000e-03,-6.36e-01,
-5.36800e-03,-6.40e-01,
-5.36600e-03,-6.36e-01,
-5.36400e-03,-6.32e-01,
-5.36200e-03,-6.24e-01,
-5.36000e-03,-6.28e-01,
-5.35800e-03,-6.28e-01,
-5.35600e-03,-6.28e-01,
-5.35400e-03,-6.28e-01,
-5.35200e-03,-6.04e-01,
-5.35000e-03,-6.12e-01,
-5.34800e-03,-6.04e-01,
-5.34600e-03,-6.04e-01,
-5.34400e-03,-6.16e-01,
-5.34200e-03,-6.36e-01,
-5.34000e-03,-6.24e-01,
-5.33800e-03,-6.08e-01,
-5.33600e-03,-6.12e-01,
-5.33400e-03,-5.92e-01,
-5.33200e-03,-6.12e-01,
-5.33000e-03,-6.20e-01,
-5.32800e-03,-6.24e-01,
-5.32600e-03,-6.28e-01,
-5.32400e-03,-6.28e-01,
-5.32200e-03,-6.28e-01,
-5.32000e-03,-6.20e-01,
-5.31800e-03,-6.28e-01,
-5.31600e-03,-6.08e-01,
-5.31400e-03,-6.16e-01,
-5.31200e-03,-6.16e-01,
-5.31000e-03,-6.32e-01,
-5.30800e-03,-6.40e-01,
-5.30600e-03,-6.32e-01,
-5.30400e-03,-6.36e-01,
-5.30200e-03,-6.36e-01,
-5.30000e-03,-6.32e-01,
-5.29800e-03,-6.36e-01,
-5.29600e-03,-6.36e-01,
-5.29400e-03,-6.32e-01,
-5.29200e-03,-6.36e-01,
-5.29000e-03,-6.44e-01,
-5.28800e-03,-6.48e-01,
-5.28600e-03,-6.52e-01,
-5.28400e-03,-6.64e-01,
-5.28200e-03,-6.52e-01,
-5.28000e-03,-6.60e-01,
-5.27800e-03,-6.60e-01,
-5.27600e-03,-6.60e-01,
-5.27400e-03,-6.48e-01,
-5.27200e-03,-6.52e-01,
-5.27000e-03,-6.60e-01,
-5.26800e-03,-6.52e-01,
-5.26600e-03,-6.48e-01,
-5.26400e-03,-6.36e-01,
-5.26200e-03,-6.32e-01,
-5.26000e-03,-6.56e-01,
-5.25800e-03,-6.48e-01,
-5.25600e-03,-6.44e-01,
-5.25400e-03,-6.52e-01,
-5.25200e-03,-6.36e-01,
-5.25000e-03,-6.44e-01,
-5.24800e-03,-6.44e-01,
-5.24600e-03,-6.60e-01,
-5.24400e-03,-6.44e-01,
-5.24200e-03,-6.60e-01,
-5.24000e-03,-6.52e-01,
-5.23800e-03,-6.44e-01,
-5.23600e-03,-6.40e-01,
-5.23400e-03,-6.08e-01,
-5.23200e-03,-6.32e-01,
-5.23000e-03,-6.20e-01,
-5.22800e-03,-6.20e-01,
-5.22600e-03,-6.36e-01,
-5.22400e-03,-6.28e-01,
-5.22200e-03,-6.28e-01,
-5.22000e-03,-6.32e-01,
-5.21800e-03,-6.36e-01,
-5.21600e-03,-6.44e-01,
-5.21400e-03,-6.40e-01,
-5.21200e-03,-6.40e-01,
-5.21000e-03,-6.52e-01,
-5.20800e-03,-6.52e-01,
-5.20600e-03,-6.40e-01,
-5.20400e-03,-6.48e-01,
-5.20200e-03,-6.48e-01,
-5.20000e-03,-6.40e-01,
-5.19800e-03,-6.28e-01,
-5.19600e-03,-6.24e-01,
-5.19400e-03,-6.28e-01,
-5.19200e-03,-6.40e-01,
-5.19000e-03,-6.52e-01,
-5.18800e-03,-6.88e-01,
-5.18600e-03,-6.96e-01,
-5.18400e-03,-7.00e-01,
-5.18200e-03,-7.32e-01,
-5.18000e-03,-7.28e-01,
-5.17800e-03,-6.96e-01,
-5.17600e-03,-6.80e-01,
-5.17400e-03,-6.68e-01,
-5.17200e-03,-6.64e-01,
-5.17000e-03,-6.52e-01,
-5.16800e-03,-6.48e-01,
-5.16600e-03,-6.48e-01,
-5.16400e-03,-6.48e-01,
-5.16200e-03,-6.52e-01,
-5.16000e-03,-6.36e-01,
-5.15800e-03,-6.44e-01,
-5.15600e-03,-6.48e-01,
-5.15400e-03,-6.52e-01,
-5.15200e-03,-6.40e-01,
-5.15000e-03,-6.24e-01,
-5.14800e-03,-6.20e-01,
-5.14600e-03,-6.28e-01,
-5.14400e-03,-6.36e-01,
-5.14200e-03,-6.84e-01,
-5.14000e-03,-6.96e-01,
-5.13800e-03,-7.32e-01,
-5.13600e-03,-7.32e-01,
-5.13400e-03,-7.20e-01,
-5.13200e-03,-7.00e-01,
-5.13000e-03,-6.84e-01,
-5.12800e-03,-6.80e-01,
-5.12600e-03,-6.60e-01,
-5.12400e-03,-6.32e-01,
-5.12200e-03,-6.24e-01,
-5.12000e-03,-6.16e-01,
-5.11800e-03,-6.16e-01,
-5.11600e-03,-6.16e-01,
-5.11400e-03,-6.12e-01,
-5.11200e-03,-6.24e-01,
-5.11000e-03,-6.24e-01,
-5.10800e-03,-6.28e-01,
-5.10600e-03,-6.36e-01,
-5.10400e-03,-6.28e-01,
-5.10200e-03,-6.20e-01,
-5.10000e-03,-6.12e-01,
-5.09800e-03,-6.36e-01,
-5.09600e-03,-7.12e-01,
-5.09400e-03,-6.96e-01,
-5.09200e-03,-7.08e-01,
-5.09000e-03,-7.24e-01,
-5.08800e-03,-7.00e-01,
-5.08600e-03,-6.80e-01,
-5.08400e-03,-6.64e-01,
-5.08200e-03,-6.36e-01,
-5.08000e-03,-6.28e-01,
-5.07800e-03,-6.20e-01,
-5.07600e-03,-6.04e-01,
-5.07400e-03,-6.08e-01,
-5.07200e-03,-6.12e-01,
-5.07000e-03,-6.12e-01,
-5.06800e-03,-5.96e-01,
-5.06600e-03,-6.04e-01,
-5.06400e-03,-6.20e-01,
-5.06200e-03,-6.24e-01,
-5.06000e-03,-6.28e-01,
-5.05800e-03,-6.12e-01,
-5.05600e-03,-6.20e-01,
-5.05400e-03,-6.64e-01,
-5.05200e-03,-7.16e-01,
-5.05000e-03,-7.28e-01,
-5.04800e-03,-7.24e-01,
-5.04600e-03,-7.00e-01,
-5.04400e-03,-6.80e-01,
-5.04200e-03,-6.36e-01,
-5.04000e-03,-6.32e-01,
-5.03800e-03,-6.28e-01,
-5.03600e-03,-6.32e-01,
-5.03400e-03,-6.24e-01,
-5.03200e-03,-6.36e-01,
-5.03000e-03,-6.32e-01,
-5.02800e-03,-6.28e-01,
-5.02600e-03,-6.20e-01,
-5.02400e-03,-6.12e-01,
-5.02200e-03,-6.12e-01,
-5.02000e-03,-6.12e-01,
-5.01800e-03,-6.24e-01,
-5.01600e-03,-6.16e-01,
-5.01400e-03,-5.80e-01,
-5.01200e-03,-6.00e-01,
-5.01000e-03,-6.08e-01,
-5.00800e-03,-6.60e-01,
-5.00600e-03,-7.00e-01,
-5.00400e-03,-6.88e-01,
-5.00200e-03,-6.88e-01,
-5.00000e-03,-6.68e-01,
-4.99800e-03,-6.72e-01,
-4.99600e-03,-6.24e-01,
-4.99400e-03,-6.40e-01,
-4.99200e-03,-6.36e-01,
-4.99000e-03,-6.44e-01,
-4.98800e-03,-6.28e-01,
-4.98600e-03,-6.00e-01,
-4.98400e-03,-6.04e-01,
-4.98200e-03,-6.08e-01,
-4.98000e-03,-6.04e-01,
-4.97800e-03,-6.16e-01,
-4.97600e-03,-6.24e-01,
-4.97400e-03,-6.20e-01,
-4.97200e-03,-6.28e-01,
-4.97000e-03,-6.24e-01,
-4.96800e-03,-6.00e-01,
-4.96600e-03,-6.32e-01,
-4.96400e-03,-6.64e-01,
-4.96200e-03,-6.68e-01,
-4.96000e-03,-7.20e-01,
-4.95800e-03,-6.96e-01,
-4.95600e-03,-6.80e-01,
-4.95400e-03,-6.64e-01,
-4.95200e-03,-6.44e-01,
-4.95000e-03,-6.20e-01,
-4.94800e-03,-6.28e-01,
-4.94600e-03,-6.28e-01,
-4.94400e-03,-6.24e-01,
-4.94200e-03,-6.32e-01,
-4.94000e-03,-6.28e-01,
-4.93800e-03,-6.32e-01,
-4.93600e-03,-6.36e-01,
-4.93400e-03,-6.40e-01,
-4.93200e-03,-6.24e-01,
-4.93000e-03,-6.28e-01,
-4.92800e-03,-6.24e-01,
-4.92600e-03,-6.20e-01,
-4.92400e-03,-6.20e-01,
-4.92200e-03,-6.56e-01,
-4.92000e-03,-6.52e-01,
-4.91800e-03,-6.88e-01,
-4.91600e-03,-6.96e-01,
-4.91400e-03,-6.80e-01,
-4.91200e-03,-6.76e-01,
-4.91000e-03,-6.68e-01,
-4.90800e-03,-6.52e-01,
-4.90600e-03,-6.36e-01,
-4.90400e-03,-6.12e-01,
-4.90200e-03,-6.16e-01,
-4.90000e-03,-5.96e-01,
-4.89800e-03,-6.20e-01,
-4.89600e-03,-6.24e-01,
-4.89400e-03,-6.04e-01,
-4.89200e-03,-6.20e-01,
-4.89000e-03,-6.44e-01,
-4.88800e-03,-6.32e-01,
-4.88600e-03,-6.12e-01,
-4.88400e-03,-6.20e-01,
-4.88200e-03,-6.16e-01,
-4.88000e-03,-6.24e-01,
-4.87800e-03,-6.52e-01,
-4.87600e-03,-6.96e-01,
-4.87400e-03,-6.96e-01,
-4.87200e-03,-7.04e-01,
-4.87000e-03,-6.96e-01,
-4.86800e-03,-6.72e-01,
-4.86600e-03,-6.56e-01,
-4.86400e-03,-6.36e-01,
-4.86200e-03,-6.36e-01,
-4.86000e-03,-6.32e-01,
-4.85800e-03,-6.32e-01,
-4.85600e-03,-6.32e-01,
-4.85400e-03,-6.36e-01,
-4.85200e-03,-6.28e-01,
-4.85000e-03,-6.20e-01,
-4.84800e-03,-6.16e-01,
-4.84600e-03,-6.20e-01,
-4.84400e-03,-6.28e-01,
-4.84200e-03,-6.20e-01,
-4.84000e-03,-6.16e-01,
-4.83800e-03,-6.20e-01,
-4.83600e-03,-6.20e-01,
-4.83400e-03,-6.40e-01,
-4.83200e-03,-6.84e-01,
-4.83000e-03,-6.88e-01,
-4.82800e-03,-6.96e-01,
-4.82600e-03,-6.80e-01,
-4.82400e-03,-6.72e-01,
-4.82200e-03,-6.40e-01,
-4.82000e-03,-6.44e-01,
-4.81800e-03,-6.40e-01,
-4.81600e-03,-6.52e-01,
-4.81400e-03,-6.52e-01,
-4.81200e-03,-6.36e-01,
-4.81000e-03,-6.36e-01,
-4.80800e-03,-6.12e-01,
-4.80600e-03,-6.20e-01,
-4.80400e-03,-6.36e-01,
-4.80200e-03,-6.12e-01,
-4.80000e-03,-6.20e-01,
-4.79800e-03,-6.12e-01,
-4.79600e-03,-6.16e-01,
-4.79400e-03,-6.24e-01,
-4.79200e-03,-6.28e-01,
-4.79000e-03,-6.40e-01,
-4.78800e-03,-6.32e-01,
-4.78600e-03,-6.12e-01,
-4.78400e-03,-6.20e-01,
-4.78200e-03,-6.16e-01,
-4.78000e-03,-6.20e-01,
-4.77800e-03,-6.20e-01,
-4.77600e-03,-6.24e-01,
-4.77400e-03,-6.28e-01,
-4.77200e-03,-6.36e-01,
-4.77000e-03,-6.36e-01,
-4.76800e-03,-6.28e-01,
-4.76600e-03,-6.28e-01,
-4.76400e-03,-6.28e-01,
-4.76200e-03,-6.20e-01,
-4.76000e-03,-6.28e-01,
-4.75800e-03,-6.20e-01,
-4.75600e-03,-6.28e-01,
-4.75400e-03,-6.32e-01,
-4.75200e-03,-6.20e-01,
-4.75000e-03,-6.24e-01,
-4.74800e-03,-6.40e-01,
-4.74600e-03,-6.36e-01,
-4.74400e-03,-6.40e-01,
-4.74200e-03,-6.32e-01,
-4.74000e-03,-6.28e-01,
-4.73800e-03,-6.24e-01,
-4.73600e-03,-6.20e-01,
-4.73400e-03,-6.32e-01,
-4.73200e-03,-6.32e-01,
-4.73000e-03,-6.24e-01,
-4.72800e-03,-6.24e-01,
-4.72600e-03,-6.28e-01,
-4.72400e-03,-6.36e-01,
-4.72200e-03,-6.36e-01,
-4.72000e-03,-6.36e-01,
-4.71800e-03,-6.32e-01,
-4.71600e-03,-6.36e-01,
-4.71400e-03,-6.44e-01,
-4.71200e-03,-6.40e-01,
-4.71000e-03,-6.52e-01,
-4.70800e-03,-6.60e-01,
-4.70600e-03,-6.60e-01,
-4.70400e-03,-6.44e-01,
-4.70200e-03,-6.52e-01,
-4.70000e-03,-6.48e-01,
-4.69800e-03,-6.60e-01,
-4.69600e-03,-6.60e-01,
-4.69400e-03,-6.56e-01,
-4.69200e-03,-6.52e-01,
-4.69000e-03,-6.52e-01,
-4.68800e-03,-6.44e-01,
-4.68600e-03,-6.36e-01,
-4.68400e-03,-6.48e-01,
-4.68200e-03,-6.44e-01,
-4.68000e-03,-6.44e-01,
-4.67800e-03,-6.56e-01,
-4.67600e-03,-6.52e-01,
-4.67400e-03,-6.48e-01,
-4.67200e-03,-6.40e-01,
-4.67000e-03,-6.44e-01,
-4.66800e-03,-6.52e-01,
-4.66600e-03,-6.52e-01,
-4.66400e-03,-6.48e-01,
-4.66200e-03,-6.36e-01,
-4.66000e-03,-6.40e-01,
-4.65800e-03,-6.40e-01,
-4.65600e-03,-6.40e-01,
-4.65400e-03,-6.36e-01,
-4.65200e-03,-6.36e-01,
-4.65000e-03,-6.36e-01,
-4.64800e-03,-6.24e-01,
-4.64600e-03,-6.20e-01,
-4.64400e-03,-6.20e-01,
-4.64200e-03,-6.32e-01,
-4.64000e-03,-6.32e-01,
-4.63800e-03,-6.44e-01,
-4.63600e-03,-6.40e-01,
-4.63400e-03,-6.40e-01,
-4.63200e-03,-6.36e-01,
-4.63000e-03,-6.28e-01,
-4.62800e-03,-6.20e-01,
-4.62600e-03,-6.20e-01,
-4.62400e-03,-6.32e-01,
-4.62200e-03,-6.68e-01,
-4.62000e-03,-6.96e-01,
-4.61800e-03,-7.16e-01,
-4.61600e-03,-7.08e-01,
-4.61400e-03,-7.00e-01,
-4.61200e-03,-6.80e-01,
-4.61000e-03,-6.76e-01,
-4.60800e-03,-6.68e-01,
-4.60600e-03,-6.68e-01,
-4.60400e-03,-6.60e-01,
-4.60200e-03,-6.44e-01,
-4.60000e-03,-6.48e-01,
-4.59800e-03,-6.48e-01,
-4.59600e-03,-6.52e-01,
-4.59400e-03,-6.68e-01,
-4.59200e-03,-6.52e-01,
-4.59000e-03,-6.48e-01,
-4.58800e-03,-6.44e-01,
-4.58600e-03,-6.32e-01,
-4.58400e-03,-6.52e-01,
-4.58200e-03,-6.40e-01,
-4.58000e-03,-6.36e-01,
-4.57800e-03,-6.40e-01,
-4.57600e-03,-6.88e-01,
-4.57400e-03,-7.08e-01,
-4.57200e-03,-7.32e-01,
-4.57000e-03,-7.20e-01,
-4.56800e-03,-7.16e-01,
-4.56600e-03,-6.84e-01,
-4.56400e-03,-6.68e-01,
-4.56200e-03,-6.52e-01,
-4.56000e-03,-6.60e-01,
-4.55800e-03,-6.40e-01,
-4.55600e-03,-6.36e-01,
-4.55400e-03,-6.36e-01,
-4.55200e-03,-6.36e-01,
-4.55000e-03,-6.40e-01,
-4.54800e-03,-6.28e-01,
-4.54600e-03,-6.28e-01,
-4.54400e-03,-6.24e-01,
-4.54200e-03,-6.08e-01,
-4.54000e-03,-6.16e-01,
-4.53800e-03,-6.20e-01,
-4.53600e-03,-6.28e-01,
-4.53400e-03,-6.32e-01,
-4.53200e-03,-6.56e-01,
-4.53000e-03,-7.28e-01,
-4.52800e-03,-7.20e-01,
-4.52600e-03,-7.24e-01,
-4.52400e-03,-7.12e-01,
-4.52200e-03,-6.68e-01,
-4.52000e-03,-6.52e-01,
-4.51800e-03,-6.52e-01,
-4.51600e-03,-6.40e-01,
-4.51400e-03,-6.52e-01,
-4.51200e-03,-6.36e-01,
-4.51000e-03,-6.20e-01,
-4.50800e-03,-6.12e-01,
-4.50600e-03,-6.12e-01,
-4.50400e-03,-6.16e-01,
-4.50200e-03,-6.20e-01,
-4.50000e-03,-6.16e-01,
-4.49800e-03,-6.08e-01,
-4.49600e-03,-6.20e-01,
-4.49400e-03,-6.16e-01,
-4.49200e-03,-6.28e-01,
-4.49000e-03,-6.32e-01,
-4.48800e-03,-6.92e-01,
-4.48600e-03,-7.16e-01,
-4.48400e-03,-7.20e-01,
-4.48200e-03,-7.08e-01,
-4.48000e-03,-6.84e-01,
-4.47800e-03,-6.68e-01,
-4.47600e-03,-6.52e-01,
-4.47400e-03,-6.48e-01,
-4.47200e-03,-6.48e-01,
-4.47000e-03,-6.40e-01,
-4.46800e-03,-6.40e-01,
-4.46600e-03,-6.36e-01,
-4.46400e-03,-6.36e-01,
-4.46200e-03,-6.32e-01,
-4.46000e-03,-6.12e-01,
-4.45800e-03,-6.12e-01,
-4.45600e-03,-6.32e-01,
-4.45400e-03,-6.20e-01,
-4.45200e-03,-6.20e-01,
-4.45000e-03,-6.28e-01,
-4.44800e-03,-6.20e-01,
-4.44600e-03,-6.48e-01,
-4.44400e-03,-6.52e-01,
-4.44200e-03,-6.88e-01,
-4.44000e-03,-7.24e-01,
-4.43800e-03,-6.84e-01,
-4.43600e-03,-6.80e-01,
-4.43400e-03,-6.68e-01,
-4.43200e-03,-6.52e-01,
-4.43000e-03,-6.28e-01,
-4.42800e-03,-6.04e-01,
-4.42600e-03,-6.12e-01,
-4.42400e-03,-6.16e-01,
-4.42200e-03,-6.20e-01,
-4.42000e-03,-6.12e-01,
-4.41800e-03,-6.16e-01,
-4.41600e-03,-6.12e-01,
-4.41400e-03,-6.28e-01,
-4.41200e-03,-6.32e-01,
-4.41000e-03,-6.20e-01,
-4.40800e-03,-6.16e-01,
-4.40600e-03,-6.04e-01,
-4.40400e-03,-6.16e-01,
-4.40200e-03,-6.24e-01,
-4.40000e-03,-6.68e-01,
-4.39800e-03,-6.84e-01,
-4.39600e-03,-6.96e-01,
-4.39400e-03,-6.92e-01,
-4.39200e-03,-6.68e-01,
-4.39000e-03,-6.68e-01,
-4.38800e-03,-6.64e-01,
-4.38600e-03,-6.52e-01,
-4.38400e-03,-6.24e-01,
-4.38200e-03,-6.44e-01,
-4.38000e-03,-6.40e-01,
-4.37800e-03,-6.40e-01,
-4.37600e-03,-6.28e-01,
-4.37400e-03,-6.12e-01,
-4.37200e-03,-6.20e-01,
-4.37000e-03,-6.16e-01,
-4.36800e-03,-6.04e-01,
-4.36600e-03,-6.20e-01,
-4.36400e-03,-6.16e-01,
-4.36200e-03,-6.20e-01,
-4.36000e-03,-6.12e-01,
-4.35800e-03,-6.24e-01,
-4.35600e-03,-6.88e-01,
-4.35400e-03,-6.84e-01,
-4.35200e-03,-6.96e-01,
-4.35000e-03,-6.80e-01,
-4.34800e-03,-6.76e-01,
-4.34600e-03,-6.68e-01,
-4.34400e-03,-6.64e-01,
-4.34200e-03,-6.32e-01,
-4.34000e-03,-6.28e-01,
-4.33800e-03,-6.28e-01,
-4.33600e-03,-6.16e-01,
-4.33400e-03,-6.20e-01,
-4.33200e-03,-6.12e-01,
-4.33000e-03,-6.04e-01,
-4.32800e-03,-6.20e-01,
-4.32600e-03,-6.24e-01,
-4.32400e-03,-6.32e-01,
-4.32200e-03,-6.12e-01,
-4.32000e-03,-6.04e-01,
-4.31800e-03,-5.96e-01,
-4.31600e-03,-5.96e-01,
-4.31400e-03,-6.16e-01,
-4.31200e-03,-6.60e-01,
-4.31000e-03,-7.04e-01,
-4.30800e-03,-7.12e-01,
-4.30600e-03,-6.96e-01,
-4.30400e-03,-6.80e-01,
-4.30200e-03,-6.64e-01,
-4.30000e-03,-6.56e-01,
-4.29800e-03,-6.48e-01,
-4.29600e-03,-6.36e-01,
-4.29400e-03,-6.28e-01,
-4.29200e-03,-6.36e-01,
-4.29000e-03,-6.36e-01,
-4.28800e-03,-6.40e-01,
-4.28600e-03,-6.40e-01,
-4.28400e-03,-6.32e-01,
-4.28200e-03,-6.12e-01,
-4.28000e-03,-6.28e-01,
-4.27800e-03,-6.24e-01,
-4.27600e-03,-6.32e-01,
-4.27400e-03,-6.28e-01,
-4.27200e-03,-6.20e-01,
-4.27000e-03,-6.20e-01,
-4.26800e-03,-6.56e-01,
-4.26600e-03,-7.12e-01,
-4.26400e-03,-7.12e-01,
-4.26200e-03,-7.12e-01,
-4.26000e-03,-6.84e-01,
-4.25800e-03,-6.80e-01,
-4.25600e-03,-6.44e-01,
-4.25400e-03,-6.52e-01,
-4.25200e-03,-6.48e-01,
-4.25000e-03,-6.40e-01,
-4.24800e-03,-6.44e-01,
-4.24600e-03,-6.52e-01,
-4.24400e-03,-6.40e-01,
-4.24200e-03,-6.28e-01,
-4.24000e-03,-6.40e-01,
-4.23800e-03,-6.32e-01,
-4.23600e-03,-6.36e-01,
-4.23400e-03,-6.32e-01,
-4.23200e-03,-6.28e-01,
-4.23000e-03,-6.32e-01,
-4.22800e-03,-6.20e-01,
-4.22600e-03,-6.32e-01,
-4.22400e-03,-6.36e-01,
-4.22200e-03,-6.36e-01,
-4.22000e-03,-6.28e-01,
-4.21800e-03,-6.36e-01,
-4.21600e-03,-6.32e-01,
-4.21400e-03,-6.32e-01,
-4.21200e-03,-6.24e-01,
-4.21000e-03,-6.40e-01,
-4.20800e-03,-6.24e-01,
-4.20600e-03,-6.20e-01,
-4.20400e-03,-6.20e-01,
-4.20200e-03,-6.16e-01,
-4.20000e-03,-6.32e-01,
-4.19800e-03,-6.28e-01,
-4.19600e-03,-6.36e-01,
-4.19400e-03,-6.36e-01,
-4.19200e-03,-6.20e-01,
-4.19000e-03,-6.32e-01,
-4.18800e-03,-6.32e-01,
-4.18600e-03,-6.32e-01,
-4.18400e-03,-6.32e-01,
-4.18200e-03,-6.36e-01,
-4.18000e-03,-6.36e-01,
-4.17800e-03,-6.36e-01,
-4.17600e-03,-6.36e-01,
-4.17400e-03,-6.44e-01,
-4.17200e-03,-6.40e-01,
-4.17000e-03,-6.40e-01,
-4.16800e-03,-6.40e-01,
-4.16600e-03,-6.44e-01,
-4.16400e-03,-6.44e-01,
-4.16200e-03,-6.48e-01,
-4.16000e-03,-6.44e-01,
-4.15800e-03,-6.44e-01,
-4.15600e-03,-6.44e-01,
-4.15400e-03,-6.40e-01,
-4.15200e-03,-6.48e-01,
-4.15000e-03,-6.64e-01,
-4.14800e-03,-6.60e-01,
-4.14600e-03,-6.60e-01,
-4.14400e-03,-6.52e-01,
-4.14200e-03,-6.48e-01,
-4.14000e-03,-6.36e-01,
-4.13800e-03,-6.44e-01,
-4.13600e-03,-6.52e-01,
-4.13400e-03,-6.52e-01,
-4.13200e-03,-6.52e-01,
-4.13000e-03,-6.48e-01,
-4.12800e-03,-6.28e-01,
-4.12600e-03,-6.36e-01,
-4.12400e-03,-6.36e-01,
-4.12200e-03,-6.32e-01,
-4.12000e-03,-6.28e-01,
-4.11800e-03,-6.36e-01,
-4.11600e-03,-6.36e-01,
-4.11400e-03,-6.44e-01,
-4.11200e-03,-6.40e-01,
-4.11000e-03,-6.36e-01,
-4.10800e-03,-6.52e-01,
-4.10600e-03,-6.52e-01,
-4.10400e-03,-6.32e-01,
-4.10200e-03,-6.28e-01,
-4.10000e-03,-6.24e-01,
-4.09800e-03,-6.12e-01,
-4.09600e-03,-6.16e-01,
-4.09400e-03,-6.20e-01,
-4.09200e-03,-6.36e-01,
-4.09000e-03,-6.60e-01,
-4.08800e-03,-6.52e-01,
-4.08600e-03,-6.44e-01,
-4.08400e-03,-6.40e-01,
-4.08200e-03,-6.20e-01,
-4.08000e-03,-6.28e-01,
-4.07800e-03,-6.28e-01,
-4.07600e-03,-6.36e-01,
-4.07400e-03,-6.36e-01,
-4.07200e-03,-6.40e-01,
-4.07000e-03,-6.40e-01,
-4.06800e-03,-6.48e-01,
-4.06600e-03,-6.48e-01,
-4.06400e-03,-6.52e-01,
-4.06200e-03,-6.64e-01,
-4.06000e-03,-6.68e-01,
-4.05800e-03,-7.04e-01,
-4.05600e-03,-7.32e-01,
-4.05400e-03,-7.40e-01,
-4.05200e-03,-7.28e-01,
-4.05000e-03,-6.92e-01,
-4.04800e-03,-6.84e-01,
-4.04600e-03,-6.64e-01,
-4.04400e-03,-6.64e-01,
-4.04200e-03,-6.60e-01,
-4.04000e-03,-6.60e-01,
-4.03800e-03,-6.48e-01,
-4.03600e-03,-6.32e-01,
-4.03400e-03,-6.40e-01,
-4.03200e-03,-6.40e-01,
-4.03000e-03,-6.48e-01,
-4.02800e-03,-6.40e-01,
-4.02600e-03,-6.44e-01,
-4.02400e-03,-6.40e-01,
-4.02200e-03,-6.52e-01,
-4.02000e-03,-6.52e-01,
-4.01800e-03,-6.44e-01,
-4.01600e-03,-6.68e-01,
-4.01400e-03,-6.84e-01,
-4.01200e-03,-7.04e-01,
-4.01000e-03,-7.32e-01,
-4.00800e-03,-7.16e-01,
-4.00600e-03,-7.20e-01,
-4.00400e-03,-6.92e-01,
-4.00200e-03,-6.64e-01,
-4.00000e-03,-6.64e-01,
-3.99800e-03,-6.40e-01,
-3.99600e-03,-6.40e-01,
-3.99400e-03,-6.28e-01,
-3.99200e-03,-6.32e-01,
-3.99000e-03,-6.24e-01,
-3.98800e-03,-6.32e-01,
-3.98600e-03,-6.32e-01,
-3.98400e-03,-6.36e-01,
-3.98200e-03,-6.52e-01,
-3.98000e-03,-6.36e-01,
-3.97800e-03,-6.36e-01,
-3.97600e-03,-6.28e-01,
-3.97400e-03,-6.16e-01,
-3.97200e-03,-6.52e-01,
-3.97000e-03,-6.68e-01,
-3.96800e-03,-7.04e-01,
-3.96600e-03,-7.16e-01,
-3.96400e-03,-7.16e-01,
-3.96200e-03,-6.92e-01,
-3.96000e-03,-6.80e-01,
-3.95800e-03,-6.60e-01,
-3.95600e-03,-6.48e-01,
-3.95400e-03,-6.32e-01,
-3.95200e-03,-6.28e-01,
-3.95000e-03,-6.24e-01,
-3.94800e-03,-6.16e-01,
-3.94600e-03,-6.16e-01,
-3.94400e-03,-6.24e-01,
-3.94200e-03,-6.24e-01,
-3.94000e-03,-6.28e-01,
-3.93800e-03,-6.20e-01,
-3.93600e-03,-6.16e-01,
-3.93400e-03,-6.12e-01,
-3.93200e-03,-6.12e-01,
-3.93000e-03,-6.20e-01,
-3.92800e-03,-6.64e-01,
-3.92600e-03,-7.32e-01,
-3.92400e-03,-7.28e-01,
-3.92200e-03,-7.32e-01,
-3.92000e-03,-7.16e-01,
-3.91800e-03,-6.80e-01,
-3.91600e-03,-6.60e-01,
-3.91400e-03,-6.56e-01,
-3.91200e-03,-6.40e-01,
-3.91000e-03,-6.28e-01,
-3.90800e-03,-6.28e-01,
-3.90600e-03,-6.32e-01,
-3.90400e-03,-6.40e-01,
-3.90200e-03,-6.24e-01,
-3.90000e-03,-6.12e-01,
-3.89800e-03,-6.20e-01,
-3.89600e-03,-6.20e-01,
-3.89400e-03,-6.32e-01,
-3.89200e-03,-6.28e-01,
-3.89000e-03,-6.20e-01,
-3.88800e-03,-6.32e-01,
-3.88600e-03,-6.32e-01,
-3.88400e-03,-6.80e-01,
-3.88200e-03,-7.24e-01,
-3.88000e-03,-6.96e-01,
-3.87800e-03,-7.00e-01,
-3.87600e-03,-6.76e-01,
-3.87400e-03,-6.60e-01,
-3.87200e-03,-6.44e-01,
-3.87000e-03,-6.40e-01,
-3.86800e-03,-6.36e-01,
-3.86600e-03,-6.36e-01,
-3.86400e-03,-6.28e-01,
-3.86200e-03,-6.20e-01,
-3.86000e-03,-6.12e-01,
-3.85800e-03,-6.20e-01,
-3.85600e-03,-6.24e-01,
-3.85400e-03,-6.20e-01,
-3.85200e-03,-6.24e-01,
-3.85000e-03,-6.20e-01,
-3.84800e-03,-6.16e-01,
-3.84600e-03,-6.12e-01,
-3.84400e-03,-6.08e-01,
-3.84200e-03,-6.48e-01,
-3.84000e-03,-6.68e-01,
-3.83800e-03,-6.84e-01,
-3.83600e-03,-7.04e-01,
-3.83400e-03,-6.84e-01,
-3.83200e-03,-6.80e-01,
-3.83000e-03,-6.52e-01,
-3.82800e-03,-6.32e-01,
-3.82600e-03,-6.12e-01,
-3.82400e-03,-6.16e-01,
-3.82200e-03,-6.16e-01,
-3.82000e-03,-6.08e-01,
-3.81800e-03,-6.12e-01,
-3.81600e-03,-6.04e-01,
-3.81400e-03,-6.20e-01,
-3.81200e-03,-6.32e-01,
-3.81000e-03,-6.28e-01,
-3.80800e-03,-6.48e-01,
-3.80600e-03,-6.44e-01,
-3.80400e-03,-6.44e-01,
-3.80200e-03,-6.40e-01,
-3.80000e-03,-6.28e-01,
-3.79800e-03,-6.68e-01,
-3.79600e-03,-6.68e-01,
-3.79400e-03,-7.16e-01,
-3.79200e-03,-7.16e-01,
-3.79000e-03,-6.96e-01,
-3.78800e-03,-6.60e-01,
-3.78600e-03,-6.60e-01,
-3.78400e-03,-6.28e-01,
-3.78200e-03,-6.16e-01,
-3.78000e-03,-5.88e-01,
-3.77800e-03,-6.00e-01,
-3.77600e-03,-5.96e-01,
-3.77400e-03,-6.00e-01,
-3.77200e-03,-6.12e-01,
-3.77000e-03,-6.16e-01,
-3.76800e-03,-6.20e-01,
-3.76600e-03,-6.24e-01,
-3.76400e-03,-6.20e-01,
-3.76200e-03,-6.24e-01,
-3.76000e-03,-6.04e-01,
-3.75800e-03,-6.08e-01,
-3.75600e-03,-6.12e-01,
-3.75400e-03,-6.36e-01,
-3.75200e-03,-6.96e-01,
-3.75000e-03,-6.84e-01,
-3.74800e-03,-6.84e-01,
-3.74600e-03,-6.84e-01,
-3.74400e-03,-6.52e-01,
-3.74200e-03,-6.52e-01,
-3.74000e-03,-6.48e-01,
-3.73800e-03,-6.36e-01,
-3.73600e-03,-6.36e-01,
-3.73400e-03,-6.12e-01,
-3.73200e-03,-6.24e-01,
-3.73000e-03,-6.20e-01,
-3.72800e-03,-6.28e-01,
-3.72600e-03,-6.40e-01,
-3.72400e-03,-6.40e-01,
-3.72200e-03,-6.40e-01,
-3.72000e-03,-6.32e-01,
-3.71800e-03,-6.32e-01,
-3.71600e-03,-6.20e-01,
-3.71400e-03,-6.20e-01,
-3.71200e-03,-6.16e-01,
-3.71000e-03,-6.44e-01,
-3.70800e-03,-7.00e-01,
-3.70600e-03,-6.88e-01,
-3.70400e-03,-7.16e-01,
-3.70200e-03,-6.96e-01,
-3.70000e-03,-6.72e-01,
-3.69800e-03,-6.44e-01,
-3.69600e-03,-6.60e-01,
-3.69400e-03,-6.64e-01,
-3.69200e-03,-6.64e-01,
-3.69000e-03,-6.60e-01,
-3.68800e-03,-6.44e-01,
-3.68600e-03,-6.44e-01,
-3.68400e-03,-6.36e-01,
-3.68200e-03,-6.36e-01,
-3.68000e-03,-6.28e-01,
-3.67800e-03,-6.16e-01,
-3.67600e-03,-6.20e-01,
-3.67400e-03,-6.36e-01,
-3.67200e-03,-6.20e-01,
-3.67000e-03,-6.24e-01,
-3.66800e-03,-6.24e-01,
-3.66600e-03,-6.32e-01,
-3.66400e-03,-6.28e-01,
-3.66200e-03,-6.28e-01,
-3.66000e-03,-6.28e-01,
-3.65800e-03,-6.24e-01,
-3.65600e-03,-6.16e-01,
-3.65400e-03,-6.08e-01,
-3.65200e-03,-6.04e-01,
-3.65000e-03,-6.20e-01,
-3.64800e-03,-6.28e-01,
-3.64600e-03,-6.32e-01,
-3.64400e-03,-6.36e-01,
-3.64200e-03,-6.08e-01,
-3.64000e-03,-6.20e-01,
-3.63800e-03,-6.04e-01,
-3.63600e-03,-6.16e-01,
-3.63400e-03,-6.52e-01,
-3.63200e-03,-6.28e-01,
-3.63000e-03,-6.28e-01,
-3.62800e-03,-6.48e-01,
-3.62600e-03,-6.48e-01,
-3.62400e-03,-6.44e-01,
-3.62200e-03,-6.36e-01,
-3.62000e-03,-6.24e-01,
-3.61800e-03,-6.32e-01,
-3.61600e-03,-6.28e-01,
-3.61400e-03,-6.44e-01,
-3.61200e-03,-6.44e-01,
-3.61000e-03,-6.36e-01,
-3.60800e-03,-6.40e-01,
-3.60600e-03,-6.40e-01,
-3.60400e-03,-6.40e-01,
-3.60200e-03,-6.40e-01,
-3.60000e-03,-6.52e-01,
-3.59800e-03,-6.44e-01,
-3.59600e-03,-6.36e-01,
-3.59400e-03,-6.36e-01,
-3.59200e-03,-6.52e-01,
-3.59000e-03,-6.44e-01,
-3.58800e-03,-6.60e-01,
-3.58600e-03,-6.52e-01,
-3.58400e-03,-6.52e-01,
-3.58200e-03,-6.48e-01,
-3.58000e-03,-6.48e-01,
-3.57800e-03,-6.32e-01,
-3.57600e-03,-6.32e-01,
-3.57400e-03,-6.24e-01,
-3.57200e-03,-6.32e-01,
-3.57000e-03,-6.52e-01,
-3.56800e-03,-6.48e-01,
-3.56600e-03,-6.48e-01,
-3.56400e-03,-6.60e-01,
-3.56200e-03,-6.48e-01,
-3.56000e-03,-6.20e-01,
-3.55800e-03,-6.32e-01,
-3.55600e-03,-6.44e-01,
-3.55400e-03,-6.40e-01,
-3.55200e-03,-6.68e-01,
-3.55000e-03,-6.64e-01,
-3.54800e-03,-6.64e-01,
-3.54600e-03,-6.40e-01,
-3.54400e-03,-6.44e-01,
-3.54200e-03,-6.68e-01,
-3.54000e-03,-6.64e-01,
-3.53800e-03,-6.52e-01,
-3.53600e-03,-6.52e-01,
-3.53400e-03,-6.40e-01,
-3.53200e-03,-6.20e-01,
-3.53000e-03,-6.16e-01,
-3.52800e-03,-6.20e-01,
-3.52600e-03,-6.20e-01,
-3.52400e-03,-6.36e-01,
-3.52200e-03,-6.44e-01,
-3.52000e-03,-6.56e-01,
-3.51800e-03,-6.48e-01,
-3.51600e-03,-6.40e-01,
-3.51400e-03,-6.24e-01,
-3.51200e-03,-6.32e-01,
-3.51000e-03,-6.52e-01,
-3.50800e-03,-6.48e-01,
-3.50600e-03,-6.44e-01,
-3.50400e-03,-6.48e-01,
-3.50200e-03,-6.44e-01,
-3.50000e-03,-6.76e-01,
-3.49800e-03,-7.32e-01,
-3.49600e-03,-7.24e-01,
-3.49400e-03,-7.28e-01,
-3.49200e-03,-7.16e-01,
-3.49000e-03,-6.92e-01,
-3.48800e-03,-6.72e-01,
-3.48600e-03,-6.68e-01,
-3.48400e-03,-6.68e-01,
-3.48200e-03,-6.60e-01,
-3.48000e-03,-6.52e-01,
-3.47800e-03,-6.64e-01,
-3.47600e-03,-6.52e-01,
-3.47400e-03,-6.48e-01,
-3.47200e-03,-6.36e-01,
-3.47000e-03,-6.32e-01,
-3.46800e-03,-6.28e-01,
-3.46600e-03,-6.28e-01,
-3.46400e-03,-6.28e-01,
-3.46200e-03,-6.24e-01,
-3.46000e-03,-6.20e-01,
-3.45800e-03,-6.32e-01,
-3.45600e-03,-6.40e-01,
-3.45400e-03,-6.96e-01,
-3.45200e-03,-7.48e-01,
-3.45000e-03,-7.48e-01,
-3.44800e-03,-7.44e-01,
-3.44600e-03,-7.08e-01,
-3.44400e-03,-6.80e-01,
-3.44200e-03,-6.80e-01,
-3.44000e-03,-6.60e-01,
-3.43800e-03,-6.52e-01,
-3.43600e-03,-6.56e-01,
-3.43400e-03,-6.52e-01,
-3.43200e-03,-6.40e-01,
-3.43000e-03,-6.40e-01,
-3.42800e-03,-6.28e-01,
-3.42600e-03,-6.28e-01,
-3.42400e-03,-6.24e-01,
-3.42200e-03,-6.24e-01,
-3.42000e-03,-6.24e-01,
-3.41800e-03,-6.36e-01,
-3.41600e-03,-6.24e-01,
-3.41400e-03,-6.44e-01,
-3.41200e-03,-6.52e-01,
-3.41000e-03,-6.96e-01,
-3.40800e-03,-7.12e-01,
-3.40600e-03,-7.16e-01,
-3.40400e-03,-6.96e-01,
-3.40200e-03,-6.80e-01,
-3.40000e-03,-6.48e-01,
-3.39800e-03,-6.40e-01,
-3.39600e-03,-6.28e-01,
-3.39400e-03,-6.24e-01,
-3.39200e-03,-6.20e-01,
-3.39000e-03,-6.32e-01,
-3.38800e-03,-6.36e-01,
-3.38600e-03,-6.28e-01,
-3.38400e-03,-6.28e-01,
-3.38200e-03,-6.28e-01,
-3.38000e-03,-6.28e-01,
-3.37800e-03,-6.32e-01,
-3.37600e-03,-6.24e-01,
-3.37400e-03,-6.20e-01,
-3.37200e-03,-6.24e-01,
-3.37000e-03,-6.36e-01,
-3.36800e-03,-7.04e-01,
-3.36600e-03,-7.00e-01,
-3.36400e-03,-7.40e-01,
-3.36200e-03,-7.44e-01,
-3.36000e-03,-6.80e-01,
-3.35800e-03,-6.76e-01,
-3.35600e-03,-6.64e-01,
-3.35400e-03,-6.48e-01,
-3.35200e-03,-6.44e-01,
-3.35000e-03,-6.28e-01,
-3.34800e-03,-6.32e-01,
-3.34600e-03,-6.20e-01,
-3.34400e-03,-6.04e-01,
-3.34200e-03,-6.20e-01,
-3.34000e-03,-6.04e-01,
-3.33800e-03,-6.08e-01,
-3.33600e-03,-6.04e-01,
-3.33400e-03,-6.04e-01,
-3.33200e-03,-6.08e-01,
-3.33000e-03,-6.12e-01,
-3.32800e-03,-6.16e-01,
-3.32600e-03,-6.60e-01,
-3.32400e-03,-7.16e-01,
-3.32200e-03,-7.20e-01,
-3.32000e-03,-7.16e-01,
-3.31800e-03,-6.96e-01,
-3.31600e-03,-6.68e-01,
-3.31400e-03,-6.20e-01,
-3.31200e-03,-6.28e-01,
-3.31000e-03,-6.24e-01,
-3.30800e-03,-6.28e-01,
-3.30600e-03,-6.32e-01,
-3.30400e-03,-6.24e-01,
-3.30200e-03,-6.28e-01,
-3.30000e-03,-6.36e-01,
-3.29800e-03,-6.32e-01,
-3.29600e-03,-6.20e-01,
-3.29400e-03,-6.12e-01,
-3.29200e-03,-6.16e-01,
-3.29000e-03,-6.12e-01,
-3.28800e-03,-6.12e-01,
-3.28600e-03,-6.16e-01,
-3.28400e-03,-6.36e-01,
-3.28200e-03,-6.52e-01,
-3.28000e-03,-6.80e-01,
-3.27800e-03,-7.04e-01,
-3.27600e-03,-6.68e-01,
-3.27400e-03,-6.68e-01,
-3.27200e-03,-6.64e-01,
-3.27000e-03,-6.44e-01,
-3.26800e-03,-6.60e-01,
-3.26600e-03,-6.48e-01,
-3.26400e-03,-6.48e-01,
-3.26200e-03,-6.36e-01,
-3.26000e-03,-6.20e-01,
-3.25800e-03,-6.24e-01,
-3.25600e-03,-6.20e-01,
-3.25400e-03,-6.28e-01,
-3.25200e-03,-6.24e-01,
-3.25000e-03,-6.28e-01,
-3.24800e-03,-6.32e-01,
-3.24600e-03,-6.36e-01,
-3.24400e-03,-6.28e-01,
-3.24200e-03,-6.20e-01,
-3.24000e-03,-6.60e-01,
-3.23800e-03,-6.60e-01,
-3.23600e-03,-6.84e-01,
-3.23400e-03,-6.88e-01,
-3.23200e-03,-6.84e-01,
-3.23000e-03,-6.76e-01,
-3.22800e-03,-6.76e-01,
-3.22600e-03,-6.68e-01,
-3.22400e-03,-6.56e-01,
-3.22200e-03,-6.36e-01,
-3.22000e-03,-6.36e-01,
-3.21800e-03,-6.36e-01,
-3.21600e-03,-6.32e-01,
-3.21400e-03,-6.36e-01,
-3.21200e-03,-6.20e-01,
-3.21000e-03,-6.20e-01,
-3.20800e-03,-6.12e-01,
-3.20600e-03,-6.08e-01,
-3.20400e-03,-6.24e-01,
-3.20200e-03,-6.28e-01,
-3.20000e-03,-6.24e-01,
-3.19800e-03,-6.20e-01,
-3.19600e-03,-6.32e-01,
-3.19400e-03,-6.84e-01,
-3.19200e-03,-6.84e-01,
-3.19000e-03,-7.08e-01,
-3.18800e-03,-7.00e-01,
-3.18600e-03,-6.84e-01,
-3.18400e-03,-6.68e-01,
-3.18200e-03,-6.56e-01,
-3.18000e-03,-6.48e-01,
-3.17800e-03,-6.36e-01,
-3.17600e-03,-6.20e-01,
-3.17400e-03,-6.20e-01,
-3.17200e-03,-6.16e-01,
-3.17000e-03,-6.32e-01,
-3.16800e-03,-6.40e-01,
-3.16600e-03,-6.44e-01,
-3.16400e-03,-6.44e-01,
-3.16200e-03,-6.32e-01,
-3.16000e-03,-6.20e-01,
-3.15800e-03,-6.20e-01,
-3.15600e-03,-6.16e-01,
-3.15400e-03,-6.08e-01,
-3.15200e-03,-6.16e-01,
-3.15000e-03,-6.68e-01,
-3.14800e-03,-6.92e-01,
-3.14600e-03,-7.00e-01,
-3.14400e-03,-6.88e-01,
-3.14200e-03,-6.84e-01,
-3.14000e-03,-6.64e-01,
-3.13800e-03,-6.60e-01,
-3.13600e-03,-6.44e-01,
-3.13400e-03,-6.48e-01,
-3.13200e-03,-6.44e-01,
-3.13000e-03,-6.52e-01,
-3.12800e-03,-6.52e-01,
-3.12600e-03,-6.60e-01,
-3.12400e-03,-6.44e-01,
-3.12200e-03,-6.36e-01,
-3.12000e-03,-6.32e-01,
-3.11800e-03,-6.28e-01,
-3.11600e-03,-6.32e-01,
-3.11400e-03,-6.16e-01,
-3.11200e-03,-6.00e-01,
-3.11000e-03,-6.04e-01,
-3.10800e-03,-6.04e-01,
-3.10600e-03,-6.04e-01,
-3.10400e-03,-6.16e-01,
-3.10200e-03,-6.28e-01,
-3.10000e-03,-6.20e-01,
-3.09800e-03,-6.36e-01,
-3.09600e-03,-6.24e-01,
-3.09400e-03,-6.04e-01,
-3.09200e-03,-6.24e-01,
-3.09000e-03,-6.20e-01,
-3.08800e-03,-6.32e-01,
-3.08600e-03,-6.48e-01,
-3.08400e-03,-6.40e-01,
-3.08200e-03,-6.44e-01,
-3.08000e-03,-6.32e-01,
-3.07800e-03,-6.20e-01,
-3.07600e-03,-6.24e-01,
-3.07400e-03,-6.24e-01,
-3.07200e-03,-6.24e-01,
-3.07000e-03,-6.28e-01,
-3.06800e-03,-6.44e-01,
-3.06600e-03,-6.48e-01,
-3.06400e-03,-6.48e-01,
-3.06200e-03,-6.40e-01,
-3.06000e-03,-6.44e-01,
-3.05800e-03,-6.44e-01,
-3.05600e-03,-6.36e-01,
-3.05400e-03,-6.36e-01,
-3.05200e-03,-6.36e-01,
-3.05000e-03,-6.44e-01,
-3.04800e-03,-6.36e-01,
-3.04600e-03,-6.40e-01,
-3.04400e-03,-6.48e-01,
-3.04200e-03,-6.36e-01,
-3.04000e-03,-6.36e-01,
-3.03800e-03,-6.36e-01,
-3.03600e-03,-6.40e-01,
-3.03400e-03,-6.36e-01,
-3.03200e-03,-6.40e-01,
-3.03000e-03,-6.24e-01,
-3.02800e-03,-6.36e-01,
-3.02600e-03,-6.40e-01,
-3.02400e-03,-6.48e-01,
-3.02200e-03,-6.52e-01,
-3.02000e-03,-6.44e-01,
-3.01800e-03,-6.44e-01,
-3.01600e-03,-6.52e-01,
-3.01400e-03,-6.52e-01,
-3.01200e-03,-6.32e-01,
-3.01000e-03,-6.48e-01,
-3.00800e-03,-6.52e-01,
-3.00600e-03,-6.52e-01,
-3.00400e-03,-6.68e-01,
-3.00200e-03,-6.56e-01,
-3.00000e-03,-6.52e-01,
-2.99800e-03,-6.52e-01,
-2.99600e-03,-6.48e-01,
-2.99400e-03,-6.60e-01,
-2.99200e-03,-6.52e-01,
-2.99000e-03,-6.56e-01,
-2.98800e-03,-6.52e-01,
-2.98600e-03,-6.48e-01,
-2.98400e-03,-6.40e-01,
-2.98200e-03,-6.40e-01,
-2.98000e-03,-6.40e-01,
-2.97800e-03,-6.36e-01,
-2.97600e-03,-6.44e-01,
-2.97400e-03,-6.40e-01,
-2.97200e-03,-6.40e-01,
-2.97000e-03,-6.24e-01,
-2.96800e-03,-6.20e-01,
-2.96600e-03,-6.32e-01,
-2.96400e-03,-6.36e-01,
-2.96200e-03,-6.40e-01,
-2.96000e-03,-6.36e-01,
-2.95800e-03,-6.52e-01,
-2.95600e-03,-6.48e-01,
-2.95400e-03,-6.52e-01,
-2.95200e-03,-6.44e-01,
-2.95000e-03,-6.56e-01,
-2.94800e-03,-6.44e-01,
-2.94600e-03,-6.60e-01,
-2.94400e-03,-6.64e-01,
-2.94200e-03,-6.80e-01,
-2.94000e-03,-7.24e-01,
-2.93800e-03,-7.28e-01,
-2.93600e-03,-7.28e-01,
-2.93400e-03,-7.24e-01,
-2.93200e-03,-7.16e-01,
-2.93000e-03,-6.72e-01,
-2.92800e-03,-6.64e-01,
-2.92600e-03,-6.52e-01,
-2.92400e-03,-6.48e-01,
-2.92200e-03,-6.52e-01,
-2.92000e-03,-6.40e-01,
-2.91800e-03,-6.48e-01,
-2.91600e-03,-6.48e-01,
-2.91400e-03,-6.48e-01,
-2.91200e-03,-6.36e-01,
-2.91000e-03,-6.36e-01,
-2.90800e-03,-6.36e-01,
-2.90600e-03,-6.56e-01,
-2.90400e-03,-6.64e-01,
-2.90200e-03,-6.36e-01,
-2.90000e-03,-6.60e-01,
-2.89800e-03,-6.76e-01,
-2.89600e-03,-7.12e-01,
-2.89400e-03,-7.44e-01,
-2.89200e-03,-7.24e-01,
-2.89000e-03,-7.28e-01,
-2.88800e-03,-7.16e-01,
-2.88600e-03,-6.80e-01,
-2.88400e-03,-6.56e-01,
-2.88200e-03,-6.52e-01,
-2.88000e-03,-6.36e-01,
-2.87800e-03,-6.44e-01,
-2.87600e-03,-6.32e-01,
-2.87400e-03,-6.36e-01,
-2.87200e-03,-6.32e-01,
-2.87000e-03,-6.32e-01,
-2.86800e-03,-6.32e-01,
-2.86600e-03,-6.04e-01,
-2.86400e-03,-6.20e-01,
-2.86200e-03,-6.20e-01,
-2.86000e-03,-6.32e-01,
-2.85800e-03,-6.28e-01,
-2.85600e-03,-6.76e-01,
-2.85400e-03,-6.68e-01,
-2.85200e-03,-7.04e-01,
-2.85000e-03,-7.28e-01,
-2.84800e-03,-7.32e-01,
-2.84600e-03,-7.08e-01,
-2.84400e-03,-7.00e-01,
-2.84200e-03,-6.72e-01,
-2.84000e-03,-6.44e-01,
-2.83800e-03,-6.28e-01,
-2.83600e-03,-6.32e-01,
-2.83400e-03,-6.36e-01,
-2.83200e-03,-6.28e-01,
-2.83000e-03,-6.16e-01,
-2.82800e-03,-6.08e-01,
-2.82600e-03,-6.12e-01,
-2.82400e-03,-6.28e-01,
-2.82200e-03,-6.28e-01,
-2.82000e-03,-6.24e-01,
-2.81800e-03,-6.20e-01,
-2.81600e-03,-6.16e-01,
-2.81400e-03,-6.20e-01,
-2.81200e-03,-6.52e-01,
-2.81000e-03,-6.92e-01,
-2.80800e-03,-7.00e-01,
-2.80600e-03,-7.00e-01,
-2.80400e-03,-6.92e-01,
-2.80200e-03,-6.52e-01,
-2.80000e-03,-6.44e-01,
-2.79800e-03,-6.36e-01,
-2.79600e-03,-6.36e-01,
-2.79400e-03,-6.32e-01,
-2.79200e-03,-6.36e-01,
-2.79000e-03,-6.36e-01,
-2.78800e-03,-6.20e-01,
-2.78600e-03,-6.20e-01,
-2.78400e-03,-6.16e-01,
-2.78200e-03,-6.04e-01,
-2.78000e-03,-6.08e-01,
-2.77800e-03,-6.16e-01,
-2.77600e-03,-6.16e-01,
-2.77400e-03,-6.04e-01,
-2.77200e-03,-6.08e-01,
-2.77000e-03,-6.04e-01,
-2.76800e-03,-6.52e-01,
-2.76600e-03,-7.08e-01,
-2.76400e-03,-6.92e-01,
-2.76200e-03,-7.08e-01,
-2.76000e-03,-7.00e-01,
-2.75800e-03,-6.76e-01,
-2.75600e-03,-6.32e-01,
-2.75400e-03,-6.32e-01,
-2.75200e-03,-6.20e-01,
-2.75000e-03,-6.24e-01,
-2.74800e-03,-6.16e-01,
-2.74600e-03,-6.20e-01,
-2.74400e-03,-6.20e-01,
-2.74200e-03,-6.16e-01,
-2.74000e-03,-6.24e-01,
-2.73800e-03,-6.28e-01,
-2.73600e-03,-6.36e-01,
-2.73400e-03,-6.36e-01,
-2.73200e-03,-6.28e-01,
-2.73000e-03,-6.20e-01,
-2.72800e-03,-6.52e-01,
-2.72600e-03,-6.52e-01,
-2.72400e-03,-6.88e-01,
-2.72200e-03,-6.92e-01,
-2.72000e-03,-6.52e-01,
-2.71800e-03,-6.52e-01,
-2.71600e-03,-6.44e-01,
-2.71400e-03,-6.40e-01,
-2.71200e-03,-6.28e-01,
-2.71000e-03,-6.04e-01,
-2.70800e-03,-6.12e-01,
-2.70600e-03,-6.08e-01,
-2.70400e-03,-6.04e-01,
-2.70200e-03,-6.12e-01,
-2.70000e-03,-6.20e-01,
-2.69800e-03,-6.20e-01,
-2.69600e-03,-6.32e-01,
-2.69400e-03,-6.28e-01,
-2.69200e-03,-6.20e-01,
-2.69000e-03,-6.24e-01,
-2.68800e-03,-6.20e-01,
-2.68600e-03,-6.24e-01,
-2.68400e-03,-6.44e-01,
-2.68200e-03,-6.84e-01,
-2.68000e-03,-6.84e-01,
-2.67800e-03,-6.96e-01,
-2.67600e-03,-6.84e-01,
-2.67400e-03,-6.44e-01,
-2.67200e-03,-6.48e-01,
-2.67000e-03,-6.40e-01,
-2.66800e-03,-6.44e-01,
-2.66600e-03,-6.44e-01,
-2.66400e-03,-6.28e-01,
-2.66200e-03,-6.28e-01,
-2.66000e-03,-6.24e-01,
-2.65800e-03,-6.24e-01,
-2.65600e-03,-6.20e-01,
-2.65400e-03,-6.20e-01,
-2.65200e-03,-6.20e-01,
-2.65000e-03,-6.36e-01,
-2.64800e-03,-6.36e-01,
-2.64600e-03,-6.04e-01,
-2.64400e-03,-6.20e-01,
-2.64200e-03,-6.16e-01,
-2.64000e-03,-6.44e-01,
-2.63800e-03,-7.08e-01,
-2.63600e-03,-6.96e-01,
-2.63400e-03,-7.16e-01,
-2.63200e-03,-7.00e-01,
-2.63000e-03,-6.88e-01,
-2.62800e-03,-6.60e-01,
-2.62600e-03,-6.52e-01,
-2.62400e-03,-6.32e-01,
-2.62200e-03,-6.36e-01,
-2.62000e-03,-6.36e-01,
-2.61800e-03,-6.20e-01,
-2.61600e-03,-6.20e-01,
-2.61400e-03,-6.40e-01,
-2.61200e-03,-6.32e-01,
-2.61000e-03,-6.12e-01,
-2.60800e-03,-6.24e-01,
-2.60600e-03,-6.28e-01,
-2.60400e-03,-6.28e-01,
-2.60200e-03,-6.24e-01,
-2.60000e-03,-5.88e-01,
-2.59800e-03,-6.04e-01,
-2.59600e-03,-6.32e-01,
-2.59400e-03,-6.60e-01,
-2.59200e-03,-6.88e-01,
-2.59000e-03,-6.68e-01,
-2.58800e-03,-6.60e-01,
-2.58600e-03,-6.36e-01,
-2.58400e-03,-6.24e-01,
-2.58200e-03,-6.24e-01,
-2.58000e-03,-6.24e-01,
-2.57800e-03,-6.28e-01,
-2.57600e-03,-6.16e-01,
-2.57400e-03,-6.04e-01,
-2.57200e-03,-6.48e-01,
-2.57000e-03,-6.40e-01,
-2.56800e-03,-6.32e-01,
-2.56600e-03,-6.40e-01,
-2.56400e-03,-6.32e-01,
-2.56200e-03,-6.32e-01,
-2.56000e-03,-6.32e-01,
-2.55800e-03,-6.32e-01,
-2.55600e-03,-6.24e-01,
-2.55400e-03,-6.24e-01,
-2.55200e-03,-6.24e-01,
-2.55000e-03,-6.28e-01,
-2.54800e-03,-6.20e-01,
-2.54600e-03,-6.20e-01,
-2.54400e-03,-6.08e-01,
-2.54200e-03,-6.20e-01,
-2.54000e-03,-6.32e-01,
-2.53800e-03,-6.28e-01,
-2.53600e-03,-6.20e-01,
-2.53400e-03,-6.20e-01,
-2.53200e-03,-6.12e-01,
-2.53000e-03,-6.08e-01,
-2.52800e-03,-6.24e-01,
-2.52600e-03,-6.36e-01,
-2.52400e-03,-6.44e-01,
-2.52200e-03,-6.44e-01,
-2.52000e-03,-6.40e-01,
-2.51800e-03,-6.28e-01,
-2.51600e-03,-6.32e-01,
-2.51400e-03,-6.32e-01,
-2.51200e-03,-6.32e-01,
-2.51000e-03,-6.28e-01,
-2.50800e-03,-6.28e-01,
-2.50600e-03,-6.28e-01,
-2.50400e-03,-6.36e-01,
-2.50200e-03,-6.36e-01,
-2.50000e-03,-6.24e-01,
-2.49800e-03,-6.32e-01,
-2.49600e-03,-6.40e-01,
-2.49400e-03,-6.44e-01,
-2.49200e-03,-6.48e-01,
-2.49000e-03,-6.52e-01,
-2.48800e-03,-6.52e-01,
-2.48600e-03,-6.36e-01,
-2.48400e-03,-6.44e-01,
-2.48200e-03,-6.36e-01,
-2.48000e-03,-6.40e-01,
-2.47800e-03,-6.40e-01,
-2.47600e-03,-6.24e-01,
-2.47400e-03,-6.20e-01,
-2.47200e-03,-6.32e-01,
-2.47000e-03,-6.36e-01,
-2.46800e-03,-6.40e-01,
-2.46600e-03,-6.40e-01,
-2.46400e-03,-6.60e-01,
-2.46200e-03,-6.44e-01,
-2.46000e-03,-6.44e-01,
-2.45800e-03,-6.52e-01,
-2.45600e-03,-6.52e-01,
-2.45400e-03,-6.56e-01,
-2.45200e-03,-6.60e-01,
-2.45000e-03,-6.80e-01,
-2.44800e-03,-6.92e-01,
-2.44600e-03,-6.88e-01,
-2.44400e-03,-6.76e-01,
-2.44200e-03,-6.72e-01,
-2.44000e-03,-6.68e-01,
-2.43800e-03,-6.68e-01,
-2.43600e-03,-6.68e-01,
-2.43400e-03,-6.64e-01,
-2.43200e-03,-6.60e-01,
-2.43000e-03,-6.48e-01,
-2.42800e-03,-6.36e-01,
-2.42600e-03,-6.52e-01,
-2.42400e-03,-6.56e-01,
-2.42200e-03,-6.56e-01,
-2.42000e-03,-6.48e-01,
-2.41800e-03,-6.40e-01,
-2.41600e-03,-6.44e-01,
-2.41400e-03,-6.52e-01,
-2.41200e-03,-6.40e-01,
-2.41000e-03,-6.24e-01,
-2.40800e-03,-6.60e-01,
-2.40600e-03,-6.48e-01,
-2.40400e-03,-6.48e-01,
-2.40200e-03,-6.80e-01,
-2.40000e-03,-7.32e-01,
-2.39800e-03,-7.08e-01,
-2.39600e-03,-6.88e-01,
-2.39400e-03,-6.80e-01,
-2.39200e-03,-6.60e-01,
-2.39000e-03,-6.64e-01,
-2.38800e-03,-6.52e-01,
-2.38600e-03,-6.48e-01,
-2.38400e-03,-6.52e-01,
-2.38200e-03,-6.48e-01,
-2.38000e-03,-6.32e-01,
-2.37800e-03,-6.28e-01,
-2.37600e-03,-6.16e-01,
-2.37400e-03,-6.16e-01,
-2.37200e-03,-6.12e-01,
-2.37000e-03,-6.28e-01,
-2.36800e-03,-6.32e-01,
-2.36600e-03,-6.12e-01,
-2.36400e-03,-6.04e-01,
-2.36200e-03,-6.36e-01,
-2.36000e-03,-6.32e-01,
-2.35800e-03,-6.80e-01,
-2.35600e-03,-7.04e-01,
-2.35400e-03,-6.68e-01,
-2.35200e-03,-6.68e-01,
-2.35000e-03,-6.60e-01,
-2.34800e-03,-6.64e-01,
-2.34600e-03,-6.48e-01,
-2.34400e-03,-6.36e-01,
-2.34200e-03,-6.36e-01,
-2.34000e-03,-6.28e-01,
-2.33800e-03,-6.32e-01,
-2.33600e-03,-6.28e-01,
-2.33400e-03,-6.28e-01,
-2.33200e-03,-6.24e-01,
-2.33000e-03,-6.24e-01,
-2.32800e-03,-6.24e-01,
-2.32600e-03,-6.12e-01,
-2.32400e-03,-6.20e-01,
-2.32200e-03,-6.24e-01,
-2.32000e-03,-6.20e-01,
-2.31800e-03,-6.60e-01,
-2.31600e-03,-7.00e-01,
-2.31400e-03,-7.08e-01,
-2.31200e-03,-7.12e-01,
-2.31000e-03,-7.24e-01,
-2.30800e-03,-7.00e-01,
-2.30600e-03,-7.00e-01,
-2.30400e-03,-6.80e-01,
-2.30200e-03,-6.48e-01,
-2.30000e-03,-6.20e-01,
-2.29800e-03,-6.28e-01,
-2.29600e-03,-6.20e-01,
-2.29400e-03,-6.08e-01,
-2.29200e-03,-6.20e-01,
-2.29000e-03,-6.24e-01,
-2.28800e-03,-6.36e-01,
-2.28600e-03,-6.36e-01,
-2.28400e-03,-6.40e-01,
-2.28200e-03,-6.32e-01,
-2.28000e-03,-6.24e-01,
-2.27800e-03,-6.20e-01,
-2.27600e-03,-6.16e-01,
-2.27400e-03,-6.44e-01,
-2.27200e-03,-6.96e-01,
-2.27000e-03,-6.92e-01,
-2.26800e-03,-7.00e-01,
-2.26600e-03,-6.84e-01,
-2.26400e-03,-6.60e-01,
-2.26200e-03,-6.60e-01,
-2.26000e-03,-6.52e-01,
-2.25800e-03,-6.52e-01,
-2.25600e-03,-6.52e-01,
-2.25400e-03,-6.36e-01,
-2.25200e-03,-6.16e-01,
-2.25000e-03,-6.16e-01,
-2.24800e-03,-6.20e-01,
-2.24600e-03,-6.08e-01,
-2.24400e-03,-6.00e-01,
-2.24200e-03,-6.04e-01,
-2.24000e-03,-6.04e-01,
-2.23800e-03,-6.20e-01,
-2.23600e-03,-6.24e-01,
-2.23400e-03,-6.52e-01,
-2.23200e-03,-6.60e-01,
-2.23000e-03,-6.96e-01,
-2.22800e-03,-7.16e-01,
-2.22600e-03,-6.92e-01,
-2.22400e-03,-6.76e-01,
-2.22200e-03,-6.64e-01,
-2.22000e-03,-6.48e-01,
-2.21800e-03,-6.40e-01,
-2.21600e-03,-6.28e-01,
-2.21400e-03,-6.32e-01,
-2.21200e-03,-6.28e-01,
-2.21000e-03,-6.28e-01,
-2.20800e-03,-6.36e-01,
-2.20600e-03,-6.32e-01,
-2.20400e-03,-6.36e-01,
-2.20200e-03,-6.24e-01,
-2.20000e-03,-6.24e-01,
-2.19800e-03,-5.92e-01,
-2.19600e-03,-6.04e-01,
-2.19400e-03,-5.92e-01,
-2.19200e-03,-5.96e-01,
-2.19000e-03,-6.20e-01,
-2.18800e-03,-6.68e-01,
-2.18600e-03,-6.76e-01,
-2.18400e-03,-6.88e-01,
-2.18200e-03,-7.00e-01,
-2.18000e-03,-6.64e-01,
-2.17800e-03,-6.68e-01,
-2.17600e-03,-6.36e-01,
-2.17400e-03,-6.40e-01,
-2.17200e-03,-6.20e-01,
-2.17000e-03,-6.28e-01,
-2.16800e-03,-6.20e-01,
-2.16600e-03,-6.12e-01,
-2.16400e-03,-6.16e-01,
-2.16200e-03,-6.20e-01,
-2.16000e-03,-6.32e-01,
-2.15800e-03,-6.32e-01,
-2.15600e-03,-6.20e-01,
-2.15400e-03,-6.28e-01,
-2.15200e-03,-6.24e-01,
-2.15000e-03,-6.28e-01,
-2.14800e-03,-6.28e-01,
-2.14600e-03,-6.32e-01,
-2.14400e-03,-6.76e-01,
-2.14200e-03,-6.84e-01,
-2.14000e-03,-6.96e-01,
-2.13800e-03,-6.96e-01,
-2.13600e-03,-6.92e-01,
-2.13400e-03,-6.36e-01,
-2.13200e-03,-6.44e-01,
-2.13000e-03,-6.36e-01,
-2.12800e-03,-6.28e-01,
-2.12600e-03,-6.28e-01,
-2.12400e-03,-6.36e-01,
-2.12200e-03,-6.36e-01,
-2.12000e-03,-6.40e-01,
-2.11800e-03,-6.28e-01,
-2.11600e-03,-6.24e-01,
-2.11400e-03,-6.24e-01,
-2.11200e-03,-6.24e-01,
-2.11000e-03,-6.24e-01,
-2.10800e-03,-6.20e-01,
-2.10600e-03,-6.28e-01,
-2.10400e-03,-6.28e-01,
-2.10200e-03,-6.20e-01,
-2.10000e-03,-6.64e-01,
-2.09800e-03,-7.04e-01,
-2.09600e-03,-6.96e-01,
-2.09400e-03,-6.84e-01,
-2.09200e-03,-6.68e-01,
-2.09000e-03,-6.44e-01,
-2.08800e-03,-6.28e-01,
-2.08600e-03,-6.32e-01,
-2.08400e-03,-6.20e-01,
-2.08200e-03,-6.32e-01,
-2.08000e-03,-6.36e-01,
-2.07800e-03,-6.12e-01,
-2.07600e-03,-6.16e-01,
-2.07400e-03,-6.24e-01,
-2.07200e-03,-6.20e-01,
-2.07000e-03,-6.04e-01,
-2.06800e-03,-6.12e-01,
-2.06600e-03,-6.00e-01,
-2.06400e-03,-6.08e-01,
-2.06200e-03,-6.08e-01,
-2.06000e-03,-6.04e-01,
-2.05800e-03,-6.08e-01,
-2.05600e-03,-6.52e-01,
-2.05400e-03,-6.84e-01,
-2.05200e-03,-6.92e-01,
-2.05000e-03,-6.84e-01,
-2.04800e-03,-6.64e-01,
-2.04600e-03,-6.60e-01,
-2.04400e-03,-6.48e-01,
-2.04200e-03,-6.28e-01,
-2.04000e-03,-6.32e-01,
-2.03800e-03,-6.36e-01,
-2.03600e-03,-6.36e-01,
-2.03400e-03,-6.24e-01,
-2.03200e-03,-6.28e-01,
-2.03000e-03,-6.28e-01,
-2.02800e-03,-6.28e-01,
-2.02600e-03,-6.32e-01,
-2.02400e-03,-6.16e-01,
-2.02200e-03,-6.20e-01,
-2.02000e-03,-6.28e-01,
-2.01800e-03,-6.32e-01,
-2.01600e-03,-6.40e-01,
-2.01400e-03,-6.68e-01,
-2.01200e-03,-6.76e-01,
-2.01000e-03,-7.00e-01,
-2.00800e-03,-7.16e-01,
-2.00600e-03,-6.76e-01,
-2.00400e-03,-6.68e-01,
-2.00200e-03,-6.60e-01,
-2.00000e-03,-6.56e-01,
-1.99800e-03,-6.36e-01,
-1.99600e-03,-6.32e-01,
-1.99400e-03,-6.28e-01,
-1.99200e-03,-6.36e-01,
-1.99000e-03,-6.32e-01,
-1.98800e-03,-6.36e-01,
-1.98600e-03,-6.36e-01,
-1.98400e-03,-6.40e-01,
-1.98200e-03,-6.36e-01,
-1.98000e-03,-6.20e-01,
-1.97800e-03,-6.36e-01,
-1.97600e-03,-6.28e-01,
-1.97400e-03,-6.28e-01,
-1.97200e-03,-6.20e-01,
-1.97000e-03,-6.08e-01,
-1.96800e-03,-6.04e-01,
-1.96600e-03,-6.04e-01,
-1.96400e-03,-6.04e-01,
-1.96200e-03,-6.08e-01,
-1.96000e-03,-6.16e-01,
-1.95800e-03,-6.16e-01,
-1.95600e-03,-6.16e-01,
-1.95400e-03,-6.20e-01,
-1.95200e-03,-6.24e-01,
-1.95000e-03,-6.24e-01,
-1.94800e-03,-6.24e-01,
-1.94600e-03,-6.44e-01,
-1.94400e-03,-6.32e-01,
-1.94200e-03,-6.20e-01,
-1.94000e-03,-6.24e-01,
-1.93800e-03,-6.32e-01,
-1.93600e-03,-6.32e-01,
-1.93400e-03,-6.36e-01,
-1.93200e-03,-6.44e-01,
-1.93000e-03,-6.44e-01,
-1.92800e-03,-6.40e-01,
-1.92600e-03,-6.36e-01,
-1.92400e-03,-6.48e-01,
-1.92200e-03,-6.40e-01,
-1.92000e-03,-6.28e-01,
-1.91800e-03,-6.40e-01,
-1.91600e-03,-6.56e-01,
-1.91400e-03,-6.20e-01,
-1.91200e-03,-6.28e-01,
-1.91000e-03,-6.32e-01,
-1.90800e-03,-6.24e-01,
-1.90600e-03,-6.40e-01,
-1.90400e-03,-6.36e-01,
-1.90200e-03,-6.36e-01,
-1.90000e-03,-6.48e-01,
-1.89800e-03,-6.56e-01,
-1.89600e-03,-6.56e-01,
-1.89400e-03,-6.60e-01,
-1.89200e-03,-6.60e-01,
-1.89000e-03,-6.56e-01,
-1.88800e-03,-6.36e-01,
-1.88600e-03,-6.36e-01,
-1.88400e-03,-6.36e-01,
-1.88200e-03,-6.40e-01,
-1.88000e-03,-6.44e-01,
-1.87800e-03,-6.52e-01,
-1.87600e-03,-6.52e-01,
-1.87400e-03,-6.52e-01,
-1.87200e-03,-6.52e-01,
-1.87000e-03,-6.52e-01,
-1.86800e-03,-6.36e-01,
-1.86600e-03,-6.36e-01,
-1.86400e-03,-6.48e-01,
-1.86200e-03,-6.48e-01,
-1.86000e-03,-6.48e-01,
-1.85800e-03,-6.48e-01,
-1.85600e-03,-6.52e-01,
-1.85400e-03,-6.44e-01,
-1.85200e-03,-6.52e-01,
-1.85000e-03,-6.40e-01,
-1.84800e-03,-6.40e-01,
-1.84600e-03,-6.52e-01,
-1.84400e-03,-6.48e-01,
-1.84200e-03,-6.64e-01,
-1.84000e-03,-6.52e-01,
-1.83800e-03,-6.52e-01,
-1.83600e-03,-6.40e-01,
-1.83400e-03,-6.36e-01,
-1.83200e-03,-6.48e-01,
-1.83000e-03,-6.44e-01,
-1.82800e-03,-6.32e-01,
-1.82600e-03,-6.44e-01,
-1.82400e-03,-6.48e-01,
-1.82200e-03,-6.48e-01,
-1.82000e-03,-6.48e-01,
-1.81800e-03,-6.60e-01,
-1.81600e-03,-6.56e-01,
-1.81400e-03,-6.76e-01,
-1.81200e-03,-6.76e-01,
-1.81000e-03,-7.00e-01,
-1.80800e-03,-7.24e-01,
-1.80600e-03,-7.00e-01,
-1.80400e-03,-7.16e-01,
-1.80200e-03,-6.96e-01,
-1.80000e-03,-6.76e-01,
-1.79800e-03,-6.68e-01,
-1.79600e-03,-6.76e-01,
-1.79400e-03,-6.76e-01,
-1.79200e-03,-6.76e-01,
-1.79000e-03,-6.68e-01,
-1.78800e-03,-6.44e-01,
-1.78600e-03,-6.40e-01,
-1.78400e-03,-6.36e-01,
-1.78200e-03,-6.36e-01,
-1.78000e-03,-6.48e-01,
-1.77800e-03,-6.44e-01,
-1.77600e-03,-6.48e-01,
-1.77400e-03,-6.48e-01,
-1.77200e-03,-6.40e-01,
-1.77000e-03,-6.76e-01,
-1.76800e-03,-7.04e-01,
-1.76600e-03,-7.24e-01,
-1.76400e-03,-7.36e-01,
-1.76200e-03,-7.32e-01,
-1.76000e-03,-6.92e-01,
-1.75800e-03,-6.84e-01,
-1.75600e-03,-6.76e-01,
-1.75400e-03,-6.68e-01,
-1.75200e-03,-6.44e-01,
-1.75000e-03,-6.32e-01,
-1.74800e-03,-6.28e-01,
-1.74600e-03,-6.32e-01,
-1.74400e-03,-6.28e-01,
-1.74200e-03,-6.32e-01,
-1.74000e-03,-6.24e-01,
-1.73800e-03,-6.20e-01,
-1.73600e-03,-6.28e-01,
-1.73400e-03,-6.28e-01,
-1.73200e-03,-6.20e-01,
-1.73000e-03,-6.36e-01,
-1.72800e-03,-6.52e-01,
-1.72600e-03,-6.84e-01,
-1.72400e-03,-7.48e-01,
-1.72200e-03,-7.40e-01,
-1.72000e-03,-7.36e-01,
-1.71800e-03,-7.04e-01,
-1.71600e-03,-6.68e-01,
-1.71400e-03,-6.48e-01,
-1.71200e-03,-6.48e-01,
-1.71000e-03,-6.44e-01,
-1.70800e-03,-6.36e-01,
-1.70600e-03,-6.56e-01,
-1.70400e-03,-6.28e-01,
-1.70200e-03,-6.24e-01,
-1.70000e-03,-6.04e-01,
-1.69800e-03,-6.20e-01,
-1.69600e-03,-6.40e-01,
-1.69400e-03,-6.28e-01,
-1.69200e-03,-6.32e-01,
-1.69000e-03,-6.40e-01,
-1.68800e-03,-6.28e-01,
-1.68600e-03,-6.40e-01,
-1.68400e-03,-6.56e-01,
-1.68200e-03,-7.04e-01,
-1.68000e-03,-7.28e-01,
-1.67800e-03,-7.00e-01,
-1.67600e-03,-7.00e-01,
-1.67400e-03,-6.76e-01,
-1.67200e-03,-6.64e-01,
-1.67000e-03,-6.40e-01,
-1.66800e-03,-6.08e-01,
-1.66600e-03,-6.32e-01,
-1.66400e-03,-6.28e-01,
-1.66200e-03,-6.20e-01,
-1.66000e-03,-6.20e-01,
-1.65800e-03,-6.28e-01,
-1.65600e-03,-6.20e-01,
-1.65400e-03,-6.24e-01,
-1.65200e-03,-6.24e-01,
-1.65000e-03,-6.32e-01,
-1.64800e-03,-6.28e-01,
-1.64600e-03,-6.20e-01,
-1.64400e-03,-6.32e-01,
-1.64200e-03,-6.76e-01,
-1.64000e-03,-7.00e-01,
-1.63800e-03,-7.00e-01,
-1.63600e-03,-7.04e-01,
-1.63400e-03,-7.12e-01,
-1.63200e-03,-6.80e-01,
-1.63000e-03,-6.52e-01,
-1.62800e-03,-6.40e-01,
-1.62600e-03,-6.36e-01,
-1.62400e-03,-6.20e-01,
-1.62200e-03,-6.20e-01,
-1.62000e-03,-6.24e-01,
-1.61800e-03,-6.20e-01,
-1.61600e-03,-6.04e-01,
-1.61400e-03,-6.04e-01,
-1.61200e-03,-5.88e-01,
-1.61000e-03,-5.88e-01,
-1.60800e-03,-5.92e-01,
-1.60600e-03,-6.04e-01,
-1.60400e-03,-6.00e-01,
-1.60200e-03,-6.08e-01,
-1.60000e-03,-6.20e-01,
-1.59800e-03,-6.48e-01,
-1.59600e-03,-6.92e-01,
-1.59400e-03,-6.76e-01,
-1.59200e-03,-6.84e-01,
-1.59000e-03,-6.76e-01,
-1.58800e-03,-6.56e-01,
-1.58600e-03,-6.20e-01,
-1.58400e-03,-6.40e-01,
-1.58200e-03,-6.44e-01,
-1.58000e-03,-6.24e-01,
-1.57800e-03,-6.16e-01,
-1.57600e-03,-6.12e-01,
-1.57400e-03,-6.12e-01,
-1.57200e-03,-6.12e-01,
-1.57000e-03,-6.16e-01,
-1.56800e-03,-6.24e-01,
-1.56600e-03,-6.32e-01,
-1.56400e-03,-6.32e-01,
-1.56200e-03,-6.04e-01,
-1.56000e-03,-6.04e-01,
-1.55800e-03,-6.24e-01,
-1.55600e-03,-6.24e-01,
-1.55400e-03,-6.52e-01,
-1.55200e-03,-6.76e-01,
-1.55000e-03,-6.80e-01,
-1.54800e-03,-6.60e-01,
-1.54600e-03,-6.52e-01,
-1.54400e-03,-6.44e-01,
-1.54200e-03,-6.28e-01,
-1.54000e-03,-6.32e-01,
-1.53800e-03,-6.20e-01,
-1.53600e-03,-6.16e-01,
-1.53400e-03,-6.24e-01,
-1.53200e-03,-6.32e-01,
-1.53000e-03,-6.36e-01,
-1.52800e-03,-6.36e-01,
-1.52600e-03,-6.32e-01,
-1.52400e-03,-6.32e-01,
-1.52200e-03,-6.20e-01,
-1.52000e-03,-6.04e-01,
-1.51800e-03,-6.00e-01,
-1.51600e-03,-6.12e-01,
-1.51400e-03,-6.16e-01,
-1.51200e-03,-6.76e-01,
-1.51000e-03,-6.72e-01,
-1.50800e-03,-7.00e-01,
-1.50600e-03,-7.00e-01,
-1.50400e-03,-6.68e-01,
-1.50200e-03,-6.60e-01,
-1.50000e-03,-6.44e-01,
-1.49800e-03,-6.40e-01,
-1.49600e-03,-6.40e-01,
-1.49400e-03,-6.16e-01,
-1.49200e-03,-6.20e-01,
-1.49000e-03,-6.24e-01,
-1.48800e-03,-6.28e-01,
-1.48600e-03,-6.16e-01,
-1.48400e-03,-6.24e-01,
-1.48200e-03,-6.20e-01,
-1.48000e-03,-6.24e-01,
-1.47800e-03,-6.32e-01,
-1.47600e-03,-6.20e-01,
-1.47400e-03,-6.28e-01,
-1.47200e-03,-6.24e-01,
-1.47000e-03,-6.24e-01,
-1.46800e-03,-6.88e-01,
-1.46600e-03,-6.96e-01,
-1.46400e-03,-7.24e-01,
-1.46200e-03,-7.00e-01,
-1.46000e-03,-6.84e-01,
-1.45800e-03,-6.80e-01,
-1.45600e-03,-6.68e-01,
-1.45400e-03,-6.64e-01,
-1.45200e-03,-6.40e-01,
-1.45000e-03,-6.28e-01,
-1.44800e-03,-6.40e-01,
-1.44600e-03,-6.44e-01,
-1.44400e-03,-6.40e-01,
-1.44200e-03,-6.32e-01,
-1.44000e-03,-6.16e-01,
-1.43800e-03,-6.28e-01,
-1.43600e-03,-6.24e-01,
-1.43400e-03,-6.04e-01,
-1.43200e-03,-6.08e-01,
-1.43000e-03,-6.44e-01,
-1.42800e-03,-6.44e-01,
-1.42600e-03,-6.92e-01,
-1.42400e-03,-7.16e-01,
-1.42200e-03,-7.00e-01,
-1.42000e-03,-6.96e-01,
-1.41800e-03,-6.72e-01,
-1.41600e-03,-6.60e-01,
-1.41400e-03,-6.40e-01,
-1.41200e-03,-6.48e-01,
-1.41000e-03,-6.48e-01,
-1.40800e-03,-6.48e-01,
-1.40600e-03,-6.40e-01,
-1.40400e-03,-6.44e-01,
-1.40200e-03,-6.36e-01,
-1.40000e-03,-6.44e-01,
-1.39800e-03,-6.40e-01,
-1.39600e-03,-6.32e-01,
-1.39400e-03,-6.28e-01,
-1.39200e-03,-6.32e-01,
-1.39000e-03,-6.40e-01,
-1.38800e-03,-6.36e-01,
-1.38600e-03,-6.40e-01,
-1.38400e-03,-6.60e-01,
-1.38200e-03,-6.48e-01,
-1.38000e-03,-6.28e-01,
-1.37800e-03,-6.28e-01,
-1.37600e-03,-6.40e-01,
-1.37400e-03,-6.28e-01,
-1.37200e-03,-6.24e-01,
-1.37000e-03,-6.28e-01,
-1.36800e-03,-6.20e-01,
-1.36600e-03,-6.32e-01,
-1.36400e-03,-6.28e-01,
-1.36200e-03,-6.28e-01,
-1.36000e-03,-6.28e-01,
-1.35800e-03,-6.12e-01,
-1.35600e-03,-6.12e-01,
-1.35400e-03,-6.12e-01,
-1.35200e-03,-6.36e-01,
-1.35000e-03,-6.28e-01,
-1.34800e-03,-6.20e-01,
-1.34600e-03,-6.24e-01,
-1.34400e-03,-6.40e-01,
-1.34200e-03,-6.44e-01,
-1.34000e-03,-6.60e-01,
-1.33800e-03,-6.56e-01,
-1.33600e-03,-6.52e-01,
-1.33400e-03,-6.40e-01,
-1.33200e-03,-6.36e-01,
-1.33000e-03,-6.36e-01,
-1.32800e-03,-6.44e-01,
-1.32600e-03,-6.48e-01,
-1.32400e-03,-6.40e-01,
-1.32200e-03,-6.36e-01,
-1.32000e-03,-6.72e-01,
-1.31800e-03,-6.68e-01,
-1.31600e-03,-6.48e-01,
-1.31400e-03,-6.36e-01,
-1.31200e-03,-6.40e-01,
-1.31000e-03,-6.44e-01,
-1.30800e-03,-6.48e-01,
-1.30600e-03,-6.52e-01,
-1.30400e-03,-6.40e-01,
-1.30200e-03,-6.36e-01,
-1.30000e-03,-6.36e-01,
-1.29800e-03,-6.40e-01,
-1.29600e-03,-6.32e-01,
-1.29400e-03,-6.20e-01,
-1.29200e-03,-6.36e-01,
-1.29000e-03,-6.44e-01,
-1.28800e-03,-6.40e-01,
-1.28600e-03,-6.32e-01,
-1.28400e-03,-6.52e-01,
-1.28200e-03,-6.40e-01,
-1.28000e-03,-6.36e-01,
-1.27800e-03,-6.40e-01,
-1.27600e-03,-6.48e-01,
-1.27400e-03,-6.52e-01,
-1.27200e-03,-6.52e-01,
-1.27000e-03,-6.64e-01,
-1.26800e-03,-6.64e-01,
-1.26600e-03,-6.68e-01,
-1.26400e-03,-6.68e-01,
-1.26200e-03,-6.64e-01,
-1.26000e-03,-6.56e-01,
-1.25800e-03,-6.36e-01,
-1.25600e-03,-6.40e-01,
-1.25400e-03,-6.40e-01,
-1.25200e-03,-6.32e-01,
-1.25000e-03,-6.32e-01,
-1.24800e-03,-6.52e-01,
-1.24600e-03,-6.44e-01,
-1.24400e-03,-6.44e-01,
-1.24200e-03,-6.40e-01,
-1.24000e-03,-6.36e-01,
-1.23800e-03,-6.24e-01,
-1.23600e-03,-6.28e-01,
-1.23400e-03,-6.28e-01,
-1.23200e-03,-6.36e-01,
-1.23000e-03,-6.48e-01,
-1.22800e-03,-6.36e-01,
-1.22600e-03,-6.36e-01,
-1.22400e-03,-6.44e-01,
-1.22200e-03,-6.68e-01,
-1.22000e-03,-7.12e-01,
-1.21800e-03,-6.96e-01,
-1.21600e-03,-6.84e-01,
-1.21400e-03,-6.80e-01,
-1.21200e-03,-6.60e-01,
-1.21000e-03,-6.36e-01,
-1.20800e-03,-6.36e-01,
-1.20600e-03,-6.44e-01,
-1.20400e-03,-6.44e-01,
-1.20200e-03,-6.52e-01,
-1.20000e-03,-6.44e-01,
-1.19800e-03,-6.36e-01,
-1.19600e-03,-6.32e-01,
-1.19400e-03,-6.36e-01,
-1.19200e-03,-6.12e-01,
-1.19000e-03,-6.20e-01,
-1.18800e-03,-6.20e-01,
-1.18600e-03,-6.20e-01,
-1.18400e-03,-6.44e-01,
-1.18200e-03,-6.72e-01,
-1.18000e-03,-6.96e-01,
-1.17800e-03,-7.28e-01,
-1.17600e-03,-7.48e-01,
-1.17400e-03,-7.16e-01,
-1.17200e-03,-7.16e-01,
-1.17000e-03,-6.96e-01,
-1.16800e-03,-6.76e-01,
-1.16600e-03,-6.68e-01,
-1.16400e-03,-6.44e-01,
-1.16200e-03,-6.36e-01,
-1.16000e-03,-6.32e-01,
-1.15800e-03,-6.28e-01,
-1.15600e-03,-6.40e-01,
-1.15400e-03,-6.36e-01,
-1.15200e-03,-6.36e-01,
-1.15000e-03,-6.20e-01,
-1.14800e-03,-6.04e-01,
-1.14600e-03,-6.28e-01,
-1.14400e-03,-6.20e-01,
-1.14200e-03,-6.32e-01,
-1.14000e-03,-6.44e-01,
-1.13800e-03,-7.08e-01,
-1.13600e-03,-6.92e-01,
-1.13400e-03,-7.16e-01,
-1.13200e-03,-7.16e-01,
-1.13000e-03,-7.12e-01,
-1.12800e-03,-6.80e-01,
-1.12600e-03,-6.68e-01,
-1.12400e-03,-6.44e-01,
-1.12200e-03,-6.40e-01,
-1.12000e-03,-6.44e-01,
-1.11800e-03,-6.36e-01,
-1.11600e-03,-6.32e-01,
-1.11400e-03,-6.36e-01,
-1.11200e-03,-6.28e-01,
-1.11000e-03,-6.36e-01,
-1.10800e-03,-6.32e-01,
-1.10600e-03,-6.20e-01,
-1.10400e-03,-6.24e-01,
-1.10200e-03,-6.36e-01,
-1.10000e-03,-6.08e-01,
-1.09800e-03,-6.20e-01,
-1.09600e-03,-6.40e-01,
-1.09400e-03,-6.92e-01,
-1.09200e-03,-7.36e-01,
-1.09000e-03,-7.40e-01,
-1.08800e-03,-7.20e-01,
-1.08600e-03,-7.00e-01,
-1.08400e-03,-6.68e-01,
-1.08200e-03,-6.60e-01,
-1.08000e-03,-6.48e-01,
-1.07800e-03,-6.32e-01,
-1.07600e-03,-6.28e-01,
-1.07400e-03,-6.32e-01,
-1.07200e-03,-6.28e-01,
-1.07000e-03,-6.20e-01,
-1.06800e-03,-6.08e-01,
-1.06600e-03,-5.96e-01,
-1.06400e-03,-6.20e-01,
-1.06200e-03,-6.16e-01,
-1.06000e-03,-6.16e-01,
-1.05800e-03,-6.00e-01,
-1.05600e-03,-5.96e-01,
-1.05400e-03,-6.44e-01,
-1.05200e-03,-6.64e-01,
-1.05000e-03,-6.76e-01,
-1.04800e-03,-7.00e-01,
-1.04600e-03,-6.72e-01,
-1.04400e-03,-6.84e-01,
-1.04200e-03,-6.80e-01,
-1.04000e-03,-6.68e-01,
-1.03800e-03,-6.36e-01,
-1.03600e-03,-6.24e-01,
-1.03400e-03,-6.20e-01,
-1.03200e-03,-6.04e-01,
-1.03000e-03,-6.12e-01,
-1.02800e-03,-6.20e-01,
-1.02600e-03,-6.04e-01,
-1.02400e-03,-6.04e-01,
-1.02200e-03,-6.16e-01,
-1.02000e-03,-6.20e-01,
-1.01800e-03,-6.12e-01,
-1.01600e-03,-6.12e-01,
-1.01400e-03,-6.16e-01,
-1.01200e-03,-6.32e-01,
-1.01000e-03,-7.20e-01,
-1.00800e-03,-7.20e-01,
-1.00600e-03,-7.40e-01,
-1.00400e-03,-7.24e-01,
-1.00200e-03,-6.76e-01,
-1.00000e-03,-6.40e-01,
-9.98000e-04,-6.40e-01,
-9.96000e-04,-6.40e-01,
-9.94000e-04,-6.32e-01,
-9.92000e-04,-6.24e-01,
-9.90000e-04,-6.24e-01,
-9.88000e-04,-6.28e-01,
-9.86000e-04,-6.20e-01,
-9.84000e-04,-6.20e-01,
-9.82000e-04,-6.24e-01,
-9.80000e-04,-6.20e-01,
-9.78000e-04,-6.28e-01,
-9.76000e-04,-6.24e-01,
-9.74000e-04,-6.24e-01,
-9.72000e-04,-6.36e-01,
-9.70000e-04,-6.40e-01,
-9.68000e-04,-6.80e-01,
-9.66000e-04,-7.12e-01,
-9.64000e-04,-6.84e-01,
-9.62000e-04,-6.72e-01,
-9.60000e-04,-6.44e-01,
-9.58000e-04,-6.36e-01,
-9.56000e-04,-6.12e-01,
-9.54000e-04,-6.28e-01,
-9.52000e-04,-6.20e-01,
-9.50000e-04,-6.20e-01,
-9.48000e-04,-6.28e-01,
-9.46000e-04,-6.20e-01,
-9.44000e-04,-6.12e-01,
-9.42000e-04,-6.12e-01,
-9.40000e-04,-6.16e-01,
-9.38000e-04,-6.20e-01,
-9.36000e-04,-6.24e-01,
-9.34000e-04,-6.16e-01,
-9.32000e-04,-6.12e-01,
-9.30000e-04,-6.24e-01,
-9.28000e-04,-6.68e-01,
-9.26000e-04,-6.84e-01,
-9.24000e-04,-7.00e-01,
-9.22000e-04,-6.92e-01,
-9.20000e-04,-6.68e-01,
-9.18000e-04,-6.48e-01,
-9.16000e-04,-6.40e-01,
-9.14000e-04,-6.32e-01,
-9.12000e-04,-6.20e-01,
-9.10000e-04,-6.28e-01,
-9.08000e-04,-6.36e-01,
-9.06000e-04,-6.40e-01,
-9.04000e-04,-6.24e-01,
-9.02000e-04,-6.24e-01,
-9.00000e-04,-6.48e-01,
-8.98000e-04,-6.40e-01,
-8.96000e-04,-6.36e-01,
-8.94000e-04,-6.28e-01,
-8.92000e-04,-6.28e-01,
-8.90000e-04,-6.28e-01,
-8.88000e-04,-6.32e-01,
-8.86000e-04,-6.64e-01,
-8.84000e-04,-7.00e-01,
-8.82000e-04,-7.12e-01,
-8.80000e-04,-7.16e-01,
-8.78000e-04,-7.00e-01,
-8.76000e-04,-6.84e-01,
-8.74000e-04,-6.64e-01,
-8.72000e-04,-6.52e-01,
-8.70000e-04,-6.44e-01,
-8.68000e-04,-6.24e-01,
-8.66000e-04,-6.20e-01,
-8.64000e-04,-6.32e-01,
-8.62000e-04,-6.08e-01,
-8.60000e-04,-6.12e-01,
-8.58000e-04,-6.16e-01,
-8.56000e-04,-6.16e-01,
-8.54000e-04,-6.04e-01,
-8.52000e-04,-6.16e-01,
-8.50000e-04,-6.16e-01,
-8.48000e-04,-6.12e-01,
-8.46000e-04,-6.16e-01,
-8.44000e-04,-6.52e-01,
-8.42000e-04,-6.52e-01,
-8.40000e-04,-6.88e-01,
-8.38000e-04,-7.16e-01,
-8.36000e-04,-7.00e-01,
-8.34000e-04,-6.80e-01,
-8.32000e-04,-6.64e-01,
-8.30000e-04,-6.52e-01,
-8.28000e-04,-6.32e-01,
-8.26000e-04,-6.08e-01,
-8.24000e-04,-6.16e-01,
-8.22000e-04,-6.04e-01,
-8.20000e-04,-6.08e-01,
-8.18000e-04,-6.28e-01,
-8.16000e-04,-6.32e-01,
-8.14000e-04,-6.44e-01,
-8.12000e-04,-6.28e-01,
-8.10000e-04,-6.16e-01,
-8.08000e-04,-6.00e-01,
-8.06000e-04,-6.04e-01,
-8.04000e-04,-6.24e-01,
-8.02000e-04,-6.04e-01,
-8.00000e-04,-6.00e-01,
-7.98000e-04,-5.96e-01,
-7.96000e-04,-5.96e-01,
-7.94000e-04,-6.08e-01,
-7.92000e-04,-6.20e-01,
-7.90000e-04,-6.28e-01,
-7.88000e-04,-6.28e-01,
-7.86000e-04,-6.24e-01,
-7.84000e-04,-6.16e-01,
-7.82000e-04,-6.12e-01,
-7.80000e-04,-6.28e-01,
-7.78000e-04,-6.24e-01,
-7.76000e-04,-6.04e-01,
-7.74000e-04,-6.20e-01,
-7.72000e-04,-6.32e-01,
-7.70000e-04,-6.24e-01,
-7.68000e-04,-6.20e-01,
-7.66000e-04,-6.32e-01,
-7.64000e-04,-6.44e-01,
-7.62000e-04,-6.32e-01,
-7.60000e-04,-6.28e-01,
-7.58000e-04,-6.12e-01,
-7.56000e-04,-6.16e-01,
-7.54000e-04,-6.32e-01,
-7.52000e-04,-6.28e-01,
-7.50000e-04,-6.32e-01,
-7.48000e-04,-6.28e-01,
-7.46000e-04,-6.20e-01,
-7.44000e-04,-6.36e-01,
-7.42000e-04,-6.28e-01,
-7.40000e-04,-6.44e-01,
-7.38000e-04,-6.40e-01,
-7.36000e-04,-6.44e-01,
-7.34000e-04,-6.44e-01,
-7.32000e-04,-6.44e-01,
-7.30000e-04,-6.32e-01,
-7.28000e-04,-6.28e-01,
-7.26000e-04,-6.52e-01,
-7.24000e-04,-6.52e-01,
-7.22000e-04,-6.60e-01,
-7.20000e-04,-6.52e-01,
-7.18000e-04,-6.52e-01,
-7.16000e-04,-6.40e-01,
-7.14000e-04,-6.36e-01,
-7.12000e-04,-6.32e-01,
-7.10000e-04,-6.36e-01,
-7.08000e-04,-6.32e-01,
-7.06000e-04,-6.36e-01,
-7.04000e-04,-6.36e-01,
-7.02000e-04,-6.32e-01,
-7.00000e-04,-6.52e-01,
-6.98000e-04,-6.32e-01,
-6.96000e-04,-6.36e-01,
-6.94000e-04,-6.44e-01,
-6.92000e-04,-6.52e-01,
-6.90000e-04,-6.52e-01,
-6.88000e-04,-6.48e-01,
-6.86000e-04,-6.40e-01,
-6.84000e-04,-6.40e-01,
-6.82000e-04,-6.56e-01,
-6.80000e-04,-6.60e-01,
-6.78000e-04,-6.60e-01,
-6.76000e-04,-6.36e-01,
-6.74000e-04,-6.40e-01,
-6.72000e-04,-6.36e-01,
-6.70000e-04,-6.40e-01,
-6.68000e-04,-6.44e-01,
-6.66000e-04,-6.44e-01,
-6.64000e-04,-6.40e-01,
-6.62000e-04,-6.24e-01,
-6.60000e-04,-6.32e-01,
-6.58000e-04,-6.52e-01,
-6.56000e-04,-6.52e-01,
-6.54000e-04,-6.52e-01,
-6.52000e-04,-6.52e-01,
-6.50000e-04,-6.52e-01,
-6.48000e-04,-6.52e-01,
-6.46000e-04,-6.68e-01,
-6.44000e-04,-6.60e-01,
-6.42000e-04,-6.68e-01,
-6.40000e-04,-6.80e-01,
-6.38000e-04,-7.08e-01,
-6.36000e-04,-7.32e-01,
-6.34000e-04,-7.16e-01,
-6.32000e-04,-7.16e-01,
-6.30000e-04,-7.12e-01,
-6.28000e-04,-6.80e-01,
-6.26000e-04,-6.80e-01,
-6.24000e-04,-6.76e-01,
-6.22000e-04,-6.68e-01,
-6.20000e-04,-6.60e-01,
-6.18000e-04,-6.44e-01,
-6.16000e-04,-6.36e-01,
-6.14000e-04,-6.36e-01,
-6.12000e-04,-6.28e-01,
-6.10000e-04,-6.24e-01,
-6.08000e-04,-6.36e-01,
-6.06000e-04,-6.32e-01,
-6.04000e-04,-6.28e-01,
-6.02000e-04,-6.40e-01,
-6.00000e-04,-6.36e-01,
-5.98000e-04,-6.76e-01,
-5.96000e-04,-6.76e-01,
-5.94000e-04,-7.00e-01,
-5.92000e-04,-7.16e-01,
-5.90000e-04,-7.00e-01,
-5.88000e-04,-7.00e-01,
-5.86000e-04,-6.80e-01,
-5.84000e-04,-6.68e-01,
-5.82000e-04,-6.36e-01,
-5.80000e-04,-6.24e-01,
-5.78000e-04,-6.28e-01,
-5.76000e-04,-6.36e-01,
-5.74000e-04,-6.40e-01,
-5.72000e-04,-6.52e-01,
-5.70000e-04,-6.44e-01,
-5.68000e-04,-6.44e-01,
-5.66000e-04,-6.36e-01,
-5.64000e-04,-6.20e-01,
-5.62000e-04,-6.28e-01,
-5.60000e-04,-6.32e-01,
-5.58000e-04,-6.36e-01,
-5.56000e-04,-6.48e-01,
-5.54000e-04,-7.08e-01,
-5.52000e-04,-7.20e-01,
-5.50000e-04,-7.40e-01,
-5.48000e-04,-7.40e-01,
-5.46000e-04,-7.12e-01,
-5.44000e-04,-6.68e-01,
-5.42000e-04,-6.64e-01,
-5.40000e-04,-6.60e-01,
-5.38000e-04,-6.44e-01,
-5.36000e-04,-6.28e-01,
-5.34000e-04,-6.48e-01,
-5.32000e-04,-6.40e-01,
-5.30000e-04,-6.32e-01,
-5.28000e-04,-6.20e-01,
-5.26000e-04,-6.04e-01,
-5.24000e-04,-6.16e-01,
-5.22000e-04,-6.16e-01,
-5.20000e-04,-6.04e-01,
-5.18000e-04,-6.08e-01,
-5.16000e-04,-6.28e-01,
-5.14000e-04,-6.32e-01,
-5.12000e-04,-6.64e-01,
-5.10000e-04,-7.00e-01,
-5.08000e-04,-7.56e-01,
-5.06000e-04,-7.28e-01,
-5.04000e-04,-7.28e-01,
-5.02000e-04,-6.96e-01,
-5.00000e-04,-6.64e-01,
-4.98000e-04,-6.32e-01,
-4.96000e-04,-6.32e-01,
-4.94000e-04,-6.24e-01,
-4.92000e-04,-6.32e-01,
-4.90000e-04,-6.40e-01,
-4.88000e-04,-6.04e-01,
-4.86000e-04,-6.20e-01,
-4.84000e-04,-6.24e-01,
-4.82000e-04,-6.32e-01,
-4.80000e-04,-6.24e-01,
-4.78000e-04,-6.12e-01,
-4.76000e-04,-6.12e-01,
-4.74000e-04,-6.12e-01,
-4.72000e-04,-6.24e-01,
-4.70000e-04,-6.68e-01,
-4.68000e-04,-6.76e-01,
-4.66000e-04,-7.00e-01,
-4.64000e-04,-7.00e-01,
-4.62000e-04,-6.88e-01,
-4.60000e-04,-6.84e-01,
-4.58000e-04,-6.80e-01,
-4.56000e-04,-6.52e-01,
-4.54000e-04,-6.32e-01,
-4.52000e-04,-6.52e-01,
-4.50000e-04,-6.36e-01,
-4.48000e-04,-6.24e-01,
-4.46000e-04,-6.28e-01,
-4.44000e-04,-6.20e-01,
-4.42000e-04,-6.04e-01,
-4.40000e-04,-6.16e-01,
-4.38000e-04,-6.20e-01,
-4.36000e-04,-6.20e-01,
-4.34000e-04,-6.00e-01,
-4.32000e-04,-6.04e-01,
-4.30000e-04,-6.04e-01,
-4.28000e-04,-6.28e-01,
-4.26000e-04,-6.96e-01,
-4.24000e-04,-7.00e-01,
-4.22000e-04,-7.24e-01,
-4.20000e-04,-7.04e-01,
-4.18000e-04,-6.76e-01,
-4.16000e-04,-6.72e-01,
-4.14000e-04,-6.60e-01,
-4.12000e-04,-6.48e-01,
-4.10000e-04,-6.48e-01,
-4.08000e-04,-6.36e-01,
-4.06000e-04,-6.28e-01,
-4.04000e-04,-6.32e-01,
-4.02000e-04,-6.32e-01,
-4.00000e-04,-6.24e-01,
-3.98000e-04,-6.28e-01,
-3.96000e-04,-6.24e-01,
-3.94000e-04,-6.28e-01,
-3.92000e-04,-6.24e-01,
-3.90000e-04,-6.28e-01,
-3.88000e-04,-6.64e-01,
-3.86000e-04,-6.64e-01,
-3.84000e-04,-6.96e-01,
-3.82000e-04,-7.00e-01,
-3.80000e-04,-6.80e-01,
-3.78000e-04,-6.64e-01,
-3.76000e-04,-6.60e-01,
-3.74000e-04,-6.52e-01,
-3.72000e-04,-6.36e-01,
-3.70000e-04,-6.36e-01,
-3.68000e-04,-6.36e-01,
-3.66000e-04,-6.36e-01,
-3.64000e-04,-6.28e-01,
-3.62000e-04,-6.20e-01,
-3.60000e-04,-6.16e-01,
-3.58000e-04,-6.20e-01,
-3.56000e-04,-6.36e-01,
-3.54000e-04,-6.16e-01,
-3.52000e-04,-6.16e-01,
-3.50000e-04,-6.32e-01,
-3.48000e-04,-6.36e-01,
-3.46000e-04,-6.44e-01,
-3.44000e-04,-6.84e-01,
-3.42000e-04,-6.84e-01,
-3.40000e-04,-6.80e-01,
-3.38000e-04,-6.68e-01,
-3.36000e-04,-6.64e-01,
-3.34000e-04,-6.52e-01,
-3.32000e-04,-6.36e-01,
-3.30000e-04,-6.32e-01,
-3.28000e-04,-6.40e-01,
-3.26000e-04,-6.36e-01,
-3.24000e-04,-6.28e-01,
-3.22000e-04,-6.20e-01,
-3.20000e-04,-6.12e-01,
-3.18000e-04,-6.08e-01,
-3.16000e-04,-6.28e-01,
-3.14000e-04,-6.24e-01,
-3.12000e-04,-6.32e-01,
-3.10000e-04,-6.12e-01,
-3.08000e-04,-6.20e-01,
-3.06000e-04,-6.32e-01,
-3.04000e-04,-6.44e-01,
-3.02000e-04,-6.68e-01,
-3.00000e-04,-6.84e-01,
-2.98000e-04,-7.20e-01,
-2.96000e-04,-6.84e-01,
-2.94000e-04,-6.68e-01,
-2.92000e-04,-6.68e-01,
-2.90000e-04,-6.64e-01,
-2.88000e-04,-6.40e-01,
-2.86000e-04,-6.40e-01,
-2.84000e-04,-6.36e-01,
-2.82000e-04,-6.36e-01,
-2.80000e-04,-6.36e-01,
-2.78000e-04,-6.28e-01,
-2.76000e-04,-6.32e-01,
-2.74000e-04,-6.36e-01,
-2.72000e-04,-6.32e-01,
-2.70000e-04,-6.16e-01,
-2.68000e-04,-6.28e-01,
-2.66000e-04,-6.20e-01,
-2.64000e-04,-6.20e-01,
-2.62000e-04,-6.36e-01,
-2.60000e-04,-6.64e-01,
-2.58000e-04,-6.72e-01,
-2.56000e-04,-7.04e-01,
-2.54000e-04,-7.08e-01,
-2.52000e-04,-6.68e-01,
-2.50000e-04,-6.76e-01,
-2.48000e-04,-6.68e-01,
-2.46000e-04,-6.64e-01,
-2.44000e-04,-6.64e-01,
-2.42000e-04,-6.24e-01,
-2.40000e-04,-6.28e-01,
-2.38000e-04,-6.24e-01,
-2.36000e-04,-6.28e-01,
-2.34000e-04,-6.32e-01,
-2.32000e-04,-6.36e-01,
-2.30000e-04,-6.28e-01,
-2.28000e-04,-6.24e-01,
-2.26000e-04,-6.24e-01,
-2.24000e-04,-6.20e-01,
-2.22000e-04,-6.20e-01,
-2.20000e-04,-6.20e-01,
-2.18000e-04,-6.20e-01,
-2.16000e-04,-6.08e-01,
-2.14000e-04,-6.36e-01,
-2.12000e-04,-6.32e-01,
-2.10000e-04,-6.28e-01,
-2.08000e-04,-6.20e-01,
-2.06000e-04,-6.16e-01,
-2.04000e-04,-6.32e-01,
-2.02000e-04,-6.28e-01,
-2.00000e-04,-6.12e-01,
-1.98000e-04,-6.16e-01,
-1.96000e-04,-6.40e-01,
-1.94000e-04,-6.28e-01,
-1.92000e-04,-6.28e-01,
-1.90000e-04,-6.24e-01,
-1.88000e-04,-6.32e-01,
-1.86000e-04,-6.28e-01,
-1.84000e-04,-6.32e-01,
-1.82000e-04,-6.32e-01,
-1.80000e-04,-6.28e-01,
-1.78000e-04,-6.48e-01,
-1.76000e-04,-6.48e-01,
-1.74000e-04,-6.48e-01,
-1.72000e-04,-6.40e-01,
-1.70000e-04,-6.36e-01,
-1.68000e-04,-6.44e-01,
-1.66000e-04,-6.44e-01,
-1.64000e-04,-6.44e-01,
-1.62000e-04,-6.36e-01,
-1.60000e-04,-6.28e-01,
-1.58000e-04,-6.40e-01,
-1.56000e-04,-6.48e-01,
-1.54000e-04,-6.44e-01,
-1.52000e-04,-6.36e-01,
-1.50000e-04,-6.52e-01,
-1.48000e-04,-6.44e-01,
-1.46000e-04,-6.28e-01,
-1.44000e-04,-6.24e-01,
-1.42000e-04,-6.32e-01,
-1.40000e-04,-6.36e-01,
-1.38000e-04,-6.40e-01,
-1.36000e-04,-6.28e-01,
-1.34000e-04,-6.48e-01,
-1.32000e-04,-6.68e-01,
-1.30000e-04,-6.68e-01,
-1.28000e-04,-6.60e-01,
-1.26000e-04,-6.52e-01,
-1.24000e-04,-6.44e-01,
-1.22000e-04,-6.28e-01,
-1.20000e-04,-6.28e-01,
-1.18000e-04,-6.32e-01,
-1.16000e-04,-6.40e-01,
-1.14000e-04,-6.28e-01,
-1.12000e-04,-6.36e-01,
-1.10000e-04,-6.32e-01,
-1.08000e-04,-6.36e-01,
-1.06000e-04,-6.40e-01,
-1.04000e-04,-6.12e-01,
-1.02000e-04,-6.16e-01,
-9.99999e-05,-6.16e-01,
-9.80001e-05,-6.36e-01,
-9.60001e-05,-6.20e-01,
-9.40001e-05,-6.36e-01,
-9.20000e-05,-6.40e-01,
-9.00000e-05,-6.32e-01,
-8.80000e-05,-6.44e-01,
-8.60000e-05,-6.44e-01,
-8.40000e-05,-6.44e-01,
-8.20000e-05,-6.36e-01,
-8.00000e-05,-6.32e-01,
-7.79999e-05,-6.24e-01,
-7.59999e-05,-6.32e-01,
-7.39999e-05,-6.36e-01,
-7.19999e-05,-6.48e-01,
-6.99999e-05,-6.52e-01,
-6.80001e-05,-6.52e-01,
-6.60001e-05,-6.52e-01,
-6.40001e-05,-6.48e-01,
-6.20001e-05,-6.44e-01,
-6.00000e-05,-6.60e-01,
-5.80000e-05,-6.60e-01,
-5.60000e-05,-6.64e-01,
-5.40000e-05,-6.84e-01,
-5.20000e-05,-7.16e-01,
-5.00000e-05,-7.12e-01,
-4.79999e-05,-7.16e-01,
-4.59999e-05,-7.00e-01,
-4.39999e-05,-6.84e-01,
-4.19999e-05,-6.68e-01,
-3.99999e-05,-6.64e-01,
-3.80001e-05,-6.52e-01,
-3.60001e-05,-6.36e-01,
-3.40001e-05,-6.32e-01,
-3.20001e-05,-6.28e-01,
-3.00000e-05,-6.32e-01,
-2.80000e-05,-6.36e-01,
-2.60000e-05,-6.48e-01,
-2.40000e-05,-6.36e-01,
-2.20000e-05,-6.48e-01,
-2.00000e-05,-6.40e-01,
-1.79999e-05,-6.36e-01,
-1.59999e-05,-6.36e-01,
-1.39999e-05,-6.68e-01,
-1.19999e-05,-6.80e-01,
-9.99989e-06,-7.16e-01,
-8.00011e-06,-7.20e-01,
-6.00009e-06,-7.16e-01,
-4.00008e-06,-6.76e-01,
-2.00006e-06,-6.72e-01,
-4.50760e-11,-6.60e-01,
1.99997e-06,-6.44e-01,
3.99999e-06,-6.16e-01,
6.00000e-06,-6.04e-01,
8.00002e-06,-6.00e-01,
1.00000e-05,-6.16e-01,
1.20000e-05,-6.20e-01,
1.40001e-05,-6.28e-01,
1.60001e-05,-6.16e-01,
1.80001e-05,-6.20e-01,
2.00001e-05,-6.12e-01,
2.20001e-05,-6.24e-01,
2.39999e-05,-6.16e-01,
2.59999e-05,-6.20e-01,
2.79999e-05,-6.12e-01,
3.00000e-05,-6.68e-01,
3.20000e-05,-7.44e-01,
3.40000e-05,-7.40e-01,
3.60000e-05,-7.48e-01,
3.80000e-05,-7.28e-01,
4.00000e-05,-7.00e-01,
4.20000e-05,-6.88e-01,
4.40001e-05,-6.72e-01,
4.60001e-05,-6.68e-01,
4.80001e-05,-6.52e-01,
5.00001e-05,-6.28e-01,
5.20001e-05,-6.28e-01,
5.39999e-05,-6.32e-01,
5.59999e-05,-6.48e-01,
5.79999e-05,-6.32e-01,
5.99999e-05,-6.28e-01,
6.20000e-05,-6.24e-01,
6.40000e-05,-6.32e-01,
6.60000e-05,-6.16e-01,
6.80000e-05,-6.12e-01,
7.00000e-05,-6.88e-01,
7.20000e-05,-6.92e-01,
7.40001e-05,-7.12e-01,
7.60001e-05,-7.28e-01,
7.80001e-05,-6.92e-01,
8.00001e-05,-6.76e-01,
8.20001e-05,-6.52e-01,
8.39999e-05,-6.36e-01,
8.59999e-05,-6.20e-01,
8.79999e-05,-6.24e-01,
8.99999e-05,-6.12e-01,
9.20000e-05,-6.04e-01,
9.40000e-05,-6.00e-01,
9.60000e-05,-5.96e-01,
9.80000e-05,-6.04e-01,
1.00000e-04,-6.16e-01,
1.02000e-04,-6.28e-01,
1.04000e-04,-6.24e-01,
1.06000e-04,-6.32e-01,
1.08000e-04,-6.28e-01,
1.10000e-04,-6.28e-01,
1.12000e-04,-6.56e-01,
1.14000e-04,-7.28e-01,
1.16000e-04,-7.16e-01,
1.18000e-04,-7.20e-01,
1.20000e-04,-7.20e-01,
1.22000e-04,-6.92e-01,
1.24000e-04,-6.64e-01,
1.26000e-04,-6.64e-01,
1.28000e-04,-6.36e-01,
1.30000e-04,-6.28e-01,
1.32000e-04,-6.32e-01,
1.34000e-04,-6.28e-01,
1.36000e-04,-6.24e-01,
1.38000e-04,-6.12e-01,
1.40000e-04,-6.04e-01,
1.42000e-04,-6.20e-01,
1.44000e-04,-6.12e-01,
1.46000e-04,-6.04e-01,
1.48000e-04,-6.04e-01,
1.50000e-04,-6.08e-01,
1.52000e-04,-6.44e-01,
1.54000e-04,-6.36e-01,
1.56000e-04,-6.68e-01,
1.58000e-04,-6.80e-01,
1.60000e-04,-6.76e-01,
1.62000e-04,-6.68e-01,
1.64000e-04,-6.60e-01,
1.66000e-04,-6.44e-01,
1.68000e-04,-6.36e-01,
1.70000e-04,-6.24e-01,
1.72000e-04,-6.28e-01,
1.74000e-04,-6.32e-01,
1.76000e-04,-6.24e-01,
1.78000e-04,-6.16e-01,
1.80000e-04,-6.16e-01,
1.82000e-04,-6.12e-01,
1.84000e-04,-6.24e-01,
1.86000e-04,-6.32e-01,
1.88000e-04,-6.20e-01,
1.90000e-04,-6.16e-01,
1.92000e-04,-6.12e-01,
1.94000e-04,-6.28e-01,
1.96000e-04,-6.92e-01,
1.98000e-04,-6.88e-01,
2.00000e-04,-7.00e-01,
2.02000e-04,-7.00e-01,
2.04000e-04,-6.80e-01,
2.06000e-04,-6.40e-01,
2.08000e-04,-6.44e-01,
2.10000e-04,-6.36e-01,
2.12000e-04,-6.28e-01,
2.14000e-04,-6.36e-01,
2.16000e-04,-6.36e-01,
2.18000e-04,-6.36e-01,
2.20000e-04,-6.24e-01,
2.22000e-04,-6.20e-01,
2.24000e-04,-6.44e-01,
2.26000e-04,-6.28e-01,
2.28000e-04,-6.28e-01,
2.30000e-04,-6.32e-01,
2.32000e-04,-6.24e-01,
2.34000e-04,-6.40e-01,
2.36000e-04,-6.48e-01,
2.38000e-04,-7.00e-01,
2.40000e-04,-7.16e-01,
2.42000e-04,-6.96e-01,
2.44000e-04,-6.84e-01,
2.46000e-04,-6.76e-01,
2.48000e-04,-6.68e-01,
2.50000e-04,-6.44e-01,
2.52000e-04,-6.08e-01,
2.54000e-04,-6.28e-01,
2.56000e-04,-6.32e-01,
2.58000e-04,-6.36e-01,
2.60000e-04,-6.28e-01,
2.62000e-04,-6.20e-01,
2.64000e-04,-6.16e-01,
2.66000e-04,-6.20e-01,
2.68000e-04,-6.08e-01,
2.70000e-04,-6.12e-01,
2.72000e-04,-6.12e-01,
2.74000e-04,-6.20e-01,
2.76000e-04,-6.36e-01,
2.78000e-04,-6.88e-01,
2.80000e-04,-6.84e-01,
2.82000e-04,-7.08e-01,
2.84000e-04,-6.92e-01,
2.86000e-04,-6.68e-01,
2.88000e-04,-6.20e-01,
2.90000e-04,-6.20e-01,
2.92000e-04,-6.16e-01,
2.94000e-04,-6.20e-01,
2.96000e-04,-6.20e-01,
2.98000e-04,-6.08e-01,
3.00000e-04,-6.16e-01,
3.02000e-04,-6.20e-01,
3.04000e-04,-6.12e-01,
3.06000e-04,-5.96e-01,
3.08000e-04,-6.04e-01,
3.10000e-04,-6.08e-01,
3.12000e-04,-6.12e-01,
3.14000e-04,-6.20e-01,
3.16000e-04,-6.60e-01,
3.18000e-04,-6.60e-01,
3.20000e-04,-6.96e-01,
3.22000e-04,-6.92e-01,
3.24000e-04,-6.68e-01,
3.26000e-04,-6.64e-01,
3.28000e-04,-6.48e-01,
3.30000e-04,-6.40e-01,
3.32000e-04,-6.40e-01,
3.34000e-04,-6.16e-01,
3.36000e-04,-6.20e-01,
3.38000e-04,-6.24e-01,
3.40000e-04,-6.12e-01,
3.42000e-04,-6.20e-01,
3.44000e-04,-6.16e-01,
3.46000e-04,-6.16e-01,
3.48000e-04,-6.08e-01,
3.50000e-04,-6.04e-01,
3.52000e-04,-6.08e-01,
3.54000e-04,-6.04e-01,
3.56000e-04,-6.04e-01,
3.58000e-04,-6.32e-01,
3.60000e-04,-6.36e-01,
3.62000e-04,-6.20e-01,
3.64000e-04,-6.20e-01,
3.66000e-04,-6.32e-01,
3.68000e-04,-6.24e-01,
3.70000e-04,-6.24e-01,
3.72000e-04,-6.36e-01,
3.74000e-04,-6.40e-01,
3.76000e-04,-6.28e-01,
3.78000e-04,-6.08e-01,
3.80000e-04,-6.20e-01,
3.82000e-04,-6.20e-01,
3.84000e-04,-6.32e-01,
3.86000e-04,-6.32e-01,
3.88000e-04,-6.20e-01,
3.90000e-04,-6.28e-01,
3.92000e-04,-6.24e-01,
3.94000e-04,-6.16e-01,
3.96000e-04,-6.20e-01,
3.98000e-04,-6.32e-01,
4.00000e-04,-6.32e-01,
4.02000e-04,-6.48e-01,
4.04000e-04,-6.48e-01,
4.06000e-04,-6.40e-01,
4.08000e-04,-6.52e-01,
4.10000e-04,-6.52e-01,
4.12000e-04,-6.36e-01,
4.14000e-04,-6.36e-01,
4.16000e-04,-6.44e-01,
4.18000e-04,-6.48e-01,
4.20000e-04,-6.52e-01,
4.22000e-04,-6.40e-01,
4.24000e-04,-6.44e-01,
4.26000e-04,-6.40e-01,
4.28000e-04,-6.48e-01,
4.30000e-04,-6.56e-01,
4.32000e-04,-6.52e-01,
4.34000e-04,-6.44e-01,
4.36000e-04,-6.48e-01,
4.38000e-04,-6.44e-01,
4.40000e-04,-6.48e-01,
4.42000e-04,-6.44e-01,
4.44000e-04,-6.64e-01,
4.46000e-04,-6.52e-01,
4.48000e-04,-6.48e-01,
4.50000e-04,-6.36e-01,
4.52000e-04,-6.40e-01,
4.54000e-04,-6.32e-01,
4.56000e-04,-6.28e-01,
4.58000e-04,-6.28e-01,
4.60000e-04,-6.48e-01,
4.62000e-04,-6.48e-01,
4.64000e-04,-6.52e-01,
4.66000e-04,-6.52e-01,
4.68000e-04,-6.44e-01,
4.70000e-04,-6.44e-01,
4.72000e-04,-6.40e-01,
4.74000e-04,-6.36e-01,
4.76000e-04,-6.32e-01,
4.78000e-04,-6.20e-01,
4.80000e-04,-6.32e-01,
4.82000e-04,-6.28e-01,
4.84000e-04,-6.32e-01,
4.86000e-04,-6.48e-01,
4.88000e-04,-6.44e-01,
4.90000e-04,-6.08e-01,
4.92000e-04,-6.20e-01,
4.94000e-04,-6.36e-01,
4.96000e-04,-6.28e-01,
4.98000e-04,-6.20e-01,
5.00000e-04,-6.32e-01,
5.02000e-04,-6.36e-01,
5.04000e-04,-6.40e-01,
5.06000e-04,-6.40e-01,
5.08000e-04,-6.48e-01,
5.10000e-04,-6.40e-01,
5.12000e-04,-6.36e-01,
5.14000e-04,-6.40e-01,
5.16000e-04,-6.44e-01,
5.18000e-04,-6.60e-01,
5.20000e-04,-6.68e-01,
5.22000e-04,-6.96e-01,
5.24000e-04,-6.92e-01,
5.26000e-04,-6.76e-01,
5.28000e-04,-6.76e-01,
5.30000e-04,-6.80e-01,
5.32000e-04,-6.52e-01,
5.34000e-04,-6.32e-01,
5.36000e-04,-6.48e-01,
5.38000e-04,-6.44e-01,
5.40000e-04,-6.40e-01,
5.42000e-04,-6.44e-01,
5.44000e-04,-6.40e-01,
5.46000e-04,-6.40e-01,
5.48000e-04,-6.44e-01,
5.50000e-04,-6.36e-01,
5.52000e-04,-6.56e-01,
5.54000e-04,-6.36e-01,
5.56000e-04,-6.36e-01,
5.58000e-04,-6.20e-01,
5.60000e-04,-6.52e-01,
5.62000e-04,-7.00e-01,
5.64000e-04,-6.96e-01,
5.66000e-04,-7.20e-01,
5.68000e-04,-7.24e-01,
5.70000e-04,-6.88e-01,
5.72000e-04,-6.68e-01,
5.74000e-04,-6.68e-01,
5.76000e-04,-6.60e-01,
5.78000e-04,-6.44e-01,
5.80000e-04,-6.32e-01,
5.82000e-04,-6.32e-01,
5.84000e-04,-6.32e-01,
5.86000e-04,-6.36e-01,
5.88000e-04,-6.36e-01,
5.90000e-04,-6.24e-01,
5.92000e-04,-6.36e-01,
5.94000e-04,-6.48e-01,
5.96000e-04,-6.44e-01,
5.98000e-04,-6.20e-01,
6.00000e-04,-6.36e-01,
6.02000e-04,-6.36e-01,
6.04000e-04,-6.76e-01,
6.06000e-04,-7.24e-01,
6.08000e-04,-7.20e-01,
6.10000e-04,-7.16e-01,
6.12000e-04,-7.04e-01,
6.14000e-04,-7.12e-01,
6.16000e-04,-6.68e-01,
6.18000e-04,-6.40e-01,
6.20000e-04,-6.36e-01,
6.22000e-04,-6.32e-01,
6.24000e-04,-6.28e-01,
6.26000e-04,-6.16e-01,
6.28000e-04,-6.20e-01,
6.30000e-04,-6.16e-01,
6.32000e-04,-6.28e-01,
6.34000e-04,-6.28e-01,
6.36000e-04,-6.20e-01,
6.38000e-04,-6.16e-01,
6.40000e-04,-6.20e-01,
6.42000e-04,-6.20e-01,
6.44000e-04,-6.84e-01,
6.46000e-04,-6.80e-01,
6.48000e-04,-7.08e-01,
6.50000e-04,-7.12e-01,
6.52000e-04,-6.92e-01,
6.54000e-04,-6.84e-01,
6.56000e-04,-6.76e-01,
6.58000e-04,-6.52e-01,
6.60000e-04,-6.36e-01,
6.62000e-04,-6.00e-01,
6.64000e-04,-6.00e-01,
6.66000e-04,-5.96e-01,
6.68000e-04,-6.04e-01,
6.70000e-04,-6.04e-01,
6.72000e-04,-6.20e-01,
6.74000e-04,-6.28e-01,
6.76000e-04,-6.24e-01,
6.78000e-04,-6.24e-01,
6.80000e-04,-6.20e-01,
6.82000e-04,-6.20e-01,
6.84000e-04,-6.24e-01,
6.86000e-04,-6.60e-01,
6.88000e-04,-7.04e-01,
6.90000e-04,-7.16e-01,
6.92000e-04,-7.12e-01,
6.94000e-04,-6.92e-01,
6.96000e-04,-6.68e-01,
6.98000e-04,-6.52e-01,
7.00000e-04,-6.36e-01,
7.02000e-04,-6.40e-01,
7.04000e-04,-6.32e-01,
7.06000e-04,-6.28e-01,
7.08000e-04,-6.32e-01,
7.10000e-04,-6.36e-01,
7.12000e-04,-6.44e-01,
7.14000e-04,-6.36e-01,
7.16000e-04,-6.36e-01,
7.18000e-04,-6.08e-01,
7.20000e-04,-6.20e-01,
7.22000e-04,-6.12e-01,
7.24000e-04,-6.04e-01,
7.26000e-04,-6.24e-01,
7.28000e-04,-6.64e-01,
7.30000e-04,-6.72e-01,
7.32000e-04,-6.96e-01,
7.34000e-04,-7.08e-01,
7.36000e-04,-6.84e-01,
7.38000e-04,-6.68e-01,
7.40000e-04,-6.52e-01,
7.42000e-04,-6.44e-01,
7.44000e-04,-6.32e-01,
7.46000e-04,-6.28e-01,
7.48000e-04,-6.28e-01,
7.50000e-04,-6.28e-01,
7.52000e-04,-6.16e-01,
7.54000e-04,-5.96e-01,
7.56000e-04,-5.88e-01,
7.58000e-04,-5.88e-01,
7.60000e-04,-5.80e-01,
7.62000e-04,-6.00e-01,
7.64000e-04,-5.88e-01,
7.66000e-04,-6.00e-01,
7.68000e-04,-6.12e-01,
7.70000e-04,-6.48e-01,
7.72000e-04,-6.96e-01,
7.74000e-04,-6.84e-01,
7.76000e-04,-7.00e-01,
7.78000e-04,-6.84e-01,
7.80000e-04,-6.40e-01,
7.82000e-04,-6.20e-01,
7.84000e-04,-6.12e-01,
7.86000e-04,-6.20e-01,
7.88000e-04,-6.16e-01,
7.90000e-04,-6.12e-01,
7.92000e-04,-6.04e-01,
7.94000e-04,-6.04e-01,
7.96000e-04,-6.00e-01,
7.98000e-04,-6.04e-01,
8.00000e-04,-6.28e-01,
8.02000e-04,-6.20e-01,
8.04000e-04,-6.24e-01,
8.06000e-04,-6.20e-01,
8.08000e-04,-6.16e-01,
8.10000e-04,-6.64e-01,
8.12000e-04,-6.56e-01,
8.14000e-04,-6.72e-01,
8.16000e-04,-6.68e-01,
8.18000e-04,-6.40e-01,
8.20000e-04,-6.40e-01,
8.22000e-04,-6.36e-01,
8.24000e-04,-6.36e-01,
8.26000e-04,-6.36e-01,
8.28000e-04,-6.20e-01,
8.30000e-04,-6.20e-01,
8.32000e-04,-6.12e-01,
8.34000e-04,-6.20e-01,
8.36000e-04,-6.20e-01,
8.38000e-04,-6.04e-01,
8.40000e-04,-6.12e-01,
8.42000e-04,-6.40e-01,
8.44000e-04,-6.40e-01,
8.46000e-04,-6.36e-01,
8.48000e-04,-6.44e-01,
8.50000e-04,-6.56e-01,
8.52000e-04,-6.80e-01,
8.54000e-04,-7.16e-01,
8.56000e-04,-6.96e-01,
8.58000e-04,-6.80e-01,
8.60000e-04,-6.68e-01,
8.62000e-04,-6.56e-01,
8.64000e-04,-6.24e-01,
8.66000e-04,-6.32e-01,
8.68000e-04,-6.28e-01,
8.70000e-04,-6.28e-01,
8.72000e-04,-6.28e-01,
8.74000e-04,-6.28e-01,
8.76000e-04,-6.20e-01,
8.78000e-04,-6.04e-01,
8.80000e-04,-6.20e-01,
8.82000e-04,-6.28e-01,
8.84000e-04,-6.28e-01,
8.86000e-04,-6.32e-01,
8.88000e-04,-6.32e-01,
8.90000e-04,-6.48e-01,
8.92000e-04,-7.00e-01,
8.94000e-04,-6.96e-01,
8.96000e-04,-6.92e-01,
8.98000e-04,-6.84e-01,
9.00000e-04,-6.52e-01,
9.02000e-04,-6.44e-01,
9.04000e-04,-6.32e-01,
9.06000e-04,-6.36e-01,
9.08000e-04,-6.36e-01,
9.10000e-04,-6.20e-01,
9.12000e-04,-6.20e-01,
9.14000e-04,-6.24e-01,
9.16000e-04,-6.24e-01,
9.18000e-04,-6.24e-01,
9.20000e-04,-6.12e-01,
9.22000e-04,-6.24e-01,
9.24000e-04,-6.32e-01,
9.26000e-04,-6.24e-01,
9.28000e-04,-6.12e-01,
9.30000e-04,-6.28e-01,
9.32000e-04,-6.24e-01,
9.34000e-04,-6.08e-01,
9.36000e-04,-6.20e-01,
9.38000e-04,-6.16e-01,
9.40000e-04,-6.28e-01,
9.42000e-04,-6.24e-01,
9.44000e-04,-6.20e-01,
9.46000e-04,-6.28e-01,
9.48000e-04,-6.08e-01,
9.50000e-04,-6.12e-01,
9.52000e-04,-6.20e-01,
9.54000e-04,-6.24e-01,
9.56000e-04,-6.20e-01,
9.58000e-04,-6.24e-01,
9.60000e-04,-6.28e-01,
9.62000e-04,-6.36e-01,
9.64000e-04,-6.28e-01,
9.66000e-04,-6.32e-01,
9.68000e-04,-6.28e-01,
9.70000e-04,-6.36e-01,
9.72000e-04,-6.36e-01,
9.74000e-04,-6.32e-01,
9.76000e-04,-6.32e-01,
9.78000e-04,-6.28e-01,
9.80000e-04,-6.40e-01,
9.82000e-04,-6.36e-01,
9.84000e-04,-6.36e-01,
9.86000e-04,-6.32e-01,
9.88000e-04,-6.32e-01,
9.90000e-04,-6.32e-01,
9.92000e-04,-6.28e-01,
9.94000e-04,-6.28e-01,
9.96000e-04,-6.20e-01,
9.98000e-04,-6.28e-01,
1.00000e-03,-6.36e-01,
1.00200e-03,-6.52e-01,
1.00400e-03,-6.52e-01,
1.00600e-03,-6.48e-01,
1.00800e-03,-6.52e-01,
1.01000e-03,-6.36e-01,
1.01200e-03,-6.44e-01,
1.01400e-03,-6.44e-01,
1.01600e-03,-6.48e-01,
1.01800e-03,-6.52e-01,
1.02000e-03,-6.44e-01,
1.02200e-03,-6.44e-01,
1.02400e-03,-6.40e-01,
1.02600e-03,-6.36e-01,
1.02800e-03,-6.36e-01,
1.03000e-03,-6.44e-01,
1.03200e-03,-6.44e-01,
1.03400e-03,-6.32e-01,
1.03600e-03,-6.36e-01,
1.03800e-03,-6.36e-01,
1.04000e-03,-6.36e-01,
1.04200e-03,-6.36e-01,
1.04400e-03,-6.36e-01,
1.04600e-03,-6.36e-01,
1.04800e-03,-6.36e-01,
1.05000e-03,-6.36e-01,
1.05200e-03,-6.48e-01,
1.05400e-03,-6.52e-01,
1.05600e-03,-6.36e-01,
1.05800e-03,-6.36e-01,
1.06000e-03,-6.32e-01,
1.06200e-03,-6.44e-01,
1.06400e-03,-6.52e-01,
1.06600e-03,-6.28e-01,
1.06800e-03,-6.32e-01,
1.07000e-03,-6.40e-01,
1.07200e-03,-6.48e-01,
1.07400e-03,-6.40e-01,
1.07600e-03,-6.36e-01,
1.07800e-03,-6.32e-01,
1.08000e-03,-6.40e-01,
1.08200e-03,-6.44e-01,
1.08400e-03,-6.28e-01,
1.08600e-03,-6.32e-01,
1.08800e-03,-6.32e-01,
1.09000e-03,-6.48e-01,
1.09200e-03,-6.92e-01,
1.09400e-03,-7.00e-01,
1.09600e-03,-7.20e-01,
1.09800e-03,-7.04e-01,
1.10000e-03,-6.84e-01,
1.10200e-03,-6.76e-01,
1.10400e-03,-6.76e-01,
1.10600e-03,-6.56e-01,
1.10800e-03,-6.52e-01,
1.11000e-03,-6.60e-01,
1.11200e-03,-6.52e-01,
1.11400e-03,-6.48e-01,
1.11600e-03,-6.48e-01,
1.11800e-03,-6.52e-01,
1.12000e-03,-6.40e-01,
1.12200e-03,-6.48e-01,
1.12400e-03,-6.48e-01,
1.12600e-03,-6.36e-01,
1.12800e-03,-6.44e-01,
1.13000e-03,-6.36e-01,
1.13200e-03,-6.36e-01,
1.13400e-03,-6.64e-01,
1.13600e-03,-6.92e-01,
1.13800e-03,-7.12e-01,
1.14000e-03,-7.12e-01,
1.14200e-03,-6.92e-01,
1.14400e-03,-6.72e-01,
1.14600e-03,-6.56e-01,
1.14800e-03,-6.36e-01,
1.15000e-03,-6.32e-01,
1.15200e-03,-6.36e-01,
1.15400e-03,-6.36e-01,
1.15600e-03,-6.32e-01,
1.15800e-03,-6.28e-01,
1.16000e-03,-6.24e-01,
1.16200e-03,-6.24e-01,
1.16400e-03,-6.24e-01,
1.16600e-03,-6.20e-01,
1.16800e-03,-6.24e-01,
1.17000e-03,-6.24e-01,
1.17200e-03,-6.20e-01,
1.17400e-03,-6.52e-01,
1.17600e-03,-7.04e-01,
1.17800e-03,-7.32e-01,
1.18000e-03,-7.40e-01,
1.18200e-03,-7.48e-01,
1.18400e-03,-7.00e-01,
1.18600e-03,-7.12e-01,
1.18800e-03,-6.92e-01,
1.19000e-03,-6.68e-01,
1.19200e-03,-6.52e-01,
1.19400e-03,-6.52e-01,
1.19600e-03,-6.52e-01,
1.19800e-03,-6.48e-01,
1.20000e-03,-6.32e-01,
1.20200e-03,-6.20e-01,
1.20400e-03,-6.32e-01,
1.20600e-03,-6.36e-01,
1.20800e-03,-6.28e-01,
1.21000e-03,-6.20e-01,
1.21200e-03,-6.12e-01,
1.21400e-03,-6.20e-01,
1.21600e-03,-6.44e-01,
1.21800e-03,-6.76e-01,
1.22000e-03,-7.24e-01,
1.22200e-03,-7.04e-01,
1.22400e-03,-6.92e-01,
1.22600e-03,-6.80e-01,
1.22800e-03,-6.60e-01,
1.23000e-03,-6.24e-01,
1.23200e-03,-6.28e-01,
1.23400e-03,-6.24e-01,
1.23600e-03,-6.24e-01,
1.23800e-03,-6.24e-01,
1.24000e-03,-6.32e-01,
1.24200e-03,-6.32e-01,
1.24400e-03,-6.36e-01,
1.24600e-03,-6.40e-01,
1.24800e-03,-6.48e-01,
1.25000e-03,-6.40e-01,
1.25200e-03,-6.28e-01,
1.25400e-03,-6.32e-01,
1.25600e-03,-6.28e-01,
1.25800e-03,-6.68e-01,
1.26000e-03,-6.68e-01,
1.26200e-03,-7.08e-01,
1.26400e-03,-7.20e-01,
1.26600e-03,-6.88e-01,
1.26800e-03,-6.72e-01,
1.27000e-03,-6.60e-01,
1.27200e-03,-6.36e-01,
1.27400e-03,-6.20e-01,
1.27600e-03,-6.16e-01,
1.27800e-03,-6.16e-01,
1.28000e-03,-6.16e-01,
1.28200e-03,-6.04e-01,
1.28400e-03,-6.04e-01,
1.28600e-03,-6.04e-01,
1.28800e-03,-6.08e-01,
1.29000e-03,-6.16e-01,
1.29200e-03,-6.16e-01,
1.29400e-03,-6.00e-01,
1.29600e-03,-6.04e-01,
1.29800e-03,-6.00e-01,
1.30000e-03,-6.24e-01,
1.30200e-03,-6.92e-01,
1.30400e-03,-6.84e-01,
1.30600e-03,-7.08e-01,
1.30800e-03,-7.00e-01,
1.31000e-03,-6.80e-01,
1.31200e-03,-6.52e-01,
1.31400e-03,-6.60e-01,
1.31600e-03,-6.36e-01,
1.31800e-03,-6.28e-01,
1.32000e-03,-6.20e-01,
1.32200e-03,-6.00e-01,
1.32400e-03,-6.08e-01,
1.32600e-03,-6.04e-01,
1.32800e-03,-6.16e-01,
1.33000e-03,-6.20e-01,
1.33200e-03,-6.16e-01,
1.33400e-03,-6.04e-01,
1.33600e-03,-6.00e-01,
1.33800e-03,-6.00e-01,
1.34000e-03,-6.52e-01,
1.34200e-03,-6.48e-01,
1.34400e-03,-6.80e-01,
1.34600e-03,-7.04e-01,
1.34800e-03,-6.92e-01,
1.35000e-03,-6.84e-01,
1.35200e-03,-6.84e-01,
1.35400e-03,-6.68e-01,
1.35600e-03,-6.56e-01,
1.35800e-03,-6.32e-01,
1.36000e-03,-6.24e-01,
1.36200e-03,-6.16e-01,
1.36400e-03,-6.20e-01,
1.36600e-03,-6.36e-01,
1.36800e-03,-6.32e-01,
1.37000e-03,-6.32e-01,
1.37200e-03,-6.36e-01,
1.37400e-03,-6.48e-01,
1.37600e-03,-6.40e-01,
1.37800e-03,-6.24e-01,
1.38000e-03,-6.12e-01,
1.38200e-03,-6.32e-01,
1.38400e-03,-6.76e-01,
1.38600e-03,-6.92e-01,
1.38800e-03,-6.96e-01,
1.39000e-03,-6.76e-01,
1.39200e-03,-6.68e-01,
1.39400e-03,-6.60e-01,
1.39600e-03,-6.48e-01,
1.39800e-03,-6.48e-01,
1.40000e-03,-6.40e-01,
1.40200e-03,-6.28e-01,
1.40400e-03,-6.12e-01,
1.40600e-03,-6.24e-01,
1.40800e-03,-6.28e-01,
1.41000e-03,-6.20e-01,
1.41200e-03,-6.24e-01,
1.41400e-03,-6.12e-01,
1.41600e-03,-6.20e-01,
1.41800e-03,-6.28e-01,
1.42000e-03,-6.28e-01,
1.42200e-03,-6.44e-01,
1.42400e-03,-6.52e-01,
1.42600e-03,-6.84e-01,
1.42800e-03,-7.00e-01,
1.43000e-03,-7.08e-01,
1.43200e-03,-7.08e-01,
1.43400e-03,-6.92e-01,
1.43600e-03,-6.72e-01,
1.43800e-03,-6.60e-01,
1.44000e-03,-6.28e-01,
1.44200e-03,-6.32e-01,
1.44400e-03,-6.20e-01,
1.44600e-03,-6.12e-01,
1.44800e-03,-6.16e-01,
1.45000e-03,-6.28e-01,
1.45200e-03,-6.28e-01,
1.45400e-03,-6.20e-01,
1.45600e-03,-6.20e-01,
1.45800e-03,-6.16e-01,
1.46000e-03,-6.32e-01,
1.46200e-03,-6.28e-01,
1.46400e-03,-6.36e-01,
1.46600e-03,-6.76e-01,
1.46800e-03,-6.88e-01,
1.47000e-03,-6.84e-01,
1.47200e-03,-6.68e-01,
1.47400e-03,-6.60e-01,
1.47600e-03,-6.36e-01,
1.47800e-03,-6.40e-01,
1.48000e-03,-6.36e-01,
1.48200e-03,-6.04e-01,
1.48400e-03,-6.04e-01,
1.48600e-03,-6.12e-01,
1.48800e-03,-6.04e-01,
1.49000e-03,-6.12e-01,
1.49200e-03,-6.24e-01,
1.49400e-03,-6.28e-01,
1.49600e-03,-6.32e-01,
1.49800e-03,-6.32e-01,
1.50000e-03,-6.28e-01,
1.50200e-03,-6.24e-01,
1.50400e-03,-6.68e-01,
1.50600e-03,-6.68e-01,
1.50800e-03,-6.96e-01,
1.51000e-03,-6.92e-01,
1.51200e-03,-6.64e-01,
1.51400e-03,-6.64e-01,
1.51600e-03,-6.52e-01,
1.51800e-03,-6.40e-01,
1.52000e-03,-6.28e-01,
1.52200e-03,-6.16e-01,
1.52400e-03,-6.20e-01,
1.52600e-03,-6.16e-01,
1.52800e-03,-6.24e-01,
1.53000e-03,-6.28e-01,
1.53200e-03,-6.20e-01,
1.53400e-03,-6.20e-01,
1.53600e-03,-6.20e-01,
1.53800e-03,-6.16e-01,
1.54000e-03,-6.08e-01,
1.54200e-03,-6.28e-01,
1.54400e-03,-6.20e-01,
1.54600e-03,-6.08e-01,
1.54800e-03,-6.20e-01,
1.55000e-03,-6.08e-01,
1.55200e-03,-6.12e-01,
1.55400e-03,-6.04e-01,
1.55600e-03,-6.16e-01,
1.55800e-03,-6.04e-01,
1.56000e-03,-6.00e-01,
1.56200e-03,-6.00e-01,
1.56400e-03,-6.24e-01,
1.56600e-03,-6.32e-01,
1.56800e-03,-6.44e-01,
1.57000e-03,-6.40e-01,
1.57200e-03,-6.44e-01,
1.57400e-03,-6.32e-01,
1.57600e-03,-6.36e-01,
1.57800e-03,-6.48e-01,
1.58000e-03,-6.48e-01,
1.58200e-03,-6.40e-01,
1.58400e-03,-6.32e-01,
1.58600e-03,-6.24e-01,
1.58800e-03,-6.24e-01,
1.59000e-03,-6.24e-01,
1.59200e-03,-6.16e-01,
1.59400e-03,-6.16e-01,
1.59600e-03,-6.36e-01,
1.59800e-03,-6.24e-01,
1.60000e-03,-6.28e-01,
1.60200e-03,-6.36e-01,
1.60400e-03,-6.48e-01,
1.60600e-03,-6.44e-01,
1.60800e-03,-6.44e-01,
1.61000e-03,-6.52e-01,
1.61200e-03,-6.36e-01,
1.61400e-03,-6.40e-01,
1.61600e-03,-6.36e-01,
1.61800e-03,-6.44e-01,
1.62000e-03,-6.40e-01,
1.62200e-03,-6.72e-01,
1.62400e-03,-6.52e-01,
1.62600e-03,-6.52e-01,
1.62800e-03,-6.48e-01,
1.63000e-03,-6.44e-01,
1.63200e-03,-6.44e-01,
1.63400e-03,-6.48e-01,
1.63600e-03,-6.52e-01,
1.63800e-03,-6.36e-01,
1.64000e-03,-6.32e-01,
1.64200e-03,-6.60e-01,
1.64400e-03,-6.48e-01,
1.64600e-03,-6.32e-01,
1.64800e-03,-6.24e-01,
1.65000e-03,-6.44e-01,
1.65200e-03,-6.36e-01,
1.65400e-03,-6.44e-01,
1.65600e-03,-6.44e-01,
1.65800e-03,-6.36e-01,
1.66000e-03,-6.40e-01,
1.66200e-03,-6.44e-01,
1.66400e-03,-6.52e-01,
1.66600e-03,-6.52e-01,
1.66800e-03,-6.32e-01,
1.67000e-03,-6.44e-01,
1.67200e-03,-6.48e-01,
1.67400e-03,-6.56e-01,
1.67600e-03,-6.52e-01,
1.67800e-03,-6.48e-01,
1.68000e-03,-6.44e-01,
1.68200e-03,-6.40e-01,
1.68400e-03,-6.36e-01,
1.68600e-03,-6.32e-01,
1.68800e-03,-6.40e-01,
1.69000e-03,-6.44e-01,
1.69200e-03,-6.48e-01,
1.69400e-03,-6.56e-01,
1.69600e-03,-6.36e-01,
1.69800e-03,-6.48e-01,
1.70000e-03,-6.60e-01,
1.70200e-03,-6.44e-01,
1.70400e-03,-6.28e-01,
1.70600e-03,-6.44e-01,
1.70800e-03,-6.40e-01,
1.71000e-03,-6.60e-01,
1.71200e-03,-6.68e-01,
1.71400e-03,-7.08e-01,
1.71600e-03,-7.00e-01,
1.71800e-03,-7.20e-01,
1.72000e-03,-7.04e-01,
1.72200e-03,-6.92e-01,
1.72400e-03,-6.72e-01,
1.72600e-03,-6.76e-01,
1.72800e-03,-6.60e-01,
1.73000e-03,-6.56e-01,
1.73200e-03,-6.72e-01,
1.73400e-03,-6.60e-01,
1.73600e-03,-6.60e-01,
1.73800e-03,-6.60e-01,
1.74000e-03,-6.48e-01,
1.74200e-03,-6.44e-01,
1.74400e-03,-6.36e-01,
1.74600e-03,-6.20e-01,
1.74800e-03,-6.24e-01,
1.75000e-03,-6.36e-01,
1.75200e-03,-6.32e-01,
1.75400e-03,-6.36e-01,
1.75600e-03,-6.76e-01,
1.75800e-03,-7.00e-01,
1.76000e-03,-6.84e-01,
1.76200e-03,-6.92e-01,
1.76400e-03,-6.88e-01,
1.76600e-03,-6.72e-01,
1.76800e-03,-6.56e-01,
1.77000e-03,-6.52e-01,
1.77200e-03,-6.48e-01,
1.77400e-03,-6.36e-01,
1.77600e-03,-6.28e-01,
1.77800e-03,-6.32e-01,
1.78000e-03,-6.28e-01,
1.78200e-03,-6.32e-01,
1.78400e-03,-6.28e-01,
1.78600e-03,-6.12e-01,
1.78800e-03,-6.12e-01,
1.79000e-03,-6.12e-01,
1.79200e-03,-6.20e-01,
1.79400e-03,-6.32e-01,
1.79600e-03,-6.92e-01,
1.79800e-03,-7.00e-01,
1.80000e-03,-7.24e-01,
1.80200e-03,-7.16e-01,
1.80400e-03,-7.08e-01,
1.80600e-03,-6.96e-01,
1.80800e-03,-6.76e-01,
1.81000e-03,-6.56e-01,
1.81200e-03,-6.52e-01,
1.81400e-03,-6.44e-01,
1.81600e-03,-6.48e-01,
1.81800e-03,-6.48e-01,
1.82000e-03,-6.52e-01,
1.82200e-03,-6.48e-01,
1.82400e-03,-6.32e-01,
1.82600e-03,-6.40e-01,
1.82800e-03,-6.36e-01,
1.83000e-03,-6.24e-01,
1.83200e-03,-6.16e-01,
1.83400e-03,-6.44e-01,
1.83600e-03,-6.40e-01,
1.83800e-03,-6.76e-01,
1.84000e-03,-7.08e-01,
1.84200e-03,-7.24e-01,
1.84400e-03,-7.08e-01,
1.84600e-03,-7.00e-01,
1.84800e-03,-6.68e-01,
1.85000e-03,-6.40e-01,
1.85200e-03,-6.28e-01,
1.85400e-03,-6.28e-01,
1.85600e-03,-6.20e-01,
1.85800e-03,-6.20e-01,
1.86000e-03,-6.36e-01,
1.86200e-03,-6.36e-01,
1.86400e-03,-6.44e-01,
1.86600e-03,-6.28e-01,
1.86800e-03,-6.20e-01,
1.87000e-03,-6.24e-01,
1.87200e-03,-6.12e-01,
1.87400e-03,-6.04e-01,
1.87600e-03,-6.12e-01,
1.87800e-03,-6.84e-01,
1.88000e-03,-6.88e-01,
1.88200e-03,-7.16e-01,
1.88400e-03,-7.00e-01,
1.88600e-03,-6.68e-01,
1.88800e-03,-6.20e-01,
1.89000e-03,-6.20e-01,
1.89200e-03,-6.16e-01,
1.89400e-03,-6.20e-01,
1.89600e-03,-6.24e-01,
1.89800e-03,-6.32e-01,
1.90000e-03,-6.28e-01,
1.90200e-03,-6.16e-01,
1.90400e-03,-6.20e-01,
1.90600e-03,-5.92e-01,
1.90800e-03,-6.12e-01,
1.91000e-03,-6.20e-01,
1.91200e-03,-6.28e-01,
1.91400e-03,-6.36e-01,
1.91600e-03,-6.20e-01,
1.91800e-03,-6.32e-01,
1.92000e-03,-6.68e-01,
1.92200e-03,-7.04e-01,
1.92400e-03,-7.08e-01,
1.92600e-03,-7.04e-01,
1.92800e-03,-6.84e-01,
1.93000e-03,-6.64e-01,
1.93200e-03,-6.48e-01,
1.93400e-03,-6.52e-01,
1.93600e-03,-6.48e-01,
1.93800e-03,-6.48e-01,
1.94000e-03,-6.48e-01,
1.94200e-03,-6.44e-01,
1.94400e-03,-6.44e-01,
1.94600e-03,-6.44e-01,
1.94800e-03,-6.52e-01,
1.95000e-03,-6.40e-01,
1.95200e-03,-6.32e-01,
1.95400e-03,-6.32e-01,
1.95600e-03,-6.28e-01,
1.95800e-03,-6.24e-01,
1.96000e-03,-6.60e-01,
1.96200e-03,-6.88e-01,
1.96400e-03,-6.96e-01,
1.96600e-03,-6.84e-01,
1.96800e-03,-6.68e-01,
1.97000e-03,-6.60e-01,
1.97200e-03,-6.48e-01,
1.97400e-03,-6.40e-01,
1.97600e-03,-6.44e-01,
1.97800e-03,-6.28e-01,
1.98000e-03,-6.20e-01,
1.98200e-03,-6.28e-01,
1.98400e-03,-6.32e-01,
1.98600e-03,-6.24e-01,
1.98800e-03,-6.28e-01,
1.99000e-03,-6.28e-01,
1.99200e-03,-6.28e-01,
1.99400e-03,-6.24e-01,
1.99600e-03,-6.08e-01,
1.99800e-03,-6.12e-01,
2.00000e-03,-6.20e-01,
2.00200e-03,-6.52e-01,
2.00400e-03,-6.68e-01,
2.00600e-03,-6.88e-01,
2.00800e-03,-6.92e-01,
2.01000e-03,-6.88e-01,
2.01200e-03,-6.60e-01,
2.01400e-03,-6.36e-01,
2.01600e-03,-6.12e-01,
2.01800e-03,-6.32e-01,
2.02000e-03,-6.28e-01,
2.02200e-03,-6.28e-01,
2.02400e-03,-6.28e-01,
2.02600e-03,-6.36e-01,
2.02800e-03,-6.32e-01,
2.03000e-03,-6.28e-01,
2.03200e-03,-6.36e-01,
2.03400e-03,-6.20e-01,
2.03600e-03,-6.36e-01,
2.03800e-03,-6.52e-01,
2.04000e-03,-6.44e-01,
2.04200e-03,-6.92e-01,
2.04400e-03,-7.00e-01,
2.04600e-03,-7.16e-01,
2.04800e-03,-7.04e-01,
2.05000e-03,-6.88e-01,
2.05200e-03,-6.68e-01,
2.05400e-03,-6.68e-01,
2.05600e-03,-6.68e-01,
2.05800e-03,-6.64e-01,
2.06000e-03,-6.56e-01,
2.06200e-03,-6.24e-01,
2.06400e-03,-6.32e-01,
2.06600e-03,-6.20e-01,
2.06800e-03,-6.20e-01,
2.07000e-03,-6.40e-01,
2.07200e-03,-6.36e-01,
2.07400e-03,-6.40e-01,
2.07600e-03,-6.20e-01,
2.07800e-03,-6.16e-01,
2.08000e-03,-6.36e-01,
2.08200e-03,-6.48e-01,
2.08400e-03,-6.80e-01,
2.08600e-03,-6.76e-01,
2.08800e-03,-6.84e-01,
2.09000e-03,-6.84e-01,
2.09200e-03,-6.80e-01,
2.09400e-03,-6.64e-01,
2.09600e-03,-6.52e-01,
2.09800e-03,-6.32e-01,
2.10000e-03,-6.36e-01,
2.10200e-03,-6.32e-01,
2.10400e-03,-6.32e-01,
2.10600e-03,-6.44e-01,
2.10800e-03,-6.48e-01,
2.11000e-03,-6.44e-01,
2.11200e-03,-6.24e-01,
2.11400e-03,-6.16e-01,
2.11600e-03,-5.96e-01,
2.11800e-03,-6.08e-01,
2.12000e-03,-6.20e-01,
2.12200e-03,-6.24e-01,
2.12400e-03,-6.52e-01,
2.12600e-03,-6.88e-01,
2.12800e-03,-6.88e-01,
2.13000e-03,-6.92e-01,
2.13200e-03,-6.84e-01,
2.13400e-03,-6.48e-01,
2.13600e-03,-6.52e-01,
2.13800e-03,-6.44e-01,
2.14000e-03,-6.36e-01,
2.14200e-03,-6.44e-01,
2.14400e-03,-6.24e-01,
2.14600e-03,-6.20e-01,
2.14800e-03,-6.04e-01,
2.15000e-03,-6.12e-01,
2.15200e-03,-6.20e-01,
2.15400e-03,-6.32e-01,
2.15600e-03,-6.28e-01,
2.15800e-03,-6.16e-01,
2.16000e-03,-6.24e-01,
2.16200e-03,-6.36e-01,
2.16400e-03,-6.32e-01,
2.16600e-03,-6.36e-01,
2.16800e-03,-6.36e-01,
2.17000e-03,-6.36e-01,
2.17200e-03,-6.44e-01,
2.17400e-03,-6.40e-01,
2.17600e-03,-6.24e-01,
2.17800e-03,-6.24e-01,
2.18000e-03,-6.28e-01,
2.18200e-03,-6.36e-01,
2.18400e-03,-6.40e-01,
2.18600e-03,-6.36e-01,
2.18800e-03,-6.32e-01,
2.19000e-03,-6.44e-01,
2.19200e-03,-6.36e-01,
2.19400e-03,-6.28e-01,
2.19600e-03,-6.40e-01,
2.19800e-03,-6.40e-01,
2.20000e-03,-6.32e-01,
2.20200e-03,-6.24e-01,
2.20400e-03,-6.12e-01,
2.20600e-03,-6.08e-01,
2.20800e-03,-6.28e-01,
2.21000e-03,-6.20e-01,
2.21200e-03,-6.24e-01,
2.21400e-03,-6.28e-01,
2.21600e-03,-6.24e-01,
2.21800e-03,-6.28e-01,
2.22000e-03,-6.28e-01,
2.22200e-03,-6.28e-01,
2.22400e-03,-6.40e-01,
2.22600e-03,-6.32e-01,
2.22800e-03,-6.36e-01,
2.23000e-03,-6.36e-01,
2.23200e-03,-6.52e-01,
2.23400e-03,-6.48e-01,
2.23600e-03,-6.32e-01,
2.23800e-03,-6.36e-01,
2.24000e-03,-6.44e-01,
2.24200e-03,-6.36e-01,
2.24400e-03,-6.20e-01,
2.24600e-03,-6.32e-01,
2.24800e-03,-6.40e-01,
2.25000e-03,-6.32e-01,
2.25200e-03,-6.44e-01,
2.25400e-03,-6.36e-01,
2.25600e-03,-6.44e-01,
2.25800e-03,-6.40e-01,
2.26000e-03,-6.52e-01,
2.26200e-03,-6.60e-01,
2.26400e-03,-6.60e-01,
2.26600e-03,-6.64e-01,
2.26800e-03,-6.52e-01,
2.27000e-03,-6.40e-01,
2.27200e-03,-6.28e-01,
2.27400e-03,-6.40e-01,
2.27600e-03,-6.60e-01,
2.27800e-03,-6.44e-01,
2.28000e-03,-6.44e-01,
2.28200e-03,-6.36e-01,
2.28400e-03,-6.36e-01,
2.28600e-03,-6.32e-01,
2.28800e-03,-6.32e-01,
2.29000e-03,-6.36e-01,
2.29200e-03,-6.32e-01,
2.29400e-03,-6.32e-01,
2.29600e-03,-6.28e-01,
2.29800e-03,-6.28e-01,
2.30000e-03,-6.40e-01,
2.30200e-03,-6.36e-01,
2.30400e-03,-6.28e-01,
2.30600e-03,-6.32e-01,
2.30800e-03,-6.28e-01,
2.31000e-03,-6.32e-01,
2.31200e-03,-6.36e-01,
2.31400e-03,-6.44e-01,
2.31600e-03,-6.48e-01,
2.31800e-03,-6.48e-01,
2.32000e-03,-6.52e-01,
2.32200e-03,-6.52e-01,
2.32400e-03,-6.36e-01,
2.32600e-03,-6.44e-01,
2.32800e-03,-6.52e-01,
2.33000e-03,-6.60e-01,
2.33200e-03,-6.60e-01,
2.33400e-03,-6.88e-01,
2.33600e-03,-6.96e-01,
2.33800e-03,-7.12e-01,
2.34000e-03,-7.04e-01,
2.34200e-03,-7.00e-01,
2.34400e-03,-6.72e-01,
2.34600e-03,-6.80e-01,
2.34800e-03,-6.68e-01,
2.35000e-03,-6.72e-01,
2.35200e-03,-6.64e-01,
2.35400e-03,-6.48e-01,
2.35600e-03,-6.48e-01,
2.35800e-03,-6.44e-01,
2.36000e-03,-6.48e-01,
2.36200e-03,-6.60e-01,
2.36400e-03,-6.40e-01,
2.36600e-03,-6.44e-01,
2.36800e-03,-6.36e-01,
2.37000e-03,-6.44e-01,
2.37200e-03,-6.64e-01,
2.37400e-03,-6.80e-01,
2.37600e-03,-6.96e-01,
2.37800e-03,-7.00e-01,
2.38000e-03,-7.08e-01,
2.38200e-03,-6.84e-01,
2.38400e-03,-6.76e-01,
2.38600e-03,-6.52e-01,
2.38800e-03,-6.56e-01,
2.39000e-03,-6.52e-01,
2.39200e-03,-6.52e-01,
2.39400e-03,-6.52e-01,
2.39600e-03,-6.36e-01,
2.39800e-03,-6.24e-01,
2.40000e-03,-6.04e-01,
2.40200e-03,-6.12e-01,
2.40400e-03,-6.20e-01,
2.40600e-03,-6.28e-01,
2.40800e-03,-6.28e-01,
2.41000e-03,-6.24e-01,
2.41200e-03,-6.24e-01,
2.41400e-03,-6.24e-01,
2.41600e-03,-6.60e-01,
2.41800e-03,-7.40e-01,
2.42000e-03,-7.44e-01,
2.42200e-03,-7.64e-01,
2.42400e-03,-7.44e-01,
2.42600e-03,-6.80e-01,
2.42800e-03,-6.84e-01,
2.43000e-03,-6.68e-01,
2.43200e-03,-6.44e-01,
2.43400e-03,-6.36e-01,
2.43600e-03,-6.32e-01,
2.43800e-03,-6.32e-01,
2.44000e-03,-6.32e-01,
2.44200e-03,-6.28e-01,
2.44400e-03,-6.32e-01,
2.44600e-03,-6.00e-01,
2.44800e-03,-6.16e-01,
2.45000e-03,-6.20e-01,
2.45200e-03,-6.24e-01,
2.45400e-03,-6.28e-01,
2.45600e-03,-6.68e-01,
2.45800e-03,-6.76e-01,
2.46000e-03,-6.96e-01,
2.46200e-03,-7.28e-01,
2.46400e-03,-7.16e-01,
2.46600e-03,-7.16e-01,
2.46800e-03,-6.92e-01,
2.47000e-03,-6.72e-01,
2.47200e-03,-6.28e-01,
2.47400e-03,-6.32e-01,
2.47600e-03,-6.20e-01,
2.47800e-03,-6.24e-01,
2.48000e-03,-6.20e-01,
2.48200e-03,-6.04e-01,
2.48400e-03,-6.16e-01,
2.48600e-03,-6.20e-01,
2.48800e-03,-6.24e-01,
2.49000e-03,-6.32e-01,
2.49200e-03,-5.96e-01,
2.49400e-03,-6.08e-01,
2.49600e-03,-6.20e-01,
2.49800e-03,-6.52e-01,
2.50000e-03,-7.36e-01,
2.50200e-03,-7.12e-01,
2.50400e-03,-7.04e-01,
2.50600e-03,-6.92e-01,
2.50800e-03,-6.56e-01,
2.51000e-03,-6.12e-01,
2.51200e-03,-6.24e-01,
2.51400e-03,-6.32e-01,
2.51600e-03,-6.24e-01,
2.51800e-03,-6.20e-01,
2.52000e-03,-6.32e-01,
2.52200e-03,-6.32e-01,
2.52400e-03,-6.20e-01,
2.52600e-03,-6.08e-01,
2.52800e-03,-6.04e-01,
2.53000e-03,-6.04e-01,
2.53200e-03,-6.04e-01,
2.53400e-03,-6.04e-01,
2.53600e-03,-6.04e-01,
2.53800e-03,-6.60e-01,
2.54000e-03,-6.52e-01,
2.54200e-03,-6.84e-01,
2.54400e-03,-7.16e-01,
2.54600e-03,-6.80e-01,
2.54800e-03,-6.72e-01,
2.55000e-03,-6.60e-01,
2.55200e-03,-6.44e-01,
2.55400e-03,-6.32e-01,
2.55600e-03,-6.28e-01,
2.55800e-03,-6.24e-01,
2.56000e-03,-6.12e-01,
2.56200e-03,-6.16e-01,
2.56400e-03,-6.20e-01,
2.56600e-03,-6.24e-01,
2.56800e-03,-6.20e-01,
2.57000e-03,-6.12e-01,
2.57200e-03,-6.20e-01,
2.57400e-03,-6.28e-01,
2.57600e-03,-6.20e-01,
2.57800e-03,-6.08e-01,
2.58000e-03,-6.28e-01,
2.58200e-03,-6.92e-01,
2.58400e-03,-6.88e-01,
2.58600e-03,-7.00e-01,
2.58800e-03,-6.84e-01,
2.59000e-03,-6.64e-01,
2.59200e-03,-6.40e-01,
2.59400e-03,-6.44e-01,
2.59600e-03,-6.52e-01,
2.59800e-03,-6.40e-01,
2.60000e-03,-6.32e-01,
2.60200e-03,-6.04e-01,
2.60400e-03,-6.12e-01,
2.60600e-03,-6.00e-01,
2.60800e-03,-6.04e-01,
2.61000e-03,-6.12e-01,
2.61200e-03,-6.12e-01,
2.61400e-03,-6.12e-01,
2.61600e-03,-6.08e-01,
2.61800e-03,-6.04e-01,
2.62000e-03,-6.56e-01,
2.62200e-03,-6.52e-01,
2.62400e-03,-6.88e-01,
2.62600e-03,-6.84e-01,
2.62800e-03,-6.60e-01,
2.63000e-03,-6.60e-01,
2.63200e-03,-6.52e-01,
2.63400e-03,-6.44e-01,
2.63600e-03,-6.32e-01,
2.63800e-03,-6.00e-01,
2.64000e-03,-6.12e-01,
2.64200e-03,-6.16e-01,
2.64400e-03,-6.12e-01,
2.64600e-03,-6.00e-01,
2.64800e-03,-6.04e-01,
2.65000e-03,-6.04e-01,
2.65200e-03,-6.04e-01,
2.65400e-03,-6.04e-01,
2.65600e-03,-6.20e-01,
2.65800e-03,-6.12e-01,
2.66000e-03,-6.16e-01,
2.66200e-03,-6.52e-01,
2.66400e-03,-7.04e-01,
2.66600e-03,-6.92e-01,
2.66800e-03,-6.96e-01,
2.67000e-03,-6.84e-01,
2.67200e-03,-6.52e-01,
2.67400e-03,-6.24e-01,
2.67600e-03,-6.12e-01,
2.67800e-03,-6.12e-01,
2.68000e-03,-6.16e-01,
2.68200e-03,-6.28e-01,
2.68400e-03,-6.28e-01,
2.68600e-03,-6.24e-01,
2.68800e-03,-6.16e-01,
2.69000e-03,-6.20e-01,
2.69200e-03,-6.36e-01,
2.69400e-03,-6.20e-01,
2.69600e-03,-6.20e-01,
2.69800e-03,-6.24e-01,
2.70000e-03,-6.32e-01,
2.70200e-03,-6.72e-01,
2.70400e-03,-6.68e-01,
2.70600e-03,-6.84e-01,
2.70800e-03,-6.76e-01,
2.71000e-03,-6.52e-01,
2.71200e-03,-6.52e-01,
2.71400e-03,-6.40e-01,
2.71600e-03,-6.36e-01,
2.71800e-03,-6.36e-01,
2.72000e-03,-6.12e-01,
2.72200e-03,-6.20e-01,
2.72400e-03,-6.12e-01,
2.72600e-03,-6.24e-01,
2.72800e-03,-6.20e-01,
2.73000e-03,-6.08e-01,
2.73200e-03,-6.16e-01,
2.73400e-03,-6.20e-01,
2.73600e-03,-6.20e-01,
2.73800e-03,-6.48e-01,
2.74000e-03,-6.36e-01,
2.74200e-03,-6.28e-01,
2.74400e-03,-6.56e-01,
2.74600e-03,-6.88e-01,
2.74800e-03,-6.84e-01,
2.75000e-03,-6.84e-01,
2.75200e-03,-6.60e-01,
2.75400e-03,-6.48e-01,
2.75600e-03,-6.24e-01,
2.75800e-03,-6.08e-01,
2.76000e-03,-6.08e-01,
2.76200e-03,-6.12e-01,
2.76400e-03,-6.20e-01,
2.76600e-03,-6.44e-01,
2.76800e-03,-6.40e-01,
2.77000e-03,-6.52e-01,
2.77200e-03,-6.40e-01,
2.77400e-03,-6.04e-01,
2.77600e-03,-6.16e-01,
2.77800e-03,-6.04e-01,
2.78000e-03,-6.28e-01,
2.78200e-03,-6.44e-01,
2.78400e-03,-6.28e-01,
2.78600e-03,-6.32e-01,
2.78800e-03,-6.24e-01,
2.79000e-03,-6.20e-01,
2.79200e-03,-6.12e-01,
2.79400e-03,-6.28e-01,
2.79600e-03,-6.20e-01,
2.79800e-03,-6.28e-01,
2.80000e-03,-6.32e-01,
2.80200e-03,-6.16e-01,
2.80400e-03,-6.12e-01,
2.80600e-03,-6.00e-01,
2.80800e-03,-6.12e-01,
2.81000e-03,-6.20e-01,
2.81200e-03,-6.28e-01,
2.81400e-03,-6.32e-01,
2.81600e-03,-6.40e-01,
2.81800e-03,-6.48e-01,
2.82000e-03,-6.40e-01,
2.82200e-03,-6.44e-01,
2.82400e-03,-6.40e-01,
2.82600e-03,-6.48e-01,
2.82800e-03,-6.52e-01,
2.83000e-03,-6.24e-01,
2.83200e-03,-6.28e-01,
2.83400e-03,-6.24e-01,
2.83600e-03,-6.20e-01,
2.83800e-03,-6.24e-01,
2.84000e-03,-6.44e-01,
2.84200e-03,-6.44e-01,
2.84400e-03,-6.52e-01,
2.84600e-03,-6.60e-01,
2.84800e-03,-6.28e-01,
2.85000e-03,-6.44e-01,
2.85200e-03,-6.52e-01,
2.85400e-03,-6.60e-01,
2.85600e-03,-6.36e-01,
2.85800e-03,-6.36e-01,
2.86000e-03,-6.36e-01,
2.86200e-03,-6.44e-01,
2.86400e-03,-6.48e-01,
2.86600e-03,-6.44e-01,
2.86800e-03,-6.36e-01,
2.87000e-03,-6.32e-01,
2.87200e-03,-6.44e-01,
2.87400e-03,-6.60e-01,
2.87600e-03,-6.36e-01,
2.87800e-03,-6.40e-01,
2.88000e-03,-6.44e-01,
2.88200e-03,-6.52e-01,
2.88400e-03,-6.44e-01,
2.88600e-03,-6.52e-01,
2.88800e-03,-6.60e-01,
2.89000e-03,-6.64e-01,
2.89200e-03,-6.56e-01,
2.89400e-03,-6.48e-01,
2.89600e-03,-6.48e-01,
2.89800e-03,-6.60e-01,
2.90000e-03,-6.48e-01,
2.90200e-03,-6.36e-01,
2.90400e-03,-6.40e-01,
2.90600e-03,-6.40e-01,
2.90800e-03,-6.40e-01,
2.91000e-03,-6.36e-01,
2.91200e-03,-6.28e-01,
2.91400e-03,-6.32e-01,
2.91600e-03,-6.24e-01,
2.91800e-03,-6.40e-01,
2.92000e-03,-6.52e-01,
2.92200e-03,-6.48e-01,
2.92400e-03,-6.48e-01,
2.92600e-03,-6.48e-01,
2.92800e-03,-6.48e-01,
2.93000e-03,-6.60e-01,
2.93200e-03,-6.48e-01,
2.93400e-03,-6.48e-01,
2.93600e-03,-6.48e-01,
2.93800e-03,-6.52e-01,
2.94000e-03,-6.64e-01,
2.94200e-03,-6.64e-01,
2.94400e-03,-6.48e-01,
2.94600e-03,-6.52e-01,
2.94800e-03,-6.64e-01,
2.95000e-03,-6.68e-01,
2.95200e-03,-6.80e-01,
2.95400e-03,-7.00e-01,
2.95600e-03,-7.16e-01,
2.95800e-03,-7.08e-01,
2.96000e-03,-6.92e-01,
2.96200e-03,-6.76e-01,
2.96400e-03,-6.76e-01,
2.96600e-03,-6.52e-01,
2.96800e-03,-6.64e-01,
2.97000e-03,-6.60e-01,
2.97200e-03,-6.60e-01,
2.97400e-03,-6.56e-01,
2.97600e-03,-6.60e-01,
2.97800e-03,-6.52e-01,
2.98000e-03,-6.48e-01,
2.98200e-03,-6.44e-01,
2.98400e-03,-6.36e-01,
2.98600e-03,-6.48e-01,
2.98800e-03,-6.48e-01,
2.99000e-03,-6.76e-01,
2.99200e-03,-7.20e-01,
2.99400e-03,-7.12e-01,
2.99600e-03,-7.12e-01,
2.99800e-03,-6.92e-01,
3.00000e-03,-6.76e-01,
3.00200e-03,-6.56e-01,
3.00400e-03,-6.52e-01,
3.00600e-03,-6.44e-01,
3.00800e-03,-6.52e-01,
3.01000e-03,-6.44e-01,
3.01200e-03,-6.32e-01,
3.01400e-03,-6.36e-01,
3.01600e-03,-6.40e-01,
3.01800e-03,-6.32e-01,
3.02000e-03,-6.32e-01,
3.02200e-03,-6.36e-01,
3.02400e-03,-6.32e-01,
3.02600e-03,-6.20e-01,
3.02800e-03,-6.28e-01,
3.03000e-03,-6.44e-01,
3.03200e-03,-6.84e-01,
3.03400e-03,-6.96e-01,
3.03600e-03,-7.16e-01,
3.03800e-03,-7.24e-01,
3.04000e-03,-7.04e-01,
3.04200e-03,-6.88e-01,
3.04400e-03,-6.80e-01,
3.04600e-03,-6.80e-01,
3.04800e-03,-6.52e-01,
3.05000e-03,-6.40e-01,
3.05200e-03,-6.32e-01,
3.05400e-03,-6.40e-01,
3.05600e-03,-6.40e-01,
3.05800e-03,-6.36e-01,
3.06000e-03,-6.32e-01,
3.06200e-03,-6.28e-01,
3.06400e-03,-6.20e-01,
3.06600e-03,-6.20e-01,
3.06800e-03,-6.40e-01,
3.07000e-03,-6.44e-01,
3.07200e-03,-6.64e-01,
3.07400e-03,-7.12e-01,
3.07600e-03,-7.32e-01,
3.07800e-03,-7.24e-01,
3.08000e-03,-7.12e-01,
3.08200e-03,-6.96e-01,
3.08400e-03,-6.64e-01,
3.08600e-03,-6.20e-01,
3.08800e-03,-6.32e-01,
3.09000e-03,-6.52e-01,
3.09200e-03,-6.44e-01,
3.09400e-03,-6.32e-01,
3.09600e-03,-6.32e-01,
3.09800e-03,-6.32e-01,
3.10000e-03,-6.40e-01,
3.10200e-03,-6.20e-01,
3.10400e-03,-6.24e-01,
3.10600e-03,-6.16e-01,
3.10800e-03,-6.28e-01,
3.11000e-03,-6.32e-01,
3.11200e-03,-6.80e-01,
3.11400e-03,-7.00e-01,
3.11600e-03,-7.24e-01,
3.11800e-03,-7.20e-01,
3.12000e-03,-7.04e-01,
3.12200e-03,-6.68e-01,
3.12400e-03,-6.64e-01,
3.12600e-03,-6.52e-01,
3.12800e-03,-6.40e-01,
3.13000e-03,-6.32e-01,
3.13200e-03,-6.32e-01,
3.13400e-03,-6.28e-01,
3.13600e-03,-6.20e-01,
3.13800e-03,-6.16e-01,
3.14000e-03,-6.28e-01,
3.14200e-03,-6.28e-01,
3.14400e-03,-6.40e-01,
3.14600e-03,-6.24e-01,
3.14800e-03,-6.20e-01,
3.15000e-03,-6.56e-01,
3.15200e-03,-6.48e-01,
3.15400e-03,-6.80e-01,
3.15600e-03,-6.92e-01,
3.15800e-03,-6.84e-01,
3.16000e-03,-6.84e-01,
3.16200e-03,-6.80e-01,
3.16400e-03,-6.48e-01,
3.16600e-03,-6.32e-01,
3.16800e-03,-6.20e-01,
3.17000e-03,-6.24e-01,
3.17200e-03,-6.24e-01,
3.17400e-03,-6.16e-01,
3.17600e-03,-6.20e-01,
3.17800e-03,-6.20e-01,
3.18000e-03,-6.20e-01,
3.18200e-03,-6.12e-01,
3.18400e-03,-6.20e-01,
3.18600e-03,-6.28e-01,
3.18800e-03,-6.32e-01,
3.19000e-03,-6.32e-01,
3.19200e-03,-6.40e-01,
3.19400e-03,-6.92e-01,
3.19600e-03,-6.88e-01,
3.19800e-03,-7.12e-01,
3.20000e-03,-6.92e-01,
3.20200e-03,-6.80e-01,
3.20400e-03,-6.40e-01,
3.20600e-03,-6.36e-01,
3.20800e-03,-6.20e-01,
3.21000e-03,-6.28e-01,
3.21200e-03,-6.32e-01,
3.21400e-03,-6.20e-01,
3.21600e-03,-6.24e-01,
3.21800e-03,-6.24e-01,
3.22000e-03,-6.20e-01,
3.22200e-03,-6.24e-01,
3.22400e-03,-6.24e-01,
3.22600e-03,-6.24e-01,
3.22800e-03,-6.20e-01,
3.23000e-03,-6.12e-01,
3.23200e-03,-6.28e-01,
3.23400e-03,-6.36e-01,
3.23600e-03,-6.84e-01,
3.23800e-03,-7.04e-01,
3.24000e-03,-6.96e-01,
3.24200e-03,-6.68e-01,
3.24400e-03,-6.68e-01,
3.24600e-03,-6.60e-01,
3.24800e-03,-6.44e-01,
3.25000e-03,-6.32e-01,
3.25200e-03,-6.32e-01,
3.25400e-03,-6.20e-01,
3.25600e-03,-6.24e-01,
3.25800e-03,-6.32e-01,
3.26000e-03,-6.24e-01,
3.26200e-03,-6.24e-01,
3.26400e-03,-6.28e-01,
3.26600e-03,-6.28e-01,
3.26800e-03,-6.20e-01,
3.27000e-03,-6.28e-01,
3.27200e-03,-6.28e-01,
3.27400e-03,-6.52e-01,
3.27600e-03,-7.00e-01,
3.27800e-03,-6.84e-01,
3.28000e-03,-6.88e-01,
3.28200e-03,-6.68e-01,
3.28400e-03,-6.52e-01,
3.28600e-03,-6.36e-01,
3.28800e-03,-6.36e-01,
3.29000e-03,-6.36e-01,
3.29200e-03,-6.16e-01,
3.29400e-03,-6.16e-01,
3.29600e-03,-6.16e-01,
3.29800e-03,-6.16e-01,
3.30000e-03,-6.08e-01,
3.30200e-03,-6.28e-01,
3.30400e-03,-6.48e-01,
3.30600e-03,-6.36e-01,
3.30800e-03,-6.32e-01,
3.31000e-03,-6.24e-01,
3.31200e-03,-6.28e-01,
3.31400e-03,-6.80e-01,
3.31600e-03,-6.80e-01,
3.31800e-03,-6.96e-01,
3.32000e-03,-6.92e-01,
3.32200e-03,-6.64e-01,
3.32400e-03,-6.56e-01,
3.32600e-03,-6.44e-01,
3.32800e-03,-6.28e-01,
3.33000e-03,-6.24e-01,
3.33200e-03,-6.48e-01,
3.33400e-03,-6.36e-01,
3.33600e-03,-6.36e-01,
3.33800e-03,-6.40e-01,
3.34000e-03,-6.36e-01,
3.34200e-03,-6.40e-01,
3.34400e-03,-6.36e-01,
3.34600e-03,-6.32e-01,
3.34800e-03,-6.28e-01,
3.35000e-03,-6.28e-01,
3.35200e-03,-6.32e-01,
3.35400e-03,-6.36e-01,
3.35600e-03,-6.68e-01,
3.35800e-03,-7.00e-01,
3.36000e-03,-6.76e-01,
3.36200e-03,-6.80e-01,
3.36400e-03,-6.60e-01,
3.36600e-03,-6.56e-01,
3.36800e-03,-6.40e-01,
3.37000e-03,-6.20e-01,
3.37200e-03,-6.20e-01,
3.37400e-03,-6.28e-01,
3.37600e-03,-6.28e-01,
3.37800e-03,-6.40e-01,
3.38000e-03,-6.36e-01,
3.38200e-03,-6.36e-01,
3.38400e-03,-6.44e-01,
3.38600e-03,-6.32e-01,
3.38800e-03,-6.48e-01,
3.39000e-03,-6.44e-01,
3.39200e-03,-6.36e-01,
3.39400e-03,-6.40e-01,
3.39600e-03,-6.48e-01,
3.39800e-03,-6.36e-01,
3.40000e-03,-6.36e-01,
3.40200e-03,-6.40e-01,
3.40400e-03,-6.40e-01,
3.40600e-03,-6.28e-01,
3.40800e-03,-6.32e-01,
3.41000e-03,-6.36e-01,
3.41200e-03,-6.32e-01,
3.41400e-03,-6.40e-01,
3.41600e-03,-6.44e-01,
3.41800e-03,-6.48e-01,
3.42000e-03,-6.36e-01,
3.42200e-03,-6.20e-01,
3.42400e-03,-6.32e-01,
3.42600e-03,-6.28e-01,
3.42800e-03,-6.32e-01,
3.43000e-03,-6.36e-01,
3.43200e-03,-6.28e-01,
3.43400e-03,-6.44e-01,
3.43600e-03,-6.40e-01,
3.43800e-03,-6.36e-01,
3.44000e-03,-6.56e-01,
3.44200e-03,-6.44e-01,
3.44400e-03,-6.48e-01,
3.44600e-03,-6.40e-01,
3.44800e-03,-6.40e-01,
3.45000e-03,-6.48e-01,
3.45200e-03,-6.40e-01,
3.45400e-03,-6.40e-01,
3.45600e-03,-6.52e-01,
3.45800e-03,-6.36e-01,
3.46000e-03,-6.52e-01,
3.46200e-03,-6.48e-01,
3.46400e-03,-6.52e-01,
3.46600e-03,-6.52e-01,
3.46800e-03,-6.52e-01,
3.47000e-03,-6.48e-01,
3.47200e-03,-6.48e-01,
3.47400e-03,-6.48e-01,
3.47600e-03,-6.36e-01,
3.47800e-03,-6.40e-01,
3.48000e-03,-6.40e-01,
3.48200e-03,-6.44e-01,
3.48400e-03,-6.40e-01,
3.48600e-03,-6.36e-01,
3.48800e-03,-6.52e-01,
3.49000e-03,-6.52e-01,
3.49200e-03,-6.60e-01,
3.49400e-03,-6.48e-01,
3.49600e-03,-6.28e-01,
3.49800e-03,-6.12e-01,
3.50000e-03,-6.16e-01,
3.50200e-03,-6.32e-01,
3.50400e-03,-6.36e-01,
3.50600e-03,-6.36e-01,
3.50800e-03,-6.36e-01,
3.51000e-03,-6.32e-01,
3.51200e-03,-6.24e-01,
3.51400e-03,-6.32e-01,
3.51600e-03,-6.32e-01,
3.51800e-03,-6.32e-01,
3.52000e-03,-6.28e-01,
3.52200e-03,-6.32e-01,
3.52400e-03,-6.48e-01,
3.52600e-03,-6.52e-01,
3.52800e-03,-6.60e-01,
3.53000e-03,-6.60e-01,
3.53200e-03,-6.32e-01,
3.53400e-03,-6.52e-01,
3.53600e-03,-6.44e-01,
3.53800e-03,-6.48e-01,
3.54000e-03,-6.40e-01,
3.54200e-03,-6.32e-01,
3.54400e-03,-6.52e-01,
3.54600e-03,-6.60e-01,
3.54800e-03,-6.76e-01,
3.55000e-03,-7.00e-01,
3.55200e-03,-6.96e-01,
3.55400e-03,-7.16e-01,
3.55600e-03,-7.04e-01,
3.55800e-03,-6.84e-01,
3.56000e-03,-6.76e-01,
3.56200e-03,-6.76e-01,
3.56400e-03,-6.68e-01,
3.56600e-03,-6.60e-01,
3.56800e-03,-6.60e-01,
3.57000e-03,-6.68e-01,
3.57200e-03,-6.64e-01,
3.57400e-03,-6.52e-01,
3.57600e-03,-6.48e-01,
3.57800e-03,-6.44e-01,
3.58000e-03,-6.56e-01,
3.58200e-03,-6.52e-01,
3.58400e-03,-6.48e-01,
3.58600e-03,-6.44e-01,
3.58800e-03,-6.68e-01,
3.59000e-03,-6.80e-01,
3.59200e-03,-6.96e-01,
3.59400e-03,-6.96e-01,
3.59600e-03,-7.00e-01,
3.59800e-03,-6.88e-01,
3.60000e-03,-6.84e-01,
3.60200e-03,-6.64e-01,
3.60400e-03,-6.52e-01,
3.60600e-03,-6.44e-01,
3.60800e-03,-6.32e-01,
3.61000e-03,-6.28e-01,
3.61200e-03,-6.28e-01,
3.61400e-03,-6.24e-01,
3.61600e-03,-6.20e-01,
3.61800e-03,-6.12e-01,
3.62000e-03,-6.16e-01,
3.62200e-03,-6.20e-01,
3.62400e-03,-6.12e-01,
3.62600e-03,-6.12e-01,
3.62800e-03,-6.16e-01,
3.63000e-03,-6.44e-01,
3.63200e-03,-6.84e-01,
3.63400e-03,-7.24e-01,
3.63600e-03,-7.28e-01,
3.63800e-03,-7.16e-01,
3.64000e-03,-7.00e-01,
3.64200e-03,-6.68e-01,
3.64400e-03,-6.56e-01,
3.64600e-03,-6.48e-01,
3.64800e-03,-6.48e-01,
3.65000e-03,-6.44e-01,
3.65200e-03,-6.36e-01,
3.65400e-03,-6.32e-01,
3.65600e-03,-6.28e-01,
3.65800e-03,-6.16e-01,
3.66000e-03,-6.12e-01,
3.66200e-03,-6.60e-01,
3.66400e-03,-6.40e-01,
3.66600e-03,-6.24e-01,
3.66800e-03,-6.20e-01,
3.67000e-03,-6.64e-01,
3.67200e-03,-6.84e-01,
3.67400e-03,-7.12e-01,
3.67600e-03,-7.16e-01,
3.67800e-03,-7.28e-01,
3.68000e-03,-6.84e-01,
3.68200e-03,-6.76e-01,
3.68400e-03,-6.60e-01,
3.68600e-03,-6.48e-01,
3.68800e-03,-6.36e-01,
3.69000e-03,-6.20e-01,
3.69200e-03,-6.16e-01,
3.69400e-03,-6.12e-01,
3.69600e-03,-6.24e-01,
3.69800e-03,-6.12e-01,
3.70000e-03,-6.28e-01,
3.70200e-03,-6.20e-01,
3.70400e-03,-6.16e-01,
3.70600e-03,-6.04e-01,
3.70800e-03,-6.28e-01,
3.71000e-03,-6.24e-01,
3.71200e-03,-6.64e-01,
3.71400e-03,-7.08e-01,
3.71600e-03,-7.08e-01,
3.71800e-03,-7.12e-01,
3.72000e-03,-6.92e-01,
3.72200e-03,-6.72e-01,
3.72400e-03,-6.36e-01,
3.72600e-03,-6.32e-01,
3.72800e-03,-6.20e-01,
3.73000e-03,-6.16e-01,
3.73200e-03,-6.12e-01,
3.73400e-03,-6.12e-01,
3.73600e-03,-6.28e-01,
3.73800e-03,-6.28e-01,
3.74000e-03,-6.28e-01,
3.74200e-03,-6.20e-01,
3.74400e-03,-6.04e-01,
3.74600e-03,-6.00e-01,
3.74800e-03,-5.84e-01,
3.75000e-03,-6.16e-01,
3.75200e-03,-6.92e-01,
3.75400e-03,-6.84e-01,
3.75600e-03,-7.00e-01,
3.75800e-03,-6.84e-01,
3.76000e-03,-6.60e-01,
3.76200e-03,-6.44e-01,
3.76400e-03,-6.32e-01,
3.76600e-03,-6.24e-01,
3.76800e-03,-6.16e-01,
3.77000e-03,-6.12e-01,
3.77200e-03,-6.04e-01,
3.77400e-03,-6.04e-01,
3.77600e-03,-6.24e-01,
3.77800e-03,-6.20e-01,
3.78000e-03,-6.16e-01,
3.78200e-03,-6.20e-01,
3.78400e-03,-6.20e-01,
3.78600e-03,-6.08e-01,
3.78800e-03,-6.16e-01,
3.79000e-03,-6.60e-01,
3.79200e-03,-6.56e-01,
3.79400e-03,-6.76e-01,
3.79600e-03,-6.96e-01,
3.79800e-03,-7.04e-01,
3.80000e-03,-7.00e-01,
3.80200e-03,-6.72e-01,
3.80400e-03,-6.68e-01,
3.80600e-03,-6.40e-01,
3.80800e-03,-6.32e-01,
3.81000e-03,-6.32e-01,
3.81200e-03,-6.36e-01,
3.81400e-03,-6.36e-01,
3.81600e-03,-6.24e-01,
3.81800e-03,-6.24e-01,
3.82000e-03,-6.20e-01,
3.82200e-03,-6.16e-01,
3.82400e-03,-6.20e-01,
3.82600e-03,-6.20e-01,
3.82800e-03,-6.32e-01,
3.83000e-03,-6.40e-01,
3.83200e-03,-6.52e-01,
3.83400e-03,-6.96e-01,
3.83600e-03,-6.92e-01,
3.83800e-03,-6.96e-01,
3.84000e-03,-6.80e-01,
3.84200e-03,-6.68e-01,
3.84400e-03,-6.68e-01,
3.84600e-03,-6.56e-01,
3.84800e-03,-6.52e-01,
3.85000e-03,-6.40e-01,
3.85200e-03,-6.32e-01,
3.85400e-03,-6.44e-01,
3.85600e-03,-6.44e-01,
3.85800e-03,-6.24e-01,
3.86000e-03,-6.20e-01,
3.86200e-03,-6.20e-01,
3.86400e-03,-6.32e-01,
3.86600e-03,-6.32e-01,
3.86800e-03,-6.28e-01,
3.87000e-03,-6.28e-01,
3.87200e-03,-6.64e-01,
3.87400e-03,-6.60e-01,
3.87600e-03,-6.68e-01,
3.87800e-03,-6.76e-01,
3.88000e-03,-6.60e-01,
3.88200e-03,-6.64e-01,
3.88400e-03,-6.56e-01,
3.88600e-03,-6.52e-01,
3.88800e-03,-6.48e-01,
3.89000e-03,-6.48e-01,
3.89200e-03,-6.48e-01,
3.89400e-03,-6.44e-01,
3.89600e-03,-6.44e-01,
3.89800e-03,-6.52e-01,
3.90000e-03,-6.48e-01,
3.90200e-03,-6.48e-01,
3.90400e-03,-6.36e-01,
3.90600e-03,-6.32e-01,
3.90800e-03,-6.40e-01,
3.91000e-03,-6.36e-01,
3.91200e-03,-6.28e-01,
3.91400e-03,-6.52e-01,
3.91600e-03,-6.88e-01,
3.91800e-03,-6.72e-01,
3.92000e-03,-6.76e-01,
3.92200e-03,-6.76e-01,
3.92400e-03,-6.68e-01,
3.92600e-03,-6.44e-01,
3.92800e-03,-6.32e-01,
3.93000e-03,-6.28e-01,
3.93200e-03,-6.32e-01,
3.93400e-03,-6.20e-01,
3.93600e-03,-6.04e-01,
3.93800e-03,-6.20e-01,
3.94000e-03,-6.24e-01,
3.94200e-03,-6.20e-01,
3.94400e-03,-6.28e-01,
3.94600e-03,-6.36e-01,
3.94800e-03,-6.36e-01,
3.95000e-03,-6.52e-01,
3.95200e-03,-6.68e-01,
3.95400e-03,-6.96e-01,
3.95600e-03,-6.96e-01,
3.95800e-03,-7.00e-01,
3.96000e-03,-6.92e-01,
3.96200e-03,-6.84e-01,
3.96400e-03,-6.72e-01,
3.96600e-03,-6.68e-01,
3.96800e-03,-6.52e-01,
3.97000e-03,-6.32e-01,
3.97200e-03,-6.28e-01,
3.97400e-03,-6.36e-01,
3.97600e-03,-6.44e-01,
3.97800e-03,-6.32e-01,
3.98000e-03,-6.32e-01,
3.98200e-03,-6.36e-01,
3.98400e-03,-6.36e-01,
3.98600e-03,-6.40e-01,
3.98800e-03,-6.40e-01,
3.99000e-03,-6.12e-01,
3.99200e-03,-6.20e-01,
3.99400e-03,-6.20e-01,
3.99600e-03,-6.20e-01,
3.99800e-03,-6.16e-01,
4.00000e-03,-6.16e-01,
4.00200e-03,-6.04e-01,
4.00400e-03,-6.00e-01,
4.00600e-03,-6.04e-01,
4.00800e-03,-6.20e-01,
4.01000e-03,-6.28e-01,
4.01200e-03,-6.24e-01,
4.01400e-03,-6.20e-01,
4.01600e-03,-6.16e-01,
4.01800e-03,-6.28e-01,
4.02000e-03,-6.28e-01,
4.02200e-03,-6.44e-01,
4.02400e-03,-6.32e-01,
4.02600e-03,-6.28e-01,
4.02800e-03,-6.40e-01,
4.03000e-03,-6.40e-01,
4.03200e-03,-6.48e-01,
4.03400e-03,-6.48e-01,
4.03600e-03,-6.40e-01,
4.03800e-03,-6.36e-01,
4.04000e-03,-6.32e-01,
4.04200e-03,-6.40e-01,
4.04400e-03,-6.24e-01,
4.04600e-03,-6.16e-01,
4.04800e-03,-6.24e-01,
4.05000e-03,-6.32e-01,
4.05200e-03,-6.20e-01,
4.05400e-03,-6.28e-01,
4.05600e-03,-6.32e-01,
4.05800e-03,-6.36e-01,
4.06000e-03,-6.20e-01,
4.06200e-03,-6.28e-01,
4.06400e-03,-6.28e-01,
4.06600e-03,-6.32e-01,
4.06800e-03,-6.36e-01,
4.07000e-03,-6.28e-01,
4.07200e-03,-6.28e-01,
4.07400e-03,-6.28e-01,
4.07600e-03,-6.28e-01,
4.07800e-03,-6.36e-01,
4.08000e-03,-6.44e-01,
4.08200e-03,-6.40e-01,
4.08400e-03,-6.40e-01,
4.08600e-03,-6.36e-01,
4.08800e-03,-6.24e-01,
4.09000e-03,-6.40e-01,
4.09200e-03,-6.88e-01,
4.09400e-03,-7.00e-01,
4.09600e-03,-6.92e-01,
4.09800e-03,-6.96e-01,
4.10000e-03,-6.44e-01,
4.10200e-03,-6.52e-01,
4.10400e-03,-6.40e-01,
4.10600e-03,-6.36e-01,
4.10800e-03,-6.28e-01,
4.11000e-03,-6.28e-01,
4.11200e-03,-6.28e-01,
4.11400e-03,-6.44e-01,
4.11600e-03,-6.36e-01,
4.11800e-03,-6.44e-01,
4.12000e-03,-6.32e-01,
4.12200e-03,-6.32e-01,
4.12400e-03,-6.28e-01,
4.12600e-03,-6.28e-01,
4.12800e-03,-6.12e-01,
4.13000e-03,-6.32e-01,
4.13200e-03,-6.40e-01,
4.13400e-03,-6.28e-01,
4.13600e-03,-6.36e-01,
4.13800e-03,-6.76e-01,
4.14000e-03,-6.88e-01,
4.14200e-03,-6.96e-01,
4.14400e-03,-7.16e-01,
4.14600e-03,-6.88e-01,
4.14800e-03,-6.76e-01,
4.15000e-03,-6.68e-01,
4.15200e-03,-6.76e-01,
4.15400e-03,-6.56e-01,
4.15600e-03,-6.52e-01,
4.15800e-03,-6.52e-01,
4.16000e-03,-6.52e-01,
4.16200e-03,-6.44e-01,
4.16400e-03,-6.48e-01,
4.16600e-03,-6.44e-01,
4.16800e-03,-6.48e-01,
4.17000e-03,-6.44e-01,
4.17200e-03,-6.48e-01,
4.17400e-03,-6.52e-01,
4.17600e-03,-6.48e-01,
4.17800e-03,-6.40e-01,
4.18000e-03,-6.64e-01,
4.18200e-03,-7.20e-01,
4.18400e-03,-7.12e-01,
4.18600e-03,-7.12e-01,
4.18800e-03,-7.04e-01,
4.19000e-03,-6.80e-01,
4.19200e-03,-6.68e-01,
4.19400e-03,-6.68e-01,
4.19600e-03,-6.56e-01,
4.19800e-03,-6.52e-01,
4.20000e-03,-6.52e-01,
4.20200e-03,-6.36e-01,
4.20400e-03,-6.40e-01,
4.20600e-03,-6.32e-01,
4.20800e-03,-6.28e-01,
4.21000e-03,-6.36e-01,
4.21200e-03,-6.20e-01,
4.21400e-03,-6.12e-01,
4.21600e-03,-6.32e-01,
4.21800e-03,-6.32e-01,
4.22000e-03,-6.52e-01,
4.22200e-03,-6.60e-01,
4.22400e-03,-7.00e-01,
4.22600e-03,-7.28e-01,
4.22800e-03,-6.92e-01,
4.23000e-03,-7.12e-01,
4.23200e-03,-6.96e-01,
4.23400e-03,-6.68e-01,
4.23600e-03,-6.52e-01,
4.23800e-03,-6.36e-01,
4.24000e-03,-6.40e-01,
4.24200e-03,-6.44e-01,
4.24400e-03,-6.40e-01,
4.24600e-03,-6.32e-01,
4.24800e-03,-6.24e-01,
4.25000e-03,-6.20e-01,
4.25200e-03,-6.28e-01,
4.25400e-03,-6.20e-01,
4.25600e-03,-6.12e-01,
4.25800e-03,-6.28e-01,
4.26000e-03,-6.40e-01,
4.26200e-03,-6.64e-01,
4.26400e-03,-6.92e-01,
4.26600e-03,-6.92e-01,
4.26800e-03,-6.88e-01,
4.27000e-03,-6.68e-01,
4.27200e-03,-6.64e-01,
4.27400e-03,-6.68e-01,
4.27600e-03,-6.64e-01,
4.27800e-03,-6.48e-01,
4.28000e-03,-6.52e-01,
4.28200e-03,-6.52e-01,
4.28400e-03,-6.36e-01,
4.28600e-03,-6.36e-01,
4.28800e-03,-6.28e-01,
4.29000e-03,-6.20e-01,
4.29200e-03,-6.04e-01,
4.29400e-03,-6.12e-01,
4.29600e-03,-6.08e-01,
4.29800e-03,-6.32e-01,
4.30000e-03,-6.80e-01,
4.30200e-03,-6.96e-01,
4.30400e-03,-7.16e-01,
4.30600e-03,-7.12e-01,
4.30800e-03,-6.76e-01,
4.31000e-03,-6.40e-01,
4.31200e-03,-6.44e-01,
4.31400e-03,-6.44e-01,
4.31600e-03,-6.36e-01,
4.31800e-03,-6.44e-01,
4.32000e-03,-6.48e-01,
4.32200e-03,-6.40e-01,
4.32400e-03,-6.32e-01,
4.32600e-03,-6.24e-01,
4.32800e-03,-6.12e-01,
4.33000e-03,-6.20e-01,
4.33200e-03,-6.24e-01,
4.33400e-03,-6.52e-01,
4.33600e-03,-6.60e-01,
4.33800e-03,-7.12e-01,
4.34000e-03,-7.12e-01,
4.34200e-03,-7.12e-01,
4.34400e-03,-7.12e-01,
4.34600e-03,-6.56e-01,
4.34800e-03,-6.64e-01,
4.35000e-03,-6.52e-01,
4.35200e-03,-6.48e-01,
4.35400e-03,-6.48e-01,
4.35600e-03,-6.20e-01,
4.35800e-03,-6.32e-01,
4.36000e-03,-6.32e-01,
4.36200e-03,-6.28e-01,
4.36400e-03,-6.32e-01,
4.36600e-03,-6.40e-01,
4.36800e-03,-6.44e-01,
4.37000e-03,-6.36e-01,
4.37200e-03,-6.20e-01,
4.37400e-03,-6.20e-01,
4.37600e-03,-6.32e-01,
4.37800e-03,-6.48e-01,
4.38000e-03,-6.60e-01,
4.38200e-03,-6.76e-01,
4.38400e-03,-6.84e-01,
4.38600e-03,-6.80e-01,
4.38800e-03,-6.68e-01,
4.39000e-03,-6.60e-01,
4.39200e-03,-6.40e-01,
4.39400e-03,-6.20e-01,
4.39600e-03,-6.12e-01,
4.39800e-03,-6.12e-01,
4.40000e-03,-6.20e-01,
4.40200e-03,-6.24e-01,
4.40400e-03,-6.20e-01,
4.40600e-03,-6.16e-01,
4.40800e-03,-6.12e-01,
4.41000e-03,-6.12e-01,
4.41200e-03,-6.56e-01,
4.41400e-03,-6.48e-01,
4.41600e-03,-6.52e-01,
4.41800e-03,-6.68e-01,
4.42000e-03,-7.04e-01,
4.42200e-03,-7.08e-01,
4.42400e-03,-7.08e-01,
4.42600e-03,-6.96e-01,
4.42800e-03,-6.76e-01,
4.43000e-03,-6.72e-01,
4.43200e-03,-6.68e-01,
4.43400e-03,-6.48e-01,
4.43600e-03,-6.36e-01,
4.43800e-03,-6.40e-01,
4.44000e-03,-6.32e-01,
4.44200e-03,-6.28e-01,
4.44400e-03,-6.32e-01,
4.44600e-03,-6.20e-01,
4.44800e-03,-6.16e-01,
4.45000e-03,-6.24e-01,
4.45200e-03,-6.32e-01,
4.45400e-03,-6.32e-01,
4.45600e-03,-6.32e-01,
4.45800e-03,-6.64e-01,
4.46000e-03,-6.68e-01,
4.46200e-03,-6.92e-01,
4.46400e-03,-7.16e-01,
4.46600e-03,-6.88e-01,
4.46800e-03,-6.80e-01,
4.47000e-03,-6.76e-01,
4.47200e-03,-6.64e-01,
4.47400e-03,-6.40e-01,
4.47600e-03,-6.36e-01,
4.47800e-03,-6.36e-01,
4.48000e-03,-6.32e-01,
4.48200e-03,-6.32e-01,
4.48400e-03,-6.16e-01,
4.48600e-03,-6.36e-01,
4.48800e-03,-6.44e-01,
4.49000e-03,-6.36e-01,
4.49200e-03,-6.40e-01,
4.49400e-03,-6.36e-01,
4.49600e-03,-6.36e-01,
4.49800e-03,-6.40e-01,
4.50000e-03,-6.60e-01,
4.50200e-03,-7.00e-01,
4.50400e-03,-6.92e-01,
4.50600e-03,-6.96e-01,
4.50800e-03,-6.76e-01,
4.51000e-03,-6.52e-01,
4.51200e-03,-6.24e-01,
4.51400e-03,-6.24e-01,
4.51600e-03,-6.20e-01,
4.51800e-03,-6.08e-01,
4.52000e-03,-6.20e-01,
4.52200e-03,-6.24e-01,
4.52400e-03,-6.32e-01,
4.52600e-03,-6.20e-01,
4.52800e-03,-6.20e-01,
4.53000e-03,-6.16e-01,
4.53200e-03,-6.20e-01,
4.53400e-03,-6.20e-01,
4.53600e-03,-6.20e-01,
4.53800e-03,-6.36e-01,
4.54000e-03,-6.68e-01,
4.54200e-03,-6.76e-01,
4.54400e-03,-6.84e-01,
4.54600e-03,-6.80e-01,
4.54800e-03,-6.68e-01,
4.55000e-03,-6.48e-01,
4.55200e-03,-6.24e-01,
4.55400e-03,-6.40e-01,
4.55600e-03,-6.36e-01,
4.55800e-03,-6.20e-01,
4.56000e-03,-6.16e-01,
4.56200e-03,-6.16e-01,
4.56400e-03,-6.24e-01,
4.56600e-03,-6.32e-01,
4.56800e-03,-6.28e-01,
4.57000e-03,-6.24e-01,
4.57200e-03,-6.36e-01,
4.57400e-03,-6.36e-01,
4.57600e-03,-6.28e-01,
4.57800e-03,-6.36e-01,
4.58000e-03,-6.48e-01,
4.58200e-03,-6.68e-01,
4.58400e-03,-7.00e-01,
4.58600e-03,-6.92e-01,
4.58800e-03,-6.92e-01,
4.59000e-03,-6.68e-01,
4.59200e-03,-6.64e-01,
4.59400e-03,-6.36e-01,
4.59600e-03,-6.40e-01,
4.59800e-03,-6.32e-01,
4.60000e-03,-6.36e-01,
4.60200e-03,-6.28e-01,
4.60400e-03,-6.48e-01,
4.60600e-03,-6.44e-01,
4.60800e-03,-6.32e-01,
4.61000e-03,-6.28e-01,
4.61200e-03,-6.24e-01,
4.61400e-03,-6.16e-01,
4.61600e-03,-6.20e-01,
4.61800e-03,-6.28e-01,
4.62000e-03,-6.48e-01,
4.62200e-03,-6.44e-01,
4.62400e-03,-6.48e-01,
4.62600e-03,-6.52e-01,
4.62800e-03,-6.36e-01,
4.63000e-03,-6.36e-01,
4.63200e-03,-6.40e-01,
4.63400e-03,-6.44e-01,
4.63600e-03,-6.36e-01,
4.63800e-03,-6.36e-01,
4.64000e-03,-6.44e-01,
4.64200e-03,-6.44e-01,
4.64400e-03,-6.44e-01,
4.64600e-03,-6.36e-01,
4.64800e-03,-6.16e-01,
4.65000e-03,-6.16e-01,
4.65200e-03,-6.12e-01,
4.65400e-03,-6.32e-01,
4.65600e-03,-6.44e-01,
4.65800e-03,-6.44e-01,
4.66000e-03,-6.44e-01,
4.66200e-03,-6.32e-01,
4.66400e-03,-6.24e-01,
4.66600e-03,-6.20e-01,
4.66800e-03,-6.28e-01,
4.67000e-03,-6.24e-01,
4.67200e-03,-6.40e-01,
4.67400e-03,-6.52e-01,
4.67600e-03,-6.36e-01,
4.67800e-03,-6.36e-01,
4.68000e-03,-6.32e-01,
4.68200e-03,-6.24e-01,
4.68400e-03,-6.28e-01,
4.68600e-03,-6.60e-01,
4.68800e-03,-6.52e-01,
4.69000e-03,-6.48e-01,
4.69200e-03,-6.56e-01,
4.69400e-03,-6.76e-01,
4.69600e-03,-6.68e-01,
4.69800e-03,-6.68e-01,
4.70000e-03,-6.68e-01,
4.70200e-03,-6.64e-01,
4.70400e-03,-6.48e-01,
4.70600e-03,-6.52e-01,
4.70800e-03,-6.48e-01,
4.71000e-03,-6.40e-01,
4.71200e-03,-6.52e-01,
4.71400e-03,-6.52e-01,
4.71600e-03,-6.56e-01,
4.71800e-03,-6.40e-01,
4.72000e-03,-6.40e-01,
4.72200e-03,-6.20e-01,
4.72400e-03,-6.36e-01,
4.72600e-03,-6.52e-01,
4.72800e-03,-6.52e-01,
4.73000e-03,-6.64e-01,
4.73200e-03,-6.44e-01,
4.73400e-03,-6.40e-01,
4.73600e-03,-6.52e-01,
4.73800e-03,-6.52e-01,
4.74000e-03,-6.52e-01,
4.74200e-03,-6.52e-01,
4.74400e-03,-6.48e-01,
4.74600e-03,-6.40e-01,
4.74800e-03,-6.36e-01,
4.75000e-03,-6.60e-01,
4.75200e-03,-6.56e-01,
4.75400e-03,-6.44e-01,
4.75600e-03,-6.48e-01,
4.75800e-03,-6.56e-01,
4.76000e-03,-6.60e-01,
4.76200e-03,-6.64e-01,
4.76400e-03,-6.64e-01,
4.76600e-03,-6.84e-01,
4.76800e-03,-7.00e-01,
4.77000e-03,-7.12e-01,
4.77200e-03,-7.00e-01,
4.77400e-03,-6.88e-01,
4.77600e-03,-6.80e-01,
4.77800e-03,-6.68e-01,
4.78000e-03,-6.64e-01,
4.78200e-03,-6.40e-01,
4.78400e-03,-6.32e-01,
4.78600e-03,-6.40e-01,
4.78800e-03,-6.44e-01,
4.79000e-03,-6.48e-01,
4.79200e-03,-6.40e-01,
4.79400e-03,-6.40e-01,
4.79600e-03,-6.40e-01,
4.79800e-03,-6.40e-01,
4.80000e-03,-6.36e-01,
4.80200e-03,-6.28e-01,
4.80400e-03,-6.56e-01,
4.80600e-03,-6.52e-01,
4.80800e-03,-6.76e-01,
4.81000e-03,-6.84e-01,
4.81200e-03,-6.92e-01,
4.81400e-03,-6.92e-01,
4.81600e-03,-6.84e-01,
4.81800e-03,-6.68e-01,
4.82000e-03,-6.68e-01,
4.82200e-03,-6.52e-01,
4.82400e-03,-6.52e-01,
4.82600e-03,-6.60e-01,
4.82800e-03,-6.64e-01,
4.83000e-03,-6.48e-01,
4.83200e-03,-6.12e-01,
4.83400e-03,-6.16e-01,
4.83600e-03,-6.04e-01,
4.83800e-03,-6.08e-01,
4.84000e-03,-6.20e-01,
4.84200e-03,-6.44e-01,
4.84400e-03,-6.44e-01,
4.84600e-03,-6.88e-01,
4.84800e-03,-7.32e-01,
4.85000e-03,-7.20e-01,
4.85200e-03,-7.12e-01,
4.85400e-03,-6.84e-01,
4.85600e-03,-6.60e-01,
4.85800e-03,-6.48e-01,
4.86000e-03,-6.52e-01,
4.86200e-03,-6.48e-01,
4.86400e-03,-6.52e-01,
4.86600e-03,-6.44e-01,
4.86800e-03,-6.20e-01,
4.87000e-03,-6.12e-01,
4.87200e-03,-6.16e-01,
4.87400e-03,-6.16e-01,
4.87600e-03,-6.20e-01,
4.87800e-03,-6.20e-01,
4.88000e-03,-6.20e-01,
4.88200e-03,-6.12e-01,
4.88400e-03,-6.60e-01,
4.88600e-03,-7.24e-01,
4.88800e-03,-7.16e-01,
4.89000e-03,-7.16e-01,
4.89200e-03,-7.08e-01,
4.89400e-03,-6.84e-01,
4.89600e-03,-6.56e-01,
4.89800e-03,-6.64e-01,
4.90000e-03,-6.44e-01,
4.90200e-03,-6.32e-01,
4.90400e-03,-6.24e-01,
4.90600e-03,-6.28e-01,
4.90800e-03,-6.24e-01,
4.91000e-03,-6.20e-01,
4.91200e-03,-6.20e-01,
4.91400e-03,-6.28e-01,
4.91600e-03,-6.28e-01,
4.91800e-03,-6.36e-01,
4.92000e-03,-6.24e-01,
4.92200e-03,-6.36e-01,
4.92400e-03,-6.80e-01,
4.92600e-03,-6.92e-01,
4.92800e-03,-7.16e-01,
4.93000e-03,-7.20e-01,
4.93200e-03,-6.88e-01,
4.93400e-03,-6.76e-01,
4.93600e-03,-6.64e-01,
4.93800e-03,-6.40e-01,
4.94000e-03,-6.20e-01,
4.94200e-03,-6.32e-01,
4.94400e-03,-6.32e-01,
4.94600e-03,-6.36e-01,
4.94800e-03,-6.36e-01,
4.95000e-03,-6.20e-01,
4.95200e-03,-6.08e-01,
4.95400e-03,-6.04e-01,
4.95600e-03,-6.12e-01,
4.95800e-03,-6.04e-01,
4.96000e-03,-6.24e-01,
4.96200e-03,-6.28e-01,
4.96400e-03,-6.76e-01,
4.96600e-03,-7.00e-01,
4.96800e-03,-6.84e-01,
4.97000e-03,-6.72e-01,
4.97200e-03,-6.64e-01,
4.97400e-03,-6.44e-01,
4.97600e-03,-6.20e-01,
4.97800e-03,-6.24e-01,
4.98000e-03,-6.16e-01,
4.98200e-03,-6.16e-01,
4.98400e-03,-6.20e-01,
4.98600e-03,-6.00e-01,
4.98800e-03,-5.96e-01,
4.99000e-03,-5.88e-01,
4.99200e-03,-6.12e-01,
4.99400e-03,-6.20e-01,
4.99600e-03,-6.12e-01,
4.99800e-03,-6.32e-01,
5.00000e-03,-6.32e-01,
5.00200e-03,-6.68e-01,
5.00400e-03,-7.16e-01,
5.00600e-03,-7.08e-01,
5.00800e-03,-7.08e-01,
5.01000e-03,-6.96e-01,
5.01200e-03,-6.64e-01,
5.01400e-03,-6.24e-01,
5.01600e-03,-6.20e-01,
5.01800e-03,-6.16e-01,
5.02000e-03,-6.32e-01,
5.02200e-03,-6.20e-01,
5.02400e-03,-6.12e-01,
5.02600e-03,-6.16e-01,
5.02800e-03,-6.08e-01,
5.03000e-03,-6.12e-01,
5.03200e-03,-6.04e-01,
5.03400e-03,-6.04e-01,
5.03600e-03,-6.00e-01,
5.03800e-03,-6.00e-01,
5.04000e-03,-6.04e-01,
5.04200e-03,-6.72e-01,
5.04400e-03,-6.56e-01,
5.04600e-03,-6.80e-01,
5.04800e-03,-6.80e-01,
5.05000e-03,-6.60e-01,
5.05200e-03,-6.52e-01,
5.05400e-03,-6.40e-01,
5.05600e-03,-6.28e-01,
5.05800e-03,-6.16e-01,
5.06000e-03,-6.12e-01,
5.06200e-03,-6.04e-01,
5.06400e-03,-6.04e-01,
5.06600e-03,-6.08e-01,
5.06800e-03,-6.04e-01,
5.07000e-03,-6.16e-01,
5.07200e-03,-6.12e-01,
5.07400e-03,-6.16e-01,
5.07600e-03,-6.24e-01,
5.07800e-03,-6.32e-01,
5.08000e-03,-6.28e-01,
5.08200e-03,-6.24e-01,
5.08400e-03,-6.64e-01,
5.08600e-03,-6.84e-01,
5.08800e-03,-6.60e-01,
5.09000e-03,-6.68e-01,
5.09200e-03,-6.68e-01,
5.09400e-03,-6.64e-01,
5.09600e-03,-6.48e-01,
5.09800e-03,-6.32e-01,
5.10000e-03,-6.20e-01,
5.10200e-03,-6.24e-01,
5.10400e-03,-6.20e-01,
5.10600e-03,-6.16e-01,
5.10800e-03,-6.16e-01,
5.11000e-03,-6.16e-01,
5.11200e-03,-6.20e-01,
5.11400e-03,-6.28e-01,
5.11600e-03,-6.20e-01,
5.11800e-03,-6.16e-01,
5.12000e-03,-6.04e-01,
5.12200e-03,-6.20e-01,
5.12400e-03,-6.96e-01,
5.12600e-03,-6.76e-01,
5.12800e-03,-6.76e-01,
5.13000e-03,-6.80e-01,
5.13200e-03,-6.64e-01,
5.13400e-03,-6.32e-01,
5.13600e-03,-6.20e-01,
5.13800e-03,-6.04e-01,
5.14000e-03,-6.00e-01,
5.14200e-03,-6.12e-01,
5.14400e-03,-6.24e-01,
5.14600e-03,-6.32e-01,
5.14800e-03,-6.32e-01,
5.15000e-03,-6.32e-01,
5.15200e-03,-6.24e-01,
5.15400e-03,-6.24e-01,
5.15600e-03,-6.32e-01,
5.15800e-03,-6.32e-01,
5.16000e-03,-6.28e-01,
5.16200e-03,-6.40e-01,
5.16400e-03,-6.48e-01,
5.16600e-03,-6.88e-01,
5.16800e-03,-7.16e-01,
5.17000e-03,-6.92e-01,
5.17200e-03,-6.80e-01,
5.17400e-03,-6.52e-01,
5.17600e-03,-6.36e-01,
5.17800e-03,-6.36e-01,
5.18000e-03,-6.44e-01,
5.18200e-03,-6.48e-01,
5.18400e-03,-6.44e-01,
5.18600e-03,-6.44e-01,
5.18800e-03,-6.36e-01,
5.19000e-03,-6.36e-01,
5.19200e-03,-6.36e-01,
5.19400e-03,-6.40e-01,
5.19600e-03,-6.28e-01,
5.19800e-03,-6.20e-01,
5.20000e-03,-6.20e-01,
5.20200e-03,-6.32e-01,
5.20400e-03,-6.68e-01,
5.20600e-03,-7.16e-01,
5.20800e-03,-7.20e-01,
5.21000e-03,-7.16e-01,
5.21200e-03,-6.92e-01,
5.21400e-03,-6.64e-01,
5.21600e-03,-6.48e-01,
5.21800e-03,-6.48e-01,
5.22000e-03,-6.48e-01,
5.22200e-03,-6.28e-01,
5.22400e-03,-6.16e-01,
5.22600e-03,-6.32e-01,
5.22800e-03,-6.28e-01,
5.23000e-03,-6.24e-01,
5.23200e-03,-6.24e-01,
5.23400e-03,-6.16e-01,
5.23600e-03,-6.28e-01,
5.23800e-03,-6.36e-01,
5.24000e-03,-6.32e-01,
5.24200e-03,-6.32e-01,
5.24400e-03,-6.08e-01,
5.24600e-03,-6.12e-01,
5.24800e-03,-6.04e-01,
5.25000e-03,-6.16e-01,
5.25200e-03,-6.20e-01,
5.25400e-03,-6.16e-01,
5.25600e-03,-6.12e-01,
5.25800e-03,-6.08e-01,
5.26000e-03,-6.16e-01,
5.26200e-03,-6.32e-01,
5.26400e-03,-6.32e-01,
5.26600e-03,-6.28e-01,
5.26800e-03,-6.24e-01,
5.27000e-03,-6.20e-01,
5.27200e-03,-6.20e-01,
5.27400e-03,-6.24e-01,
5.27600e-03,-6.20e-01,
5.27800e-03,-6.40e-01,
5.28000e-03,-6.40e-01,
5.28200e-03,-6.44e-01,
5.28400e-03,-6.40e-01,
5.28600e-03,-6.40e-01,
5.28800e-03,-6.24e-01,
5.29000e-03,-6.12e-01,
5.29200e-03,-6.12e-01,
5.29400e-03,-6.20e-01,
5.29600e-03,-6.24e-01,
5.29800e-03,-6.20e-01,
5.30000e-03,-6.24e-01,
5.30200e-03,-6.28e-01,
5.30400e-03,-6.36e-01,
5.30600e-03,-6.48e-01,
5.30800e-03,-6.52e-01,
5.31000e-03,-6.52e-01,
5.31200e-03,-6.44e-01,
5.31400e-03,-6.40e-01,
5.31600e-03,-6.32e-01,
5.31800e-03,-6.32e-01,
5.32000e-03,-6.32e-01,
5.32200e-03,-6.36e-01,
5.32400e-03,-6.52e-01,
5.32600e-03,-6.56e-01,
5.32800e-03,-6.60e-01,
5.33000e-03,-6.36e-01,
5.33200e-03,-6.36e-01,
5.33400e-03,-6.36e-01,
5.33600e-03,-6.32e-01,
5.33800e-03,-6.32e-01,
5.34000e-03,-6.32e-01,
5.34200e-03,-6.36e-01,
5.34400e-03,-6.52e-01,
5.34600e-03,-6.52e-01,
5.34800e-03,-6.60e-01,
5.35000e-03,-6.60e-01,
5.35200e-03,-6.36e-01,
5.35400e-03,-6.48e-01,
5.35600e-03,-6.44e-01,
5.35800e-03,-6.56e-01,
5.36000e-03,-6.64e-01,
5.36200e-03,-6.76e-01,
5.36400e-03,-6.68e-01,
5.36600e-03,-6.48e-01,
5.36800e-03,-6.40e-01,
5.37000e-03,-6.56e-01,
5.37200e-03,-6.36e-01,
5.37400e-03,-6.36e-01,
5.37600e-03,-6.40e-01,
5.37800e-03,-6.52e-01,
5.38000e-03,-6.36e-01,
5.38200e-03,-6.48e-01,
5.38400e-03,-6.44e-01,
5.38600e-03,-6.36e-01,
5.38800e-03,-6.20e-01,
5.39000e-03,-6.32e-01,
5.39200e-03,-6.32e-01,
5.39400e-03,-6.44e-01,
5.39600e-03,-6.64e-01,
5.39800e-03,-7.04e-01,
5.40000e-03,-6.84e-01,
5.40200e-03,-7.00e-01,
5.40400e-03,-7.00e-01,
5.40600e-03,-6.84e-01,
5.40800e-03,-6.60e-01,
5.41000e-03,-6.64e-01,
5.41200e-03,-6.60e-01,
5.41400e-03,-6.52e-01,
5.41600e-03,-6.60e-01,
5.41800e-03,-6.52e-01,
5.42000e-03,-6.56e-01,
5.42200e-03,-6.60e-01,
5.42400e-03,-6.52e-01,
5.42600e-03,-6.52e-01,
5.42800e-03,-6.52e-01,
5.43000e-03,-6.56e-01,
5.43200e-03,-6.48e-01,
5.43400e-03,-6.72e-01,
5.43600e-03,-6.92e-01,
5.43800e-03,-7.16e-01,
5.44000e-03,-7.16e-01,
5.44200e-03,-6.96e-01,
5.44400e-03,-6.84e-01,
5.44600e-03,-6.76e-01,
5.44800e-03,-6.68e-01,
5.45000e-03,-6.52e-01,
5.45200e-03,-6.40e-01,
5.45400e-03,-6.36e-01,
5.45600e-03,-6.36e-01,
5.45800e-03,-6.44e-01,
5.46000e-03,-6.48e-01,
5.46200e-03,-6.44e-01,
5.46400e-03,-6.48e-01,
5.46600e-03,-6.48e-01,
5.46800e-03,-6.44e-01,
5.47000e-03,-6.28e-01,
5.47200e-03,-6.60e-01,
5.47400e-03,-6.56e-01,
5.47600e-03,-7.00e-01,
5.47800e-03,-7.32e-01,
5.48000e-03,-7.48e-01,
5.48200e-03,-7.28e-01,
5.48400e-03,-7.16e-01,
5.48600e-03,-6.88e-01,
5.48800e-03,-6.68e-01,
5.49000e-03,-6.72e-01,
5.49200e-03,-6.68e-01,
5.49400e-03,-6.60e-01,
5.49600e-03,-6.48e-01,
5.49800e-03,-6.40e-01,
5.50000e-03,-6.32e-01,
5.50200e-03,-6.24e-01,
5.50400e-03,-6.16e-01,
5.50600e-03,-6.36e-01,
5.50800e-03,-6.20e-01,
5.51000e-03,-6.32e-01,
5.51200e-03,-6.32e-01,
5.51400e-03,-6.64e-01,
5.51600e-03,-7.20e-01,
5.51800e-03,-7.20e-01,
5.52000e-03,-7.24e-01,
5.52200e-03,-7.12e-01,
5.52400e-03,-6.68e-01,
5.52600e-03,-6.48e-01,
5.52800e-03,-6.36e-01,
5.53000e-03,-6.32e-01,
5.53200e-03,-6.24e-01,
5.53400e-03,-6.20e-01,
5.53600e-03,-6.04e-01,
5.53800e-03,-6.20e-01,
5.54000e-03,-6.32e-01,
5.54200e-03,-6.28e-01,
5.54400e-03,-6.28e-01,
5.54600e-03,-6.24e-01,
5.54800e-03,-6.20e-01,
5.55000e-03,-6.12e-01,
5.55200e-03,-6.28e-01,
5.55400e-03,-6.96e-01,
5.55600e-03,-6.84e-01,
5.55800e-03,-7.16e-01,
5.56000e-03,-7.12e-01,
5.56200e-03,-6.80e-01,
5.56400e-03,-6.64e-01,
5.56600e-03,-6.60e-01,
5.56800e-03,-6.44e-01,
5.57000e-03,-6.36e-01,
5.57200e-03,-6.32e-01,
5.57400e-03,-6.20e-01,
5.57600e-03,-6.04e-01,
5.57800e-03,-6.08e-01,
5.58000e-03,-6.20e-01,
5.58200e-03,-6.20e-01,
5.58400e-03,-6.24e-01,
5.58600e-03,-6.20e-01,
5.58800e-03,-6.24e-01,
5.59000e-03,-6.36e-01,
5.59200e-03,-6.48e-01,
5.59400e-03,-6.60e-01,
5.59600e-03,-6.76e-01,
5.59800e-03,-6.96e-01,
5.60000e-03,-6.76e-01,
5.60200e-03,-6.76e-01,
5.60400e-03,-6.44e-01,
5.60600e-03,-6.32e-01,
5.60800e-03,-6.24e-01,
5.61000e-03,-6.28e-01,
5.61200e-03,-6.28e-01,
5.61400e-03,-6.04e-01,
5.61600e-03,-6.16e-01,
5.61800e-03,-6.40e-01,
5.62000e-03,-6.20e-01,
5.62200e-03,-6.04e-01,
5.62400e-03,-6.20e-01,
5.62600e-03,-6.04e-01,
5.62800e-03,-6.28e-01,
5.63000e-03,-6.24e-01,
5.63200e-03,-6.52e-01,
5.63400e-03,-6.88e-01,
5.63600e-03,-6.96e-01,
5.63800e-03,-6.92e-01,
5.64000e-03,-6.72e-01,
5.64200e-03,-6.48e-01,
5.64400e-03,-6.20e-01,
5.64600e-03,-6.04e-01,
5.64800e-03,-6.16e-01,
5.65000e-03,-6.16e-01,
5.65200e-03,-6.16e-01,
5.65400e-03,-6.12e-01,
5.65600e-03,-6.04e-01,
5.65800e-03,-5.96e-01,
5.66000e-03,-6.04e-01,
5.66200e-03,-6.04e-01,
5.66400e-03,-6.16e-01,
5.66600e-03,-6.20e-01,
5.66800e-03,-6.36e-01,
5.67000e-03,-6.64e-01,
5.67200e-03,-7.12e-01,
5.67400e-03,-7.12e-01,
5.67600e-03,-6.96e-01,
5.67800e-03,-6.84e-01,
5.68000e-03,-6.68e-01,
5.68200e-03,-6.60e-01,
5.68400e-03,-6.48e-01,
5.68600e-03,-6.44e-01,
5.68800e-03,-6.36e-01,
5.69000e-03,-6.20e-01,
5.69200e-03,-6.24e-01,
5.69400e-03,-6.20e-01,
5.69600e-03,-6.12e-01,
5.69800e-03,-6.20e-01,
5.70000e-03,-6.32e-01,
5.70200e-03,-6.28e-01,
5.70400e-03,-6.32e-01,
5.70600e-03,-6.40e-01,
5.70800e-03,-6.76e-01,
5.71000e-03,-6.68e-01,
5.71200e-03,-6.68e-01,
5.71400e-03,-6.84e-01,
5.71600e-03,-6.72e-01,
5.71800e-03,-6.56e-01,
5.72000e-03,-6.52e-01,
5.72200e-03,-6.44e-01,
5.72400e-03,-6.36e-01,
5.72600e-03,-6.32e-01,
5.72800e-03,-6.20e-01,
5.73000e-03,-6.16e-01,
5.73200e-03,-6.00e-01,
5.73400e-03,-6.20e-01,
5.73600e-03,-6.44e-01,
5.73800e-03,-6.32e-01,
5.74000e-03,-6.28e-01,
5.74200e-03,-6.36e-01,
5.74400e-03,-6.32e-01,
5.74600e-03,-6.44e-01,
5.74800e-03,-6.52e-01,
5.75000e-03,-7.00e-01,
5.75200e-03,-6.88e-01,
5.75400e-03,-6.60e-01,
5.75600e-03,-6.52e-01,
5.75800e-03,-6.36e-01,
5.76000e-03,-6.32e-01,
5.76200e-03,-6.52e-01,
5.76400e-03,-6.40e-01,
5.76600e-03,-6.40e-01,
5.76800e-03,-6.28e-01,
5.77000e-03,-6.28e-01,
5.77200e-03,-6.28e-01,
5.77400e-03,-6.28e-01,
5.77600e-03,-6.28e-01,
5.77800e-03,-6.20e-01,
5.78000e-03,-6.20e-01,
5.78200e-03,-6.12e-01,
5.78400e-03,-6.40e-01,
5.78600e-03,-6.52e-01,
5.78800e-03,-6.68e-01,
5.79000e-03,-6.84e-01,
5.79200e-03,-6.84e-01,
5.79400e-03,-6.80e-01,
5.79600e-03,-6.72e-01,
5.79800e-03,-6.56e-01,
5.80000e-03,-6.44e-01,
5.80200e-03,-6.32e-01,
5.80400e-03,-6.28e-01,
5.80600e-03,-6.20e-01,
5.80800e-03,-6.24e-01,
5.81000e-03,-6.20e-01,
5.81200e-03,-6.24e-01,
5.81400e-03,-6.32e-01,
5.81600e-03,-6.28e-01,
5.81800e-03,-6.40e-01,
5.82000e-03,-6.40e-01,
5.82200e-03,-6.48e-01,
5.82400e-03,-6.36e-01,
5.82600e-03,-6.64e-01,
5.82800e-03,-6.88e-01,
5.83000e-03,-6.88e-01,
5.83200e-03,-6.84e-01,
5.83400e-03,-6.68e-01,
5.83600e-03,-6.56e-01,
5.83800e-03,-6.52e-01,
5.84000e-03,-6.48e-01,
5.84200e-03,-6.56e-01,
5.84400e-03,-6.52e-01,
5.84600e-03,-6.32e-01,
5.84800e-03,-6.32e-01,
5.85000e-03,-6.20e-01,
5.85200e-03,-6.28e-01,
5.85400e-03,-6.24e-01,
5.85600e-03,-6.28e-01,
5.85800e-03,-6.28e-01,
5.86000e-03,-6.20e-01,
5.86200e-03,-6.20e-01,
5.86400e-03,-6.32e-01,
5.86600e-03,-6.32e-01,
5.86800e-03,-6.36e-01,
5.87000e-03,-6.20e-01,
5.87200e-03,-6.20e-01,
5.87400e-03,-6.20e-01,
5.87600e-03,-6.24e-01,
5.87800e-03,-6.36e-01,
5.88000e-03,-6.44e-01,
5.88200e-03,-6.36e-01,
5.88400e-03,-6.36e-01,
5.88600e-03,-6.32e-01,
5.88800e-03,-6.32e-01,
5.89000e-03,-6.24e-01,
5.89200e-03,-6.04e-01,
5.89400e-03,-6.04e-01,
5.89600e-03,-6.00e-01,
5.89800e-03,-6.04e-01,
5.90000e-03,-6.32e-01,
5.90200e-03,-6.40e-01,
5.90400e-03,-6.44e-01,
5.90600e-03,-6.32e-01,
5.90800e-03,-6.36e-01,
5.91000e-03,-6.36e-01,
5.91200e-03,-6.32e-01,
5.91400e-03,-6.28e-01,
5.91600e-03,-6.32e-01,
5.91800e-03,-6.36e-01,
5.92000e-03,-6.44e-01,
5.92200e-03,-6.44e-01,
5.92400e-03,-6.44e-01,
5.92600e-03,-6.44e-01,
5.92800e-03,-6.48e-01,
5.93000e-03,-6.36e-01,
5.93200e-03,-6.32e-01,
5.93400e-03,-6.44e-01,
5.93600e-03,-6.56e-01,
5.93800e-03,-6.44e-01,
5.94000e-03,-6.52e-01,
5.94200e-03,-6.56e-01,
5.94400e-03,-6.52e-01,
5.94600e-03,-6.36e-01,
5.94800e-03,-6.40e-01,
5.95000e-03,-6.36e-01,
5.95200e-03,-6.36e-01,
5.95400e-03,-6.40e-01,
5.95600e-03,-6.52e-01,
5.95800e-03,-6.48e-01,
5.96000e-03,-6.36e-01,
5.96200e-03,-6.44e-01,
5.96400e-03,-6.56e-01,
5.96600e-03,-6.48e-01,
5.96800e-03,-6.52e-01,
5.97000e-03,-6.52e-01,
5.97200e-03,-6.48e-01,
5.97400e-03,-6.36e-01,
5.97600e-03,-6.32e-01,
5.97800e-03,-6.28e-01,
5.98000e-03,-6.44e-01,
5.98200e-03,-6.48e-01,
5.98400e-03,-6.36e-01,
5.98600e-03,-6.36e-01,
5.98800e-03,-6.28e-01,
5.99000e-03,-6.28e-01,
5.99200e-03,-6.52e-01,
5.99400e-03,-6.48e-01,
5.99600e-03,-6.52e-01,
5.99800e-03,-6.48e-01,
6.00000e-03,-6.48e-01,
6.00200e-03,-6.32e-01,
6.00400e-03,-6.40e-01,
6.00600e-03,-6.52e-01,
6.00800e-03,-6.44e-01,
6.01000e-03,-6.36e-01,
6.01200e-03,-6.60e-01,
6.01400e-03,-6.56e-01,
6.01600e-03,-6.52e-01,
6.01800e-03,-6.72e-01,
6.02000e-03,-7.00e-01,
6.02200e-03,-6.92e-01,
6.02400e-03,-6.96e-01,
6.02600e-03,-6.96e-01,
6.02800e-03,-6.76e-01,
6.03000e-03,-6.68e-01,
6.03200e-03,-6.64e-01,
6.03400e-03,-6.44e-01,
6.03600e-03,-6.52e-01,
6.03800e-03,-6.72e-01,
6.04000e-03,-6.64e-01,
6.04200e-03,-6.48e-01,
6.04400e-03,-6.52e-01,
6.04600e-03,-6.56e-01,
6.04800e-03,-6.28e-01,
6.05000e-03,-6.32e-01,
6.05200e-03,-6.32e-01,
6.05400e-03,-6.40e-01,
6.05600e-03,-7.12e-01,
6.05800e-03,-6.88e-01,
6.06000e-03,-7.04e-01,
6.06200e-03,-7.00e-01,
6.06400e-03,-6.84e-01,
6.06600e-03,-6.72e-01,
6.06800e-03,-6.72e-01,
6.07000e-03,-6.48e-01,
6.07200e-03,-6.36e-01,
6.07400e-03,-6.24e-01,
6.07600e-03,-6.40e-01,
6.07800e-03,-6.40e-01,
6.08000e-03,-6.40e-01,
6.08200e-03,-6.44e-01,
6.08400e-03,-6.60e-01,
6.08600e-03,-6.52e-01,
6.08800e-03,-6.52e-01,
6.09000e-03,-6.44e-01,
6.09200e-03,-6.32e-01,
6.09400e-03,-6.80e-01,
6.09600e-03,-6.84e-01,
6.09800e-03,-7.16e-01,
6.10000e-03,-7.32e-01,
6.10200e-03,-7.12e-01,
6.10400e-03,-7.08e-01,
6.10600e-03,-6.84e-01,
6.10800e-03,-6.68e-01,
6.11000e-03,-6.48e-01,
6.11200e-03,-6.32e-01,
6.11400e-03,-6.36e-01,
6.11600e-03,-6.28e-01,
6.11800e-03,-6.32e-01,
6.12000e-03,-6.44e-01,
6.12200e-03,-6.44e-01,
6.12400e-03,-6.44e-01,
6.12600e-03,-6.36e-01,
6.12800e-03,-6.32e-01,
6.13000e-03,-6.32e-01,
6.13200e-03,-6.36e-01,
6.13400e-03,-6.60e-01,
6.13600e-03,-6.76e-01,
6.13800e-03,-7.24e-01,
6.14000e-03,-7.12e-01,
6.14200e-03,-7.04e-01,
6.14400e-03,-7.08e-01,
6.14600e-03,-6.68e-01,
6.14800e-03,-6.48e-01,
6.15000e-03,-6.48e-01,
6.15200e-03,-6.48e-01,
6.15400e-03,-6.36e-01,
6.15600e-03,-6.12e-01,
6.15800e-03,-6.28e-01,
6.16000e-03,-6.16e-01,
6.16200e-03,-6.20e-01,
6.16400e-03,-6.20e-01,
6.16600e-03,-6.28e-01,
6.16800e-03,-6.28e-01,
6.17000e-03,-6.28e-01,
6.17200e-03,-6.12e-01,
6.17400e-03,-6.48e-01,
6.17600e-03,-6.96e-01,
6.17800e-03,-7.00e-01,
6.18000e-03,-7.04e-01,
6.18200e-03,-6.84e-01,
6.18400e-03,-6.60e-01,
6.18600e-03,-6.60e-01,
6.18800e-03,-6.44e-01,
6.19000e-03,-6.32e-01,
6.19200e-03,-6.20e-01,
6.19400e-03,-6.32e-01,
6.19600e-03,-6.28e-01,
6.19800e-03,-6.40e-01,
6.20000e-03,-6.28e-01,
6.20200e-03,-5.84e-01,
6.20400e-03,-6.04e-01,
6.20600e-03,-6.00e-01,
6.20800e-03,-6.00e-01,
6.21000e-03,-6.04e-01,
6.21200e-03,-6.36e-01,
6.21400e-03,-6.48e-01,
6.21600e-03,-7.00e-01,
6.21800e-03,-6.96e-01,
6.22000e-03,-6.76e-01,
6.22200e-03,-6.60e-01,
6.22400e-03,-6.52e-01,
6.22600e-03,-6.56e-01,
6.22800e-03,-6.60e-01,
6.23000e-03,-6.36e-01,
6.23200e-03,-6.36e-01,
6.23400e-03,-6.32e-01,
6.23600e-03,-6.24e-01,
6.23800e-03,-6.20e-01,
6.24000e-03,-6.20e-01,
6.24200e-03,-6.20e-01,
6.24400e-03,-6.20e-01,
6.24600e-03,-6.20e-01,
6.24800e-03,-5.88e-01,
6.25000e-03,-6.04e-01,
6.25200e-03,-6.04e-01,
6.25400e-03,-6.60e-01,
6.25600e-03,-6.96e-01,
6.25800e-03,-6.84e-01,
6.26000e-03,-6.84e-01,
6.26200e-03,-6.68e-01,
6.26400e-03,-6.36e-01,
6.26600e-03,-6.08e-01,
6.26800e-03,-6.28e-01,
6.27000e-03,-6.20e-01,
6.27200e-03,-6.32e-01,
6.27400e-03,-6.36e-01,
6.27600e-03,-6.04e-01,
6.27800e-03,-6.04e-01,
6.28000e-03,-5.96e-01,
6.28200e-03,-6.04e-01,
6.28400e-03,-6.00e-01,
6.28600e-03,-6.00e-01,
6.28800e-03,-6.04e-01,
6.29000e-03,-6.24e-01,
6.29200e-03,-6.60e-01,
6.29400e-03,-6.84e-01,
6.29600e-03,-6.68e-01,
6.29800e-03,-6.44e-01,
6.30000e-03,-6.44e-01,
6.30200e-03,-6.28e-01,
6.30400e-03,-6.08e-01,
6.30600e-03,-6.20e-01,
6.30800e-03,-6.16e-01,
6.31000e-03,-6.12e-01,
6.31200e-03,-6.12e-01,
6.31400e-03,-6.00e-01,
6.31600e-03,-5.88e-01,
6.31800e-03,-5.92e-01,
6.32000e-03,-6.04e-01,
6.32200e-03,-6.20e-01,
6.32400e-03,-6.20e-01,
6.32600e-03,-6.28e-01,
6.32800e-03,-6.60e-01,
6.33000e-03,-7.00e-01,
6.33200e-03,-6.80e-01,
6.33400e-03,-6.80e-01,
6.33600e-03,-6.64e-01,
6.33800e-03,-6.48e-01,
6.34000e-03,-6.40e-01,
6.34200e-03,-6.32e-01,
6.34400e-03,-6.12e-01,
6.34600e-03,-6.12e-01,
6.34800e-03,-6.12e-01,
6.35000e-03,-6.44e-01,
6.35200e-03,-6.36e-01,
6.35400e-03,-6.16e-01,
6.35600e-03,-6.12e-01,
6.35800e-03,-6.04e-01,
6.36000e-03,-6.20e-01,
6.36200e-03,-6.24e-01,
6.36400e-03,-6.12e-01,
6.36600e-03,-6.28e-01,
6.36800e-03,-6.84e-01,
6.37000e-03,-6.84e-01,
6.37200e-03,-7.00e-01,
6.37400e-03,-7.00e-01,
6.37600e-03,-6.68e-01,
6.37800e-03,-6.68e-01,
6.38000e-03,-6.64e-01,
6.38200e-03,-6.40e-01,
6.38400e-03,-6.24e-01,
6.38600e-03,-6.40e-01,
6.38800e-03,-6.36e-01,
6.39000e-03,-6.44e-01,
6.39200e-03,-6.48e-01,
6.39400e-03,-6.28e-01,
6.39600e-03,-6.44e-01,
6.39800e-03,-6.44e-01,
6.40000e-03,-6.32e-01,
6.40200e-03,-6.36e-01,
6.40400e-03,-6.28e-01,
6.40600e-03,-6.40e-01,
6.40800e-03,-6.64e-01,
6.41000e-03,-6.76e-01,
6.41200e-03,-6.84e-01,
6.41400e-03,-6.68e-01,
6.41600e-03,-6.64e-01,
6.41800e-03,-6.52e-01,
6.42000e-03,-6.44e-01,
6.42200e-03,-6.52e-01,
6.42400e-03,-6.32e-01,
6.42600e-03,-6.16e-01,
6.42800e-03,-6.12e-01,
6.43000e-03,-6.08e-01,
6.43200e-03,-6.32e-01,
6.43400e-03,-6.20e-01,
6.43600e-03,-6.20e-01,
6.43800e-03,-6.20e-01,
6.44000e-03,-6.32e-01,
6.44200e-03,-6.08e-01,
6.44400e-03,-6.12e-01,
6.44600e-03,-6.52e-01,
6.44800e-03,-6.92e-01,
6.45000e-03,-6.84e-01,
6.45200e-03,-6.92e-01,
6.45400e-03,-6.68e-01,
6.45600e-03,-6.60e-01,
6.45800e-03,-6.52e-01,
6.46000e-03,-6.40e-01,
6.46200e-03,-6.36e-01,
6.46400e-03,-6.44e-01,
6.46600e-03,-6.28e-01,
6.46800e-03,-6.16e-01,
6.47000e-03,-6.12e-01,
6.47200e-03,-6.04e-01,
6.47400e-03,-6.20e-01,
6.47600e-03,-6.48e-01,
6.47800e-03,-6.00e-01,
6.48000e-03,-6.08e-01,
6.48200e-03,-6.20e-01,
6.48400e-03,-6.20e-01,
6.48600e-03,-6.20e-01,
6.48800e-03,-6.28e-01,
6.49000e-03,-6.32e-01,
6.49200e-03,-6.24e-01,
6.49400e-03,-6.32e-01,
6.49600e-03,-6.20e-01,
6.49800e-03,-6.24e-01,
6.50000e-03,-6.32e-01,
6.50200e-03,-6.20e-01,
6.50400e-03,-6.20e-01,
6.50600e-03,-6.28e-01,
6.50800e-03,-6.32e-01,
6.51000e-03,-6.28e-01,
6.51200e-03,-6.24e-01,
6.51400e-03,-6.32e-01,
6.51600e-03,-6.32e-01,
6.51800e-03,-6.28e-01,
6.52000e-03,-6.28e-01,
6.52200e-03,-6.20e-01,
6.52400e-03,-6.36e-01,
6.52600e-03,-6.28e-01,
6.52800e-03,-6.24e-01,
6.53000e-03,-6.24e-01,
6.53200e-03,-6.24e-01,
6.53400e-03,-6.28e-01,
6.53600e-03,-6.28e-01,
6.53800e-03,-6.36e-01,
6.54000e-03,-6.48e-01,
6.54200e-03,-6.28e-01,
6.54400e-03,-6.32e-01,
6.54600e-03,-6.36e-01,
6.54800e-03,-6.36e-01,
6.55000e-03,-6.48e-01,
6.55200e-03,-6.44e-01,
6.55400e-03,-6.48e-01,
6.55600e-03,-6.44e-01,
6.55800e-03,-6.36e-01,
6.56000e-03,-6.60e-01,
6.56200e-03,-6.52e-01,
6.56400e-03,-6.44e-01,
6.56600e-03,-6.36e-01,
6.56800e-03,-6.32e-01,
6.57000e-03,-6.28e-01,
6.57200e-03,-6.24e-01,
6.57400e-03,-6.28e-01,
6.57600e-03,-6.36e-01,
6.57800e-03,-6.52e-01,
6.58000e-03,-6.44e-01,
6.58200e-03,-6.48e-01,
6.58400e-03,-6.52e-01,
6.58600e-03,-6.36e-01,
6.58800e-03,-6.40e-01,
6.59000e-03,-6.36e-01,
6.59200e-03,-6.36e-01,
6.59400e-03,-6.36e-01,
6.59600e-03,-6.28e-01,
6.59800e-03,-6.36e-01,
6.60000e-03,-6.44e-01,
6.60200e-03,-6.44e-01,
6.60400e-03,-6.60e-01,
6.60600e-03,-6.44e-01,
6.60800e-03,-6.44e-01,
6.61000e-03,-6.48e-01,
6.61200e-03,-6.52e-01,
6.61400e-03,-6.52e-01,
6.61600e-03,-6.44e-01,
6.61800e-03,-6.36e-01,
6.62000e-03,-6.48e-01,
6.62200e-03,-6.40e-01,
6.62400e-03,-6.32e-01,
6.62600e-03,-6.28e-01,
6.62800e-03,-6.36e-01,
6.63000e-03,-6.36e-01,
6.63200e-03,-6.32e-01,
6.63400e-03,-6.40e-01,
6.63600e-03,-6.48e-01,
6.63800e-03,-6.76e-01,
6.64000e-03,-6.92e-01,
6.64200e-03,-6.84e-01,
6.64400e-03,-6.80e-01,
6.64600e-03,-6.68e-01,
6.64800e-03,-6.68e-01,
6.65000e-03,-6.64e-01,
6.65200e-03,-6.68e-01,
6.65400e-03,-6.68e-01,
6.65600e-03,-6.52e-01,
6.65800e-03,-6.44e-01,
6.66000e-03,-6.36e-01,
6.66200e-03,-6.36e-01,
6.66400e-03,-6.36e-01,
6.66600e-03,-6.36e-01,
6.66800e-03,-6.44e-01,
6.67000e-03,-6.44e-01,
6.67200e-03,-6.40e-01,
6.67400e-03,-6.64e-01,
6.67600e-03,-6.92e-01,
6.67800e-03,-7.08e-01,
6.68000e-03,-7.16e-01,
6.68200e-03,-7.00e-01,
6.68400e-03,-6.80e-01,
6.68600e-03,-6.72e-01,
6.68800e-03,-6.60e-01,
6.69000e-03,-6.52e-01,
6.69200e-03,-6.44e-01,
6.69400e-03,-6.36e-01,
6.69600e-03,-6.40e-01,
6.69800e-03,-6.32e-01,
6.70000e-03,-6.28e-01,
6.70200e-03,-6.24e-01,
6.70400e-03,-6.16e-01,
6.70600e-03,-6.36e-01,
6.70800e-03,-6.32e-01,
6.71000e-03,-6.36e-01,
6.71200e-03,-6.36e-01,
6.71400e-03,-6.92e-01,
6.71600e-03,-6.96e-01,
6.71800e-03,-7.28e-01,
6.72000e-03,-7.28e-01,
6.72200e-03,-7.16e-01,
6.72400e-03,-7.12e-01,
6.72600e-03,-6.84e-01,
6.72800e-03,-6.64e-01,
6.73000e-03,-6.60e-01,
6.73200e-03,-6.44e-01,
6.73400e-03,-6.32e-01,
6.73600e-03,-6.36e-01,
6.73800e-03,-6.52e-01,
6.74000e-03,-6.40e-01,
6.74200e-03,-6.48e-01,
6.74400e-03,-6.44e-01,
6.74600e-03,-6.48e-01,
6.74800e-03,-6.44e-01,
6.75000e-03,-6.36e-01,
6.75200e-03,-6.60e-01,
6.75400e-03,-6.60e-01,
6.75600e-03,-6.92e-01,
6.75800e-03,-7.20e-01,
6.76000e-03,-7.28e-01,
6.76200e-03,-7.12e-01,
6.76400e-03,-6.84e-01,
6.76600e-03,-6.68e-01,
6.76800e-03,-6.52e-01,
6.77000e-03,-6.20e-01,
6.77200e-03,-6.28e-01,
6.77400e-03,-6.36e-01,
6.77600e-03,-6.28e-01,
6.77800e-03,-6.40e-01,
6.78000e-03,-6.32e-01,
6.78200e-03,-6.28e-01,
6.78400e-03,-6.20e-01,
6.78600e-03,-6.16e-01,
6.78800e-03,-5.96e-01,
6.79000e-03,-6.04e-01,
6.79200e-03,-6.08e-01,
6.79400e-03,-6.44e-01,
6.79600e-03,-6.96e-01,
6.79800e-03,-6.88e-01,
6.80000e-03,-6.92e-01,
6.80200e-03,-6.84e-01,
6.80400e-03,-6.60e-01,
6.80600e-03,-6.32e-01,
6.80800e-03,-6.32e-01,
6.81000e-03,-6.28e-01,
6.81200e-03,-6.28e-01,
6.81400e-03,-6.24e-01,
6.81600e-03,-6.32e-01,
6.81800e-03,-6.24e-01,
6.82000e-03,-6.12e-01,
6.82200e-03,-6.12e-01,
6.82400e-03,-6.08e-01,
6.82600e-03,-6.12e-01,
6.82800e-03,-6.16e-01,
6.83000e-03,-6.04e-01,
6.83200e-03,-6.36e-01,
6.83400e-03,-7.00e-01,
6.83600e-03,-6.92e-01,
6.83800e-03,-6.96e-01,
6.84000e-03,-6.88e-01,
6.84200e-03,-6.64e-01,
6.84400e-03,-6.52e-01,
6.84600e-03,-6.40e-01,
6.84800e-03,-6.36e-01,
6.85000e-03,-6.24e-01,
6.85200e-03,-6.24e-01,
6.85400e-03,-6.08e-01,
6.85600e-03,-6.00e-01,
6.85800e-03,-6.16e-01,
6.86000e-03,-6.16e-01,
6.86200e-03,-6.12e-01,
6.86400e-03,-6.16e-01,
6.86600e-03,-6.16e-01,
6.86800e-03,-6.12e-01,
6.87000e-03,-6.36e-01,
6.87200e-03,-6.36e-01,
6.87400e-03,-6.64e-01,
6.87600e-03,-6.84e-01,
6.87800e-03,-6.96e-01,
6.88000e-03,-6.84e-01,
6.88200e-03,-6.80e-01,
6.88400e-03,-6.68e-01,
6.88600e-03,-6.48e-01,
6.88800e-03,-6.44e-01,
6.89000e-03,-6.12e-01,
6.89200e-03,-6.04e-01,
6.89400e-03,-6.12e-01,
6.89600e-03,-6.12e-01,
6.89800e-03,-6.04e-01,
6.90000e-03,-6.12e-01,
6.90200e-03,-6.20e-01,
6.90400e-03,-6.12e-01,
6.90600e-03,-6.16e-01,
6.90800e-03,-6.52e-01,
6.91000e-03,-6.60e-01,
6.91200e-03,-6.64e-01,
6.91400e-03,-6.84e-01,
6.91600e-03,-6.84e-01,
6.91800e-03,-6.76e-01,
6.92000e-03,-6.60e-01,
6.92200e-03,-6.56e-01,
6.92400e-03,-6.28e-01,
6.92600e-03,-6.04e-01,
6.92800e-03,-6.04e-01,
6.93000e-03,-6.16e-01,
6.93200e-03,-6.20e-01,
6.93400e-03,-6.20e-01,
6.93600e-03,-6.28e-01,
6.93800e-03,-6.36e-01,
6.94000e-03,-6.36e-01,
6.94200e-03,-6.32e-01,
6.94400e-03,-6.16e-01,
6.94600e-03,-6.20e-01,
6.94800e-03,-6.52e-01,
6.95000e-03,-6.76e-01,
6.95200e-03,-6.92e-01,
6.95400e-03,-6.76e-01,
6.95600e-03,-6.52e-01,
6.95800e-03,-6.60e-01,
6.96000e-03,-6.44e-01,
6.96200e-03,-6.32e-01,
6.96400e-03,-6.36e-01,
6.96600e-03,-6.32e-01,
6.96800e-03,-6.36e-01,
6.97000e-03,-6.36e-01,
6.97200e-03,-6.32e-01,
6.97400e-03,-6.36e-01,
6.97600e-03,-6.32e-01,
6.97800e-03,-6.32e-01,
6.98000e-03,-6.32e-01,
6.98200e-03,-6.36e-01,
6.98400e-03,-6.36e-01,
6.98600e-03,-6.60e-01,
6.98800e-03,-6.84e-01,
6.99000e-03,-6.84e-01,
6.99200e-03,-6.84e-01,
6.99400e-03,-6.60e-01,
6.99600e-03,-6.52e-01,
6.99800e-03,-6.36e-01,
7.00000e-03,-6.40e-01,
7.00200e-03,-6.36e-01,
7.00400e-03,-6.40e-01,
7.00600e-03,-6.28e-01,
7.00800e-03,-6.24e-01,
7.01000e-03,-6.20e-01,
7.01200e-03,-6.20e-01,
7.01400e-03,-6.20e-01,
7.01600e-03,-6.12e-01,
7.01800e-03,-6.28e-01,
7.02000e-03,-6.24e-01,
7.02200e-03,-6.36e-01,
7.02400e-03,-6.52e-01,
7.02600e-03,-6.60e-01,
7.02800e-03,-6.64e-01,
7.03000e-03,-6.68e-01,
7.03200e-03,-6.60e-01,
7.03400e-03,-6.44e-01,
7.03600e-03,-6.36e-01,
7.03800e-03,-6.36e-01,
7.04000e-03,-6.36e-01,
7.04200e-03,-6.36e-01,
7.04400e-03,-6.28e-01,
7.04600e-03,-6.20e-01,
7.04800e-03,-6.12e-01,
7.05000e-03,-6.24e-01,
7.05200e-03,-6.32e-01,
7.05400e-03,-6.12e-01,
7.05600e-03,-6.20e-01,
7.05800e-03,-6.40e-01,
7.06000e-03,-6.68e-01,
7.06200e-03,-6.92e-01,
7.06400e-03,-6.88e-01,
7.06600e-03,-6.92e-01,
7.06800e-03,-6.68e-01,
7.07000e-03,-6.32e-01,
7.07200e-03,-6.40e-01,
7.07400e-03,-6.36e-01,
7.07600e-03,-6.44e-01,
7.07800e-03,-6.36e-01,
7.08000e-03,-6.36e-01,
7.08200e-03,-6.36e-01,
7.08400e-03,-6.36e-01,
7.08600e-03,-6.36e-01,
7.08800e-03,-6.24e-01,
7.09000e-03,-6.32e-01,
7.09200e-03,-6.28e-01,
7.09400e-03,-6.20e-01,
7.09600e-03,-6.24e-01,
7.09800e-03,-6.32e-01,
7.10000e-03,-6.04e-01,
7.10200e-03,-6.04e-01,
7.10400e-03,-6.08e-01,
7.10600e-03,-6.16e-01,
7.10800e-03,-6.08e-01,
7.11000e-03,-6.12e-01,
7.11200e-03,-6.16e-01,
7.11400e-03,-6.24e-01,
7.11600e-03,-6.28e-01,
7.11800e-03,-6.20e-01,
7.12000e-03,-6.20e-01,
7.12200e-03,-6.20e-01,
7.12400e-03,-6.16e-01,
7.12600e-03,-6.24e-01,
7.12800e-03,-6.08e-01,
7.13000e-03,-6.16e-01,
7.13200e-03,-6.24e-01,
7.13400e-03,-6.44e-01,
7.13600e-03,-6.44e-01,
7.13800e-03,-6.48e-01,
7.14000e-03,-6.52e-01,
7.14200e-03,-6.40e-01,
7.14400e-03,-6.32e-01,
7.14600e-03,-6.24e-01,
7.14800e-03,-6.20e-01,
7.15000e-03,-6.20e-01,
7.15200e-03,-6.28e-01,
7.15400e-03,-6.52e-01,
7.15600e-03,-6.48e-01,
7.15800e-03,-6.36e-01,
7.16000e-03,-6.52e-01,
7.16200e-03,-6.40e-01,
7.16400e-03,-6.52e-01,
7.16600e-03,-6.48e-01,
7.16800e-03,-6.52e-01,
7.17000e-03,-6.52e-01,
7.17200e-03,-6.44e-01,
7.17400e-03,-6.40e-01,
7.17600e-03,-6.40e-01,
7.17800e-03,-6.40e-01,
7.18000e-03,-6.40e-01,
7.18200e-03,-6.28e-01,
7.18400e-03,-6.20e-01,
7.18600e-03,-6.08e-01,
7.18800e-03,-6.20e-01,
7.19000e-03,-6.36e-01,
7.19200e-03,-6.40e-01,
7.19400e-03,-6.48e-01,
7.19600e-03,-6.44e-01,
7.19800e-03,-6.36e-01,
7.20000e-03,-6.28e-01,
7.20200e-03,-6.24e-01,
7.20400e-03,-6.24e-01,
7.20600e-03,-6.24e-01,
7.20800e-03,-6.28e-01,
7.21000e-03,-6.32e-01,
7.21200e-03,-6.36e-01,
7.21400e-03,-6.40e-01,
7.21600e-03,-6.44e-01,
7.21800e-03,-6.60e-01,
7.22000e-03,-6.56e-01,
7.22200e-03,-6.48e-01,
7.22400e-03,-6.48e-01,
7.22600e-03,-6.36e-01,
7.22800e-03,-6.40e-01,
7.23000e-03,-6.40e-01,
7.23200e-03,-6.48e-01,
7.23400e-03,-6.36e-01,
7.23600e-03,-6.60e-01,
7.23800e-03,-6.44e-01,
7.24000e-03,-6.36e-01,
7.24200e-03,-6.36e-01,
7.24400e-03,-6.32e-01,
7.24600e-03,-6.32e-01,
7.24800e-03,-6.32e-01,
7.25000e-03,-6.60e-01,
7.25200e-03,-6.52e-01,
7.25400e-03,-6.80e-01,
7.25600e-03,-6.84e-01,
7.25800e-03,-7.04e-01,
7.26000e-03,-6.96e-01,
7.26200e-03,-6.80e-01,
7.26400e-03,-6.68e-01,
7.26600e-03,-6.64e-01,
7.26800e-03,-6.68e-01,
7.27000e-03,-6.68e-01,
7.27200e-03,-6.36e-01,
7.27400e-03,-6.40e-01,
7.27600e-03,-6.36e-01,
7.27800e-03,-6.32e-01,
7.28000e-03,-6.52e-01,
7.28200e-03,-6.44e-01,
7.28400e-03,-6.44e-01,
7.28600e-03,-6.40e-01,
7.28800e-03,-6.44e-01,
7.29000e-03,-6.52e-01,
7.29200e-03,-6.80e-01,
7.29400e-03,-6.88e-01,
7.29600e-03,-6.96e-01,
7.29800e-03,-6.84e-01,
7.30000e-03,-6.64e-01,
7.30200e-03,-6.68e-01,
7.30400e-03,-6.60e-01,
7.30600e-03,-6.64e-01,
7.30800e-03,-6.52e-01,
7.31000e-03,-6.52e-01,
7.31200e-03,-6.44e-01,
7.31400e-03,-6.40e-01,
7.31600e-03,-6.44e-01,
7.31800e-03,-6.28e-01,
7.32000e-03,-6.32e-01,
7.32200e-03,-6.32e-01,
7.32400e-03,-6.20e-01,
7.32600e-03,-6.32e-01,
7.32800e-03,-6.24e-01,
7.33000e-03,-6.28e-01,
7.33200e-03,-6.76e-01,
7.33400e-03,-7.16e-01,
7.33600e-03,-7.24e-01,
7.33800e-03,-7.16e-01,
7.34000e-03,-7.00e-01,
7.34200e-03,-6.96e-01,
7.34400e-03,-6.68e-01,
7.34600e-03,-6.52e-01,
7.34800e-03,-6.48e-01,
7.35000e-03,-6.36e-01,
7.35200e-03,-6.32e-01,
7.35400e-03,-6.36e-01,
7.35600e-03,-6.24e-01,
7.35800e-03,-6.16e-01,
7.36000e-03,-6.04e-01,
7.36200e-03,-6.04e-01,
7.36400e-03,-6.04e-01,
7.36600e-03,-6.08e-01,
7.36800e-03,-6.12e-01,
7.37000e-03,-6.40e-01,
7.37200e-03,-7.20e-01,
7.37400e-03,-7.00e-01,
7.37600e-03,-7.08e-01,
7.37800e-03,-6.96e-01,
7.38000e-03,-6.72e-01,
7.38200e-03,-6.36e-01,
7.38400e-03,-6.40e-01,
7.38600e-03,-6.36e-01,
7.38800e-03,-6.16e-01,
7.39000e-03,-6.12e-01,
7.39200e-03,-6.12e-01,
7.39400e-03,-6.12e-01,
7.39600e-03,-6.12e-01,
7.39800e-03,-6.12e-01,
7.40000e-03,-6.24e-01,
7.40200e-03,-6.20e-01,
7.40400e-03,-6.20e-01,
7.40600e-03,-6.20e-01,
7.40800e-03,-6.12e-01,
7.41000e-03,-6.80e-01,
7.41200e-03,-6.68e-01,
7.41400e-03,-6.92e-01,
7.41600e-03,-6.96e-01,
7.41800e-03,-6.60e-01,
7.42000e-03,-6.68e-01,
7.42200e-03,-6.60e-01,
7.42400e-03,-6.40e-01,
7.42600e-03,-6.36e-01,
7.42800e-03,-6.32e-01,
7.43000e-03,-6.40e-01,
7.43200e-03,-6.44e-01,
7.43400e-03,-6.36e-01,
7.43600e-03,-6.28e-01,
7.43800e-03,-6.28e-01,
7.44000e-03,-6.28e-01,
7.44200e-03,-6.28e-01,
7.44400e-03,-6.32e-01,
7.44600e-03,-6.16e-01,
7.44800e-03,-6.36e-01,
7.45000e-03,-6.56e-01,
7.45200e-03,-6.72e-01,
7.45400e-03,-6.80e-01,
7.45600e-03,-6.84e-01,
7.45800e-03,-6.76e-01,
7.46000e-03,-6.60e-01,
7.46200e-03,-6.44e-01,
7.46400e-03,-6.40e-01,
7.46600e-03,-6.32e-01,
7.46800e-03,-6.28e-01,
7.47000e-03,-6.28e-01,
7.47200e-03,-6.44e-01,
7.47400e-03,-6.36e-01,
7.47600e-03,-6.40e-01,
7.47800e-03,-6.32e-01,
7.48000e-03,-6.24e-01,
7.48200e-03,-6.36e-01,
7.48400e-03,-6.36e-01,
7.48600e-03,-6.44e-01,
7.48800e-03,-6.64e-01,
7.49000e-03,-6.92e-01,
7.49200e-03,-7.00e-01,
7.49400e-03,-7.12e-01,
7.49600e-03,-6.96e-01,
7.49800e-03,-6.76e-01,
7.50000e-03,-6.36e-01,
7.50200e-03,-6.36e-01,
7.50400e-03,-6.28e-01,
7.50600e-03,-6.24e-01,
7.50800e-03,-6.32e-01,
7.51000e-03,-6.40e-01,
7.51200e-03,-6.32e-01,
7.51400e-03,-6.20e-01,
7.51600e-03,-6.12e-01,
7.51800e-03,-6.04e-01,
7.52000e-03,-6.08e-01,
7.52200e-03,-6.04e-01,
7.52400e-03,-6.12e-01,
7.52600e-03,-6.40e-01,
7.52800e-03,-6.92e-01,
7.53000e-03,-6.68e-01,
7.53200e-03,-6.64e-01,
7.53400e-03,-6.76e-01,
7.53600e-03,-6.68e-01,
7.53800e-03,-6.56e-01,
7.54000e-03,-6.52e-01,
7.54200e-03,-6.32e-01,
7.54400e-03,-6.32e-01,
7.54600e-03,-6.36e-01,
7.54800e-03,-6.36e-01,
7.55000e-03,-6.36e-01,
7.55200e-03,-6.28e-01,
7.55400e-03,-6.32e-01,
7.55600e-03,-6.24e-01,
7.55800e-03,-6.32e-01,
7.56000e-03,-6.40e-01,
7.56200e-03,-6.36e-01,
7.56400e-03,-6.64e-01,
7.56600e-03,-6.80e-01,
7.56800e-03,-6.84e-01,
7.57000e-03,-7.00e-01,
7.57200e-03,-6.92e-01,
7.57400e-03,-6.52e-01,
7.57600e-03,-6.52e-01,
7.57800e-03,-6.36e-01,
7.58000e-03,-6.40e-01,
7.58200e-03,-6.36e-01,
7.58400e-03,-6.20e-01,
7.58600e-03,-6.20e-01,
7.58800e-03,-6.36e-01,
7.59000e-03,-6.36e-01,
7.59200e-03,-6.24e-01,
7.59400e-03,-6.08e-01,
7.59600e-03,-6.12e-01,
7.59800e-03,-6.20e-01,
7.60000e-03,-6.28e-01,
7.60200e-03,-6.76e-01,
7.60400e-03,-6.76e-01,
7.60600e-03,-6.76e-01,
7.60800e-03,-6.76e-01,
7.61000e-03,-6.68e-01,
7.61200e-03,-6.60e-01,
7.61400e-03,-6.52e-01,
7.61600e-03,-6.48e-01,
7.61800e-03,-6.20e-01,
7.62000e-03,-6.08e-01,
7.62200e-03,-6.12e-01,
7.62400e-03,-6.12e-01,
7.62600e-03,-6.20e-01,
7.62800e-03,-6.32e-01,
7.63000e-03,-6.28e-01,
7.63200e-03,-6.28e-01,
7.63400e-03,-6.36e-01,
7.63600e-03,-6.32e-01,
7.63800e-03,-6.52e-01,
7.64000e-03,-6.64e-01,
7.64200e-03,-6.88e-01,
7.64400e-03,-6.96e-01,
7.64600e-03,-6.72e-01,
7.64800e-03,-6.64e-01,
7.65000e-03,-6.52e-01,
7.65200e-03,-6.44e-01,
7.65400e-03,-6.32e-01,
7.65600e-03,-6.20e-01,
7.65800e-03,-6.32e-01,
7.66000e-03,-6.48e-01,
7.66200e-03,-6.36e-01,
7.66400e-03,-6.32e-01,
7.66600e-03,-6.32e-01,
7.66800e-03,-6.28e-01,
7.67000e-03,-6.28e-01,
7.67200e-03,-6.40e-01,
7.67400e-03,-6.32e-01,
7.67600e-03,-6.48e-01,
7.67800e-03,-6.52e-01,
7.68000e-03,-6.80e-01,
7.68200e-03,-6.84e-01,
7.68400e-03,-6.52e-01,
7.68600e-03,-6.60e-01,
7.68800e-03,-6.52e-01,
7.69000e-03,-6.52e-01,
7.69200e-03,-6.40e-01,
7.69400e-03,-6.36e-01,
7.69600e-03,-6.32e-01,
7.69800e-03,-6.20e-01,
7.70000e-03,-6.16e-01,
7.70200e-03,-6.20e-01,
7.70400e-03,-6.04e-01,
7.70600e-03,-6.12e-01,
7.70800e-03,-6.28e-01,
7.71000e-03,-6.20e-01,
7.71200e-03,-6.24e-01,
7.71400e-03,-6.20e-01,
7.71600e-03,-6.08e-01,
7.71800e-03,-6.16e-01,
7.72000e-03,-6.28e-01,
7.72200e-03,-6.24e-01,
7.72400e-03,-6.28e-01,
7.72600e-03,-6.28e-01,
7.72800e-03,-5.96e-01,
7.73000e-03,-6.20e-01,
7.73200e-03,-6.16e-01,
7.73400e-03,-6.28e-01,
7.73600e-03,-6.20e-01,
7.73800e-03,-6.16e-01,
7.74000e-03,-6.20e-01,
7.74200e-03,-6.20e-01,
7.74400e-03,-6.32e-01,
7.74600e-03,-6.40e-01,
7.74800e-03,-6.36e-01,
7.75000e-03,-6.36e-01,
7.75200e-03,-6.32e-01,
7.75400e-03,-6.40e-01,
7.75600e-03,-6.44e-01,
7.75800e-03,-6.36e-01,
7.76000e-03,-6.36e-01,
7.76200e-03,-6.32e-01,
7.76400e-03,-6.32e-01,
7.76600e-03,-6.40e-01,
7.76800e-03,-6.44e-01,
7.77000e-03,-6.44e-01,
7.77200e-03,-6.52e-01,
7.77400e-03,-6.60e-01,
7.77600e-03,-6.44e-01,
7.77800e-03,-6.48e-01,
7.78000e-03,-6.64e-01,
7.78200e-03,-6.68e-01,
7.78400e-03,-6.48e-01,
7.78600e-03,-6.52e-01,
7.78800e-03,-6.44e-01,
7.79000e-03,-6.36e-01,
7.79200e-03,-6.32e-01,
7.79400e-03,-6.40e-01,
7.79600e-03,-6.36e-01,
7.79800e-03,-6.28e-01,
7.80000e-03,-6.36e-01,
7.80200e-03,-6.44e-01,
7.80400e-03,-6.40e-01,
7.80600e-03,-6.40e-01,
7.80800e-03,-6.32e-01,
7.81000e-03,-6.28e-01,
7.81200e-03,-6.48e-01,
7.81400e-03,-6.48e-01,
7.81600e-03,-6.52e-01,
7.81800e-03,-6.40e-01,
7.82000e-03,-6.32e-01,
7.82200e-03,-6.16e-01,
7.82400e-03,-6.20e-01,
7.82600e-03,-6.32e-01,
7.82800e-03,-6.24e-01,
7.83000e-03,-6.20e-01,
7.83200e-03,-6.28e-01,
7.83400e-03,-6.32e-01,
7.83600e-03,-6.36e-01,
7.83800e-03,-6.32e-01,
7.84000e-03,-6.36e-01,
7.84200e-03,-6.32e-01,
7.84400e-03,-6.40e-01,
7.84600e-03,-6.48e-01,
7.84800e-03,-6.20e-01,
7.85000e-03,-6.44e-01,
7.85200e-03,-6.52e-01,
7.85400e-03,-6.52e-01,
7.85600e-03,-6.40e-01,
7.85800e-03,-6.24e-01,
7.86000e-03,-6.24e-01,
7.86200e-03,-6.28e-01,
7.86400e-03,-6.36e-01,
7.86600e-03,-6.92e-01,
7.86800e-03,-6.84e-01,
7.87000e-03,-6.96e-01,
7.87200e-03,-6.84e-01,
7.87400e-03,-6.92e-01,
7.87600e-03,-6.52e-01,
7.87800e-03,-6.64e-01,
7.88000e-03,-6.44e-01,
7.88200e-03,-6.48e-01,
7.88400e-03,-6.68e-01,
7.88600e-03,-6.36e-01,
7.88800e-03,-6.32e-01,
7.89000e-03,-6.44e-01,
7.89200e-03,-6.36e-01,
7.89400e-03,-6.36e-01,
7.89600e-03,-6.36e-01,
7.89800e-03,-6.28e-01,
7.90000e-03,-6.32e-01,
7.90200e-03,-6.48e-01,
7.90400e-03,-6.84e-01,
7.90600e-03,-6.88e-01,
7.90800e-03,-7.12e-01,
7.91000e-03,-7.16e-01,
7.91200e-03,-6.92e-01,
7.91400e-03,-6.68e-01,
7.91600e-03,-6.60e-01,
7.91800e-03,-6.60e-01,
7.92000e-03,-6.52e-01,
7.92200e-03,-6.48e-01,
7.92400e-03,-6.52e-01,
7.92600e-03,-6.60e-01,
7.92800e-03,-6.52e-01,
7.93000e-03,-6.40e-01,
7.93200e-03,-6.32e-01,
7.93400e-03,-6.24e-01,
7.93600e-03,-6.32e-01,
7.93800e-03,-6.40e-01,
7.94000e-03,-6.56e-01,
7.94200e-03,-6.60e-01,
7.94400e-03,-6.80e-01,
7.94600e-03,-7.16e-01,
7.94800e-03,-7.20e-01,
7.95000e-03,-7.24e-01,
7.95200e-03,-7.20e-01,
7.95400e-03,-7.04e-01,
7.95600e-03,-6.68e-01,
7.95800e-03,-6.28e-01,
7.96000e-03,-6.36e-01,
7.96200e-03,-6.40e-01,
7.96400e-03,-6.40e-01,
7.96600e-03,-6.36e-01,
7.96800e-03,-6.32e-01,
7.97000e-03,-6.32e-01,
7.97200e-03,-6.28e-01,
7.97400e-03,-6.20e-01,
7.97600e-03,-6.08e-01,
7.97800e-03,-6.16e-01,
7.98000e-03,-6.16e-01,
7.98200e-03,-6.32e-01,
7.98400e-03,-6.80e-01,
7.98600e-03,-6.92e-01,
7.98800e-03,-7.16e-01,
7.99000e-03,-7.16e-01,
7.99200e-03,-7.00e-01,
7.99400e-03,-6.56e-01,
7.99600e-03,-6.60e-01,
7.99800e-03,-6.44e-01,
8.00000e-03,-6.48e-01,
8.00200e-03,-6.36e-01,
8.00400e-03,-6.40e-01,
8.00600e-03,-6.28e-01,
8.00800e-03,-6.12e-01,
8.01000e-03,-6.16e-01,
8.01200e-03,-6.12e-01,
8.01400e-03,-6.08e-01,
8.01600e-03,-6.08e-01,
8.01800e-03,-6.24e-01,
8.02000e-03,-6.28e-01,
8.02200e-03,-6.96e-01,
8.02400e-03,-6.84e-01,
8.02600e-03,-7.04e-01,
8.02800e-03,-7.00e-01,
8.03000e-03,-6.88e-01,
8.03200e-03,-6.76e-01,
8.03400e-03,-6.76e-01,
8.03600e-03,-6.60e-01,
8.03800e-03,-6.36e-01,
8.04000e-03,-6.36e-01,
8.04200e-03,-6.32e-01,
8.04400e-03,-6.36e-01,
8.04600e-03,-6.36e-01,
8.04800e-03,-6.28e-01,
8.05000e-03,-6.32e-01,
8.05200e-03,-6.24e-01,
8.05400e-03,-6.08e-01,
8.05600e-03,-6.16e-01,
8.05800e-03,-6.20e-01,
8.06000e-03,-6.44e-01,
8.06200e-03,-6.68e-01,
8.06400e-03,-6.96e-01,
8.06600e-03,-7.08e-01,
8.06800e-03,-7.00e-01,
8.07000e-03,-6.84e-01,
8.07200e-03,-6.64e-01,
8.07400e-03,-6.64e-01,
8.07600e-03,-6.52e-01,
8.07800e-03,-6.36e-01,
8.08000e-03,-6.36e-01,
8.08200e-03,-6.28e-01,
8.08400e-03,-6.20e-01,
8.08600e-03,-6.28e-01,
8.08800e-03,-6.16e-01,
8.09000e-03,-6.08e-01,
8.09200e-03,-6.20e-01,
8.09400e-03,-6.32e-01,
8.09600e-03,-6.28e-01,
8.09800e-03,-6.36e-01,
8.10000e-03,-6.44e-01,
8.10200e-03,-6.68e-01,
8.10400e-03,-6.92e-01,
8.10600e-03,-6.80e-01,
8.10800e-03,-6.68e-01,
8.11000e-03,-6.52e-01,
8.11200e-03,-6.52e-01,
8.11400e-03,-6.56e-01,
8.11600e-03,-6.56e-01,
8.11800e-03,-6.48e-01,
8.12000e-03,-6.36e-01,
8.12200e-03,-6.28e-01,
8.12400e-03,-6.36e-01,
8.12600e-03,-6.44e-01,
8.12800e-03,-6.36e-01,
8.13000e-03,-6.28e-01,
8.13200e-03,-6.32e-01,
8.13400e-03,-6.32e-01,
8.13600e-03,-6.32e-01,
8.13800e-03,-6.52e-01,
8.14000e-03,-7.08e-01,
8.14200e-03,-6.88e-01,
8.14400e-03,-7.12e-01,
8.14600e-03,-6.84e-01,
8.14800e-03,-6.48e-01,
8.15000e-03,-6.52e-01,
8.15200e-03,-6.44e-01,
8.15400e-03,-6.36e-01,
8.15600e-03,-6.36e-01,
8.15800e-03,-6.32e-01,
8.16000e-03,-6.40e-01,
8.16200e-03,-6.40e-01,
8.16400e-03,-6.32e-01,
8.16600e-03,-6.32e-01,
8.16800e-03,-6.16e-01,
8.17000e-03,-6.16e-01,
8.17200e-03,-6.08e-01,
8.17400e-03,-6.16e-01,
8.17600e-03,-6.72e-01,
8.17800e-03,-6.92e-01,
8.18000e-03,-7.12e-01,
8.18200e-03,-7.12e-01,
8.18400e-03,-7.08e-01,
8.18600e-03,-6.64e-01,
8.18800e-03,-6.60e-01,
8.19000e-03,-6.52e-01,
8.19200e-03,-6.40e-01,
8.19400e-03,-6.28e-01,
8.19600e-03,-6.32e-01,
8.19800e-03,-6.28e-01,
8.20000e-03,-6.24e-01,
8.20200e-03,-6.20e-01,
8.20400e-03,-6.20e-01,
8.20600e-03,-6.08e-01,
8.20800e-03,-6.04e-01,
8.21000e-03,-6.20e-01,
8.21200e-03,-6.36e-01,
8.21400e-03,-7.16e-01,
8.21600e-03,-6.96e-01,
8.21800e-03,-6.96e-01,
8.22000e-03,-6.96e-01,
8.22200e-03,-6.52e-01,
8.22400e-03,-6.40e-01,
8.22600e-03,-6.32e-01,
8.22800e-03,-6.24e-01,
8.23000e-03,-6.28e-01,
8.23200e-03,-6.20e-01,
8.23400e-03,-6.04e-01,
8.23600e-03,-6.00e-01,
8.23800e-03,-6.28e-01,
8.24000e-03,-6.40e-01,
8.24200e-03,-6.28e-01,
8.24400e-03,-6.36e-01,
8.24600e-03,-6.28e-01,
8.24800e-03,-6.20e-01,
8.25000e-03,-6.52e-01,
8.25200e-03,-6.68e-01,
8.25400e-03,-6.88e-01,
8.25600e-03,-6.84e-01,
8.25800e-03,-6.68e-01,
8.26000e-03,-6.68e-01,
8.26200e-03,-6.60e-01,
8.26400e-03,-6.32e-01,
8.26600e-03,-6.36e-01,
8.26800e-03,-6.32e-01,
8.27000e-03,-6.16e-01,
8.27200e-03,-6.16e-01,
8.27400e-03,-6.08e-01,
8.27600e-03,-6.04e-01,
8.27800e-03,-6.20e-01,
8.28000e-03,-6.24e-01,
8.28200e-03,-6.20e-01,
8.28400e-03,-6.16e-01,
8.28600e-03,-5.96e-01,
8.28800e-03,-6.08e-01,
8.29000e-03,-6.12e-01,
8.29200e-03,-6.48e-01,
8.29400e-03,-6.72e-01,
8.29600e-03,-6.76e-01,
8.29800e-03,-6.76e-01,
8.30000e-03,-6.68e-01,
8.30200e-03,-6.64e-01,
8.30400e-03,-6.36e-01,
8.30600e-03,-6.24e-01,
8.30800e-03,-6.20e-01,
8.31000e-03,-6.20e-01,
8.31200e-03,-6.24e-01,
8.31400e-03,-6.40e-01,
8.31600e-03,-6.32e-01,
8.31800e-03,-6.32e-01,
8.32000e-03,-6.36e-01,
8.32200e-03,-6.32e-01,
8.32400e-03,-6.32e-01,
8.32600e-03,-6.28e-01,
8.32800e-03,-6.20e-01,
8.33000e-03,-6.36e-01,
8.33200e-03,-6.36e-01,
8.33400e-03,-6.16e-01,
8.33600e-03,-6.12e-01,
8.33800e-03,-6.20e-01,
8.34000e-03,-6.20e-01,
8.34200e-03,-6.48e-01,
8.34400e-03,-6.40e-01,
8.34600e-03,-6.32e-01,
8.34800e-03,-6.32e-01,
8.35000e-03,-6.52e-01,
8.35200e-03,-6.36e-01,
8.35400e-03,-6.40e-01,
8.35600e-03,-6.56e-01,
8.35800e-03,-6.52e-01,
8.36000e-03,-6.52e-01,
8.36200e-03,-6.48e-01,
8.36400e-03,-6.36e-01,
8.36600e-03,-6.32e-01,
8.36800e-03,-6.36e-01,
8.37000e-03,-6.40e-01,
8.37200e-03,-6.40e-01,
8.37400e-03,-6.32e-01,
8.37600e-03,-6.36e-01,
8.37800e-03,-6.32e-01,
8.38000e-03,-6.32e-01,
8.38200e-03,-6.32e-01,
8.38400e-03,-6.32e-01,
8.38600e-03,-6.44e-01,
8.38800e-03,-6.56e-01,
8.39000e-03,-6.52e-01,
8.39200e-03,-6.48e-01,
8.39400e-03,-6.48e-01,
8.39600e-03,-6.40e-01,
8.39800e-03,-6.32e-01,
8.40000e-03,-6.32e-01,
8.40200e-03,-6.36e-01,
8.40400e-03,-6.36e-01,
8.40600e-03,-6.48e-01,
8.40800e-03,-6.44e-01,
8.41000e-03,-6.36e-01,
8.41200e-03,-6.44e-01,
8.41400e-03,-6.32e-01,
8.41600e-03,-6.36e-01,
8.41800e-03,-6.40e-01,
8.42000e-03,-6.60e-01,
8.42200e-03,-6.68e-01,
8.42400e-03,-6.60e-01,
8.42600e-03,-6.68e-01,
8.42800e-03,-6.72e-01,
8.43000e-03,-6.92e-01,
8.43200e-03,-6.88e-01,
8.43400e-03,-6.72e-01,
8.43600e-03,-6.68e-01,
8.43800e-03,-6.68e-01,
8.44000e-03,-6.64e-01,
8.44200e-03,-6.44e-01,
8.44400e-03,-6.48e-01,
8.44600e-03,-6.36e-01,
8.44800e-03,-6.36e-01,
8.45000e-03,-6.28e-01,
8.45200e-03,-6.32e-01,
8.45400e-03,-6.36e-01,
8.45600e-03,-6.40e-01,
8.45800e-03,-6.36e-01,
8.46000e-03,-6.44e-01,
8.46200e-03,-6.48e-01,
8.46400e-03,-6.52e-01,
8.46600e-03,-6.48e-01,
8.46800e-03,-6.40e-01,
8.47000e-03,-6.64e-01,
8.47200e-03,-6.68e-01,
8.47400e-03,-7.00e-01,
8.47600e-03,-7.16e-01,
8.47800e-03,-7.16e-01,
8.48000e-03,-7.04e-01,
8.48200e-03,-6.84e-01,
8.48400e-03,-6.68e-01,
8.48600e-03,-6.36e-01,
8.48800e-03,-6.44e-01,
8.49000e-03,-6.52e-01,
8.49200e-03,-6.72e-01,
8.49400e-03,-6.64e-01,
8.49600e-03,-6.44e-01,
8.49800e-03,-6.48e-01,
8.50000e-03,-6.36e-01,
8.50200e-03,-6.36e-01,
8.50400e-03,-6.36e-01,
8.50600e-03,-6.44e-01,
8.50800e-03,-6.44e-01,
8.51000e-03,-6.48e-01,
8.51200e-03,-6.64e-01,
8.51400e-03,-7.00e-01,
8.51600e-03,-6.92e-01,
8.51800e-03,-7.12e-01,
8.52000e-03,-6.92e-01,
8.52200e-03,-6.68e-01,
8.52400e-03,-6.36e-01,
8.52600e-03,-6.48e-01,
8.52800e-03,-6.44e-01,
8.53000e-03,-6.40e-01,
8.53200e-03,-6.44e-01,
8.53400e-03,-6.32e-01,
8.53600e-03,-6.36e-01,
8.53800e-03,-6.32e-01,
8.54000e-03,-6.32e-01,
8.54200e-03,-6.28e-01,
8.54400e-03,-6.08e-01,
8.54600e-03,-6.20e-01,
8.54800e-03,-6.40e-01,
8.55000e-03,-6.76e-01,
8.55200e-03,-7.16e-01,
8.55400e-03,-7.16e-01,
8.55600e-03,-7.08e-01,
8.55800e-03,-6.92e-01,
8.56000e-03,-6.60e-01,
8.56200e-03,-6.48e-01,
8.56400e-03,-6.44e-01,
8.56600e-03,-6.48e-01,
8.56800e-03,-6.44e-01,
8.57000e-03,-6.32e-01,
8.57200e-03,-6.36e-01,
8.57400e-03,-6.32e-01,
8.57600e-03,-6.36e-01,
8.57800e-03,-6.32e-01,
8.58000e-03,-6.16e-01,
8.58200e-03,-6.20e-01,
8.58400e-03,-6.32e-01,
8.58600e-03,-6.36e-01,
8.58800e-03,-6.80e-01,
8.59000e-03,-6.84e-01,
8.59200e-03,-7.08e-01,
8.59400e-03,-6.96e-01,
8.59600e-03,-6.84e-01,
8.59800e-03,-6.72e-01,
8.60000e-03,-6.68e-01,
8.60200e-03,-6.44e-01,
8.60400e-03,-6.36e-01,
8.60600e-03,-6.20e-01,
8.60800e-03,-6.12e-01,
8.61000e-03,-6.20e-01,
8.61200e-03,-6.28e-01,
8.61400e-03,-6.28e-01,
8.61600e-03,-6.40e-01,
8.61800e-03,-6.36e-01,
8.62000e-03,-6.32e-01,
8.62200e-03,-6.36e-01,
8.62400e-03,-6.48e-01,
8.62600e-03,-6.68e-01,
8.62800e-03,-6.76e-01,
8.63000e-03,-6.92e-01,
8.63200e-03,-6.96e-01,
8.63400e-03,-6.60e-01,
8.63600e-03,-6.76e-01,
8.63800e-03,-6.76e-01,
8.64000e-03,-6.52e-01,
8.64200e-03,-6.28e-01,
8.64400e-03,-6.20e-01,
8.64600e-03,-6.16e-01,
8.64800e-03,-6.12e-01,
8.65000e-03,-6.24e-01,
8.65200e-03,-6.20e-01,
8.65400e-03,-6.20e-01,
8.65600e-03,-6.20e-01,
8.65800e-03,-6.28e-01,
8.66000e-03,-6.20e-01,
8.66200e-03,-6.36e-01,
8.66400e-03,-6.36e-01,
8.66600e-03,-6.56e-01,
8.66800e-03,-6.64e-01,
8.67000e-03,-6.72e-01,
8.67200e-03,-6.56e-01,
8.67400e-03,-6.48e-01,
8.67600e-03,-6.44e-01,
8.67800e-03,-6.40e-01,
8.68000e-03,-6.20e-01,
8.68200e-03,-6.20e-01,
8.68400e-03,-6.20e-01,
8.68600e-03,-6.24e-01,
8.68800e-03,-6.20e-01,
8.69000e-03,-6.12e-01,
8.69200e-03,-6.08e-01,
8.69400e-03,-6.04e-01,
8.69600e-03,-6.16e-01,
8.69800e-03,-6.24e-01,
8.70000e-03,-6.28e-01,
8.70200e-03,-6.40e-01,
8.70400e-03,-6.68e-01,
8.70600e-03,-6.96e-01,
8.70800e-03,-6.64e-01,
8.71000e-03,-6.68e-01,
8.71200e-03,-6.68e-01,
8.71400e-03,-6.60e-01,
8.71600e-03,-6.24e-01,
8.71800e-03,-6.36e-01,
8.72000e-03,-6.36e-01,
8.72200e-03,-6.28e-01,
8.72400e-03,-6.20e-01,
8.72600e-03,-6.04e-01,
8.72800e-03,-6.04e-01,
8.73000e-03,-6.04e-01,
8.73200e-03,-6.00e-01,
8.73400e-03,-6.04e-01,
8.73600e-03,-6.00e-01,
8.73800e-03,-6.00e-01,
8.74000e-03,-6.04e-01,
8.74200e-03,-6.12e-01,
8.74400e-03,-6.68e-01,
8.74600e-03,-6.60e-01,
8.74800e-03,-6.72e-01,
8.75000e-03,-6.64e-01,
8.75200e-03,-6.44e-01,
8.75400e-03,-6.28e-01,
8.75600e-03,-6.28e-01,
8.75800e-03,-6.28e-01,
8.76000e-03,-6.28e-01,
8.76200e-03,-6.32e-01,
8.76400e-03,-6.32e-01,
8.76600e-03,-6.36e-01,
8.76800e-03,-6.36e-01,
8.77000e-03,-6.36e-01,
8.77200e-03,-6.16e-01,
8.77400e-03,-6.16e-01,
8.77600e-03,-6.12e-01,
8.77800e-03,-6.28e-01,
8.78000e-03,-6.32e-01,
8.78200e-03,-6.60e-01,
8.78400e-03,-6.72e-01,
8.78600e-03,-6.76e-01,
8.78800e-03,-7.20e-01,
8.79000e-03,-6.84e-01,
8.79200e-03,-6.80e-01,
8.79400e-03,-6.68e-01,
8.79600e-03,-6.64e-01,
8.79800e-03,-6.52e-01,
8.80000e-03,-6.48e-01,
8.80200e-03,-6.44e-01,
8.80400e-03,-6.32e-01,
8.80600e-03,-6.32e-01,
8.80800e-03,-6.36e-01,
8.81000e-03,-6.32e-01,
8.81200e-03,-6.32e-01,
8.81400e-03,-6.36e-01,
8.81600e-03,-6.36e-01,
8.81800e-03,-6.36e-01,
8.82000e-03,-6.36e-01,
8.82200e-03,-6.32e-01,
8.82400e-03,-6.56e-01,
8.82600e-03,-6.92e-01,
8.82800e-03,-6.92e-01,
8.83000e-03,-6.96e-01,
8.83200e-03,-6.92e-01,
8.83400e-03,-6.52e-01,
8.83600e-03,-6.64e-01,
8.83800e-03,-6.52e-01,
8.84000e-03,-6.52e-01,
8.84200e-03,-6.32e-01,
8.84400e-03,-6.20e-01,
8.84600e-03,-6.08e-01,
8.84800e-03,-6.16e-01,
8.85000e-03,-6.24e-01,
8.85200e-03,-6.28e-01,
8.85400e-03,-6.20e-01,
8.85600e-03,-6.20e-01,
8.85800e-03,-6.20e-01,
8.86000e-03,-6.04e-01,
8.86200e-03,-6.32e-01,
8.86400e-03,-6.64e-01,
8.86600e-03,-6.84e-01,
8.86800e-03,-6.92e-01,
8.87000e-03,-6.92e-01,
8.87200e-03,-6.52e-01,
8.87400e-03,-6.60e-01,
8.87600e-03,-6.72e-01,
8.87800e-03,-6.52e-01,
8.88000e-03,-6.20e-01,
8.88200e-03,-6.08e-01,
8.88400e-03,-6.16e-01,
8.88600e-03,-6.20e-01,
8.88800e-03,-6.20e-01,
8.89000e-03,-6.20e-01,
8.89200e-03,-6.12e-01,
8.89400e-03,-6.00e-01,
8.89600e-03,-6.04e-01,
8.89800e-03,-6.12e-01,
8.90000e-03,-6.20e-01,
8.90200e-03,-6.24e-01,
8.90400e-03,-6.24e-01,
8.90600e-03,-6.52e-01,
8.90800e-03,-6.84e-01,
8.91000e-03,-6.84e-01,
8.91200e-03,-6.80e-01,
8.91400e-03,-6.68e-01,
8.91600e-03,-6.64e-01,
8.91800e-03,-6.36e-01,
8.92000e-03,-6.32e-01,
8.92200e-03,-6.24e-01,
8.92400e-03,-6.20e-01,
8.92600e-03,-6.36e-01,
8.92800e-03,-6.28e-01,
8.93000e-03,-6.32e-01,
8.93200e-03,-6.32e-01,
8.93400e-03,-6.36e-01,
8.93600e-03,-6.32e-01,
8.93800e-03,-6.32e-01,
8.94000e-03,-6.28e-01,
8.94200e-03,-6.32e-01,
8.94400e-03,-6.64e-01,
8.94600e-03,-6.92e-01,
8.94800e-03,-7.00e-01,
8.95000e-03,-7.00e-01,
8.95200e-03,-6.92e-01,
8.95400e-03,-6.72e-01,
8.95600e-03,-6.64e-01,
8.95800e-03,-6.48e-01,
8.96000e-03,-6.44e-01,
8.96200e-03,-6.40e-01,
8.96400e-03,-6.36e-01,
8.96600e-03,-6.36e-01,
8.96800e-03,-6.36e-01,
8.97000e-03,-6.36e-01,
8.97200e-03,-6.32e-01,
8.97400e-03,-6.28e-01,
8.97600e-03,-6.28e-01,
8.97800e-03,-6.32e-01,
8.98000e-03,-6.28e-01,
8.98200e-03,-6.24e-01,
8.98400e-03,-6.36e-01,
8.98600e-03,-6.52e-01,
8.98800e-03,-6.44e-01,
8.99000e-03,-6.40e-01,
8.99200e-03,-6.36e-01,
8.99400e-03,-6.36e-01,
8.99600e-03,-6.48e-01,
8.99800e-03,-6.32e-01,
9.00000e-03,-6.32e-01,
9.00200e-03,-6.28e-01,
9.00400e-03,-6.28e-01,
9.00600e-03,-6.16e-01,
9.00800e-03,-6.20e-01,
9.01000e-03,-6.36e-01,
9.01200e-03,-6.40e-01,
9.01400e-03,-6.32e-01,
9.01600e-03,-6.40e-01,
9.01800e-03,-6.36e-01,
9.02000e-03,-6.48e-01,
9.02200e-03,-6.52e-01,
9.02400e-03,-6.44e-01,
9.02600e-03,-6.36e-01,
9.02800e-03,-6.60e-01,
9.03000e-03,-6.52e-01,
9.03200e-03,-6.44e-01,
9.03400e-03,-6.44e-01,
9.03600e-03,-6.32e-01,
9.03800e-03,-6.36e-01,
9.04000e-03,-6.36e-01,
9.04200e-03,-6.40e-01,
9.04400e-03,-6.36e-01,
9.04600e-03,-6.48e-01,
9.04800e-03,-6.44e-01,
9.05000e-03,-6.48e-01,
9.05200e-03,-6.44e-01,
9.05400e-03,-6.24e-01,
9.05600e-03,-6.44e-01,
9.05800e-03,-6.40e-01,
9.06000e-03,-6.52e-01,
9.06200e-03,-6.40e-01,
9.06400e-03,-6.32e-01,
9.06600e-03,-6.36e-01,
9.06800e-03,-6.40e-01,
9.07000e-03,-6.36e-01,
9.07200e-03,-6.44e-01,
9.07400e-03,-6.36e-01,
9.07600e-03,-6.36e-01,
9.07800e-03,-6.40e-01,
9.08000e-03,-6.36e-01,
9.08200e-03,-6.48e-01,
9.08400e-03,-6.40e-01,
9.08600e-03,-6.32e-01,
9.08800e-03,-6.40e-01,
9.09000e-03,-6.36e-01,
9.09200e-03,-6.32e-01,
9.09400e-03,-6.32e-01,
9.09600e-03,-6.40e-01,
9.09800e-03,-6.40e-01,
9.10000e-03,-6.12e-01,
9.10200e-03,-6.32e-01,
9.10400e-03,-6.20e-01,
9.10600e-03,-6.32e-01,
9.10800e-03,-6.32e-01,
9.11000e-03,-6.36e-01,
9.11200e-03,-6.36e-01,
9.11400e-03,-6.44e-01,
9.11600e-03,-6.52e-01,
9.11800e-03,-6.48e-01,
9.12000e-03,-6.36e-01,
9.12200e-03,-6.36e-01,
9.12400e-03,-6.32e-01,
9.12600e-03,-6.36e-01,
9.12800e-03,-6.60e-01,
9.13000e-03,-6.52e-01,
9.13200e-03,-6.56e-01,
9.13400e-03,-6.64e-01,
9.13600e-03,-6.92e-01,
9.13800e-03,-6.88e-01,
9.14000e-03,-7.12e-01,
9.14200e-03,-6.84e-01,
9.14400e-03,-6.68e-01,
9.14600e-03,-6.56e-01,
9.14800e-03,-6.60e-01,
9.15000e-03,-6.60e-01,
9.15200e-03,-6.52e-01,
9.15400e-03,-6.48e-01,
9.15600e-03,-6.48e-01,
9.15800e-03,-6.48e-01,
9.16000e-03,-6.40e-01,
9.16200e-03,-6.40e-01,
9.16400e-03,-6.84e-01,
9.16600e-03,-6.68e-01,
9.16800e-03,-6.76e-01,
9.17000e-03,-6.48e-01,
9.17200e-03,-6.64e-01,
9.17400e-03,-7.08e-01,
9.17600e-03,-7.12e-01,
9.17800e-03,-6.96e-01,
9.18000e-03,-6.84e-01,
9.18200e-03,-6.68e-01,
9.18400e-03,-6.68e-01,
9.18600e-03,-6.60e-01,
9.18800e-03,-6.52e-01,
9.19000e-03,-6.44e-01,
9.19200e-03,-6.28e-01,
9.19400e-03,-6.32e-01,
9.19600e-03,-6.28e-01,
9.19800e-03,-6.28e-01,
9.20000e-03,-6.36e-01,
9.20200e-03,-6.48e-01,
9.20400e-03,-6.52e-01,
9.20600e-03,-6.28e-01,
9.20800e-03,-6.24e-01,
9.21000e-03,-6.44e-01,
9.21200e-03,-6.72e-01,
9.21400e-03,-7.04e-01,
9.21600e-03,-7.12e-01,
9.21800e-03,-7.24e-01,
9.22000e-03,-6.96e-01,
9.22200e-03,-6.84e-01,
9.22400e-03,-6.60e-01,
9.22600e-03,-6.48e-01,
9.22800e-03,-6.36e-01,
9.23000e-03,-6.36e-01,
9.23200e-03,-6.36e-01,
9.23400e-03,-6.36e-01,
9.23600e-03,-6.28e-01,
9.23800e-03,-6.24e-01,
9.24000e-03,-6.32e-01,
9.24200e-03,-6.48e-01,
9.24400e-03,-6.48e-01,
9.24600e-03,-6.44e-01,
9.24800e-03,-6.40e-01,
9.25000e-03,-6.36e-01,
9.25200e-03,-6.68e-01,
9.25400e-03,-7.08e-01,
9.25600e-03,-7.28e-01,
9.25800e-03,-7.16e-01,
9.26000e-03,-7.16e-01,
9.26200e-03,-6.96e-01,
9.26400e-03,-6.52e-01,
9.26600e-03,-6.36e-01,
9.26800e-03,-6.32e-01,
9.27000e-03,-6.36e-01,
9.27200e-03,-6.28e-01,
9.27400e-03,-6.24e-01,
9.27600e-03,-6.24e-01,
9.27800e-03,-6.20e-01,
9.28000e-03,-6.16e-01,
9.28200e-03,-6.16e-01,
9.28400e-03,-6.32e-01,
9.28600e-03,-6.28e-01,
9.28800e-03,-6.36e-01,
9.29000e-03,-6.44e-01,
9.29200e-03,-6.92e-01,
9.29400e-03,-6.84e-01,
9.29600e-03,-7.16e-01,
9.29800e-03,-7.12e-01,
9.30000e-03,-7.00e-01,
9.30200e-03,-6.80e-01,
9.30400e-03,-6.64e-01,
9.30600e-03,-6.44e-01,
9.30800e-03,-6.52e-01,
9.31000e-03,-6.40e-01,
9.31200e-03,-6.04e-01,
9.31400e-03,-6.04e-01,
9.31600e-03,-6.08e-01,
9.31800e-03,-6.16e-01,
9.32000e-03,-6.20e-01,
9.32200e-03,-6.12e-01,
9.32400e-03,-6.16e-01,
9.32600e-03,-6.16e-01,
9.32800e-03,-6.28e-01,
9.33000e-03,-6.80e-01,
9.33200e-03,-6.84e-01,
9.33400e-03,-7.04e-01,
9.33600e-03,-7.12e-01,
9.33800e-03,-6.84e-01,
9.34000e-03,-6.68e-01,
9.34200e-03,-6.52e-01,
9.34400e-03,-6.52e-01,
9.34600e-03,-6.32e-01,
9.34800e-03,-6.28e-01,
9.35000e-03,-6.24e-01,
9.35200e-03,-6.28e-01,
9.35400e-03,-6.24e-01,
9.35600e-03,-6.36e-01,
9.35800e-03,-6.20e-01,
9.36000e-03,-6.20e-01,
9.36200e-03,-6.36e-01,
9.36400e-03,-6.28e-01,
9.36600e-03,-6.36e-01,
9.36800e-03,-6.36e-01,
9.37000e-03,-6.52e-01,
9.37200e-03,-6.84e-01,
9.37400e-03,-7.16e-01,
9.37600e-03,-7.00e-01,
9.37800e-03,-6.76e-01,
9.38000e-03,-6.60e-01,
9.38200e-03,-6.40e-01,
9.38400e-03,-6.36e-01,
9.38600e-03,-6.28e-01,
9.38800e-03,-6.20e-01,
9.39000e-03,-6.36e-01,
9.39200e-03,-6.24e-01,
9.39400e-03,-6.12e-01,
9.39600e-03,-6.20e-01,
9.39800e-03,-6.28e-01,
9.40000e-03,-6.24e-01,
9.40200e-03,-6.16e-01,
9.40400e-03,-6.28e-01,
9.40600e-03,-6.20e-01,
9.40800e-03,-6.44e-01,
9.41000e-03,-6.88e-01,
9.41200e-03,-6.68e-01,
9.41400e-03,-6.72e-01,
9.41600e-03,-6.60e-01,
9.41800e-03,-6.48e-01,
9.42000e-03,-6.32e-01,
9.42200e-03,-6.28e-01,
9.42400e-03,-6.20e-01,
9.42600e-03,-6.08e-01,
9.42800e-03,-6.20e-01,
9.43000e-03,-6.24e-01,
9.43200e-03,-6.28e-01,
9.43400e-03,-6.36e-01,
9.43600e-03,-6.24e-01,
9.43800e-03,-6.16e-01,
9.44000e-03,-6.36e-01,
9.44200e-03,-6.28e-01,
9.44400e-03,-6.16e-01,
9.44600e-03,-6.36e-01,
9.44800e-03,-6.84e-01,
9.45000e-03,-6.72e-01,
9.45200e-03,-6.68e-01,
9.45400e-03,-6.68e-01,
9.45600e-03,-6.48e-01,
9.45800e-03,-6.56e-01,
9.46000e-03,-6.52e-01,
9.46200e-03,-6.44e-01,
9.46400e-03,-6.44e-01,
9.46600e-03,-6.32e-01,
9.46800e-03,-6.24e-01,
9.47000e-03,-6.16e-01,
9.47200e-03,-6.20e-01,
9.47400e-03,-6.20e-01,
9.47600e-03,-6.08e-01,
9.47800e-03,-6.16e-01,
9.48000e-03,-6.20e-01,
9.48200e-03,-6.08e-01,
9.48400e-03,-6.20e-01,
9.48600e-03,-6.44e-01,
9.48800e-03,-6.52e-01,
9.49000e-03,-6.68e-01,
9.49200e-03,-6.92e-01,
9.49400e-03,-6.72e-01,
9.49600e-03,-6.76e-01,
9.49800e-03,-6.72e-01,
9.50000e-03,-6.44e-01,
9.50200e-03,-6.36e-01,
9.50400e-03,-6.20e-01,
9.50600e-03,-6.16e-01,
9.50800e-03,-6.24e-01,
9.51000e-03,-6.40e-01,
9.51200e-03,-6.28e-01,
9.51400e-03,-6.36e-01,
9.51600e-03,-6.32e-01,
9.51800e-03,-6.28e-01,
9.52000e-03,-6.20e-01,
9.52200e-03,-6.40e-01,
9.52400e-03,-6.32e-01,
9.52600e-03,-6.28e-01,
9.52800e-03,-6.48e-01,
9.53000e-03,-7.16e-01,
9.53200e-03,-7.08e-01,
9.53400e-03,-7.08e-01,
9.53600e-03,-7.12e-01,
9.53800e-03,-6.76e-01,
9.54000e-03,-6.48e-01,
9.54200e-03,-6.48e-01,
9.54400e-03,-6.32e-01,
9.54600e-03,-6.32e-01,
9.54800e-03,-6.20e-01,
9.55000e-03,-6.32e-01,
9.55200e-03,-6.32e-01,
9.55400e-03,-6.32e-01,
9.55600e-03,-6.32e-01,
9.55800e-03,-6.20e-01,
9.56000e-03,-6.16e-01,
9.56200e-03,-6.12e-01,
9.56400e-03,-6.24e-01,
9.56600e-03,-6.36e-01,
9.56800e-03,-6.64e-01,
9.57000e-03,-6.72e-01,
9.57200e-03,-6.92e-01,
9.57400e-03,-6.92e-01,
9.57600e-03,-6.84e-01,
9.57800e-03,-6.80e-01,
9.58000e-03,-6.64e-01,
9.58200e-03,-6.60e-01,
9.58400e-03,-6.48e-01,
9.58600e-03,-6.48e-01,
9.58800e-03,-6.44e-01,
9.59000e-03,-6.40e-01,
9.59200e-03,-6.36e-01,
9.59400e-03,-6.48e-01,
9.59600e-03,-6.36e-01,
9.59800e-03,-6.32e-01,
9.60000e-03,-6.36e-01,
9.60200e-03,-6.28e-01,
9.60400e-03,-6.36e-01,
9.60600e-03,-6.32e-01,
9.60800e-03,-6.36e-01,
9.61000e-03,-6.32e-01,
9.61200e-03,-6.36e-01,
9.61400e-03,-6.28e-01,
9.61600e-03,-6.28e-01,
9.61800e-03,-6.08e-01,
9.62000e-03,-6.00e-01,
9.62200e-03,-6.20e-01,
9.62400e-03,-6.16e-01,
9.62600e-03,-6.12e-01,
9.62800e-03,-6.24e-01,
9.63000e-03,-6.32e-01,
9.63200e-03,-6.16e-01,
9.63400e-03,-6.20e-01,
9.63600e-03,-6.20e-01,
9.63800e-03,-6.12e-01,
9.64000e-03,-6.36e-01,
9.64200e-03,-6.28e-01,
9.64400e-03,-6.32e-01,
9.64600e-03,-6.32e-01,
9.64800e-03,-6.28e-01,
9.65000e-03,-6.24e-01,
9.65200e-03,-6.20e-01,
9.65400e-03,-6.20e-01,
9.65600e-03,-6.32e-01,
9.65800e-03,-6.68e-01,
9.66000e-03,-6.52e-01,
9.66200e-03,-6.44e-01,
9.66400e-03,-6.44e-01,
9.66600e-03,-6.56e-01,
9.66800e-03,-6.60e-01,
9.67000e-03,-6.56e-01,
9.67200e-03,-6.44e-01,
9.67400e-03,-6.44e-01,
9.67600e-03,-6.40e-01,
9.67800e-03,-6.44e-01,
9.68000e-03,-6.44e-01,
9.68200e-03,-6.44e-01,
9.68400e-03,-6.48e-01,
9.68600e-03,-6.64e-01,
9.68800e-03,-6.64e-01,
9.69000e-03,-6.52e-01,
9.69200e-03,-6.48e-01,
9.69400e-03,-6.44e-01,
9.69600e-03,-6.52e-01,
9.69800e-03,-6.52e-01,
9.70000e-03,-6.32e-01,
9.70200e-03,-6.24e-01,
9.70400e-03,-6.64e-01,
9.70600e-03,-6.52e-01,
9.70800e-03,-6.60e-01,
9.71000e-03,-6.68e-01,
9.71200e-03,-6.60e-01,
9.71400e-03,-6.56e-01,
9.71600e-03,-6.52e-01,
9.71800e-03,-6.44e-01,
9.72000e-03,-6.48e-01,
9.72200e-03,-6.48e-01,
9.72400e-03,-6.52e-01,
9.72600e-03,-6.64e-01,
9.72800e-03,-6.52e-01,
9.73000e-03,-6.28e-01,
9.73200e-03,-6.52e-01,
9.73400e-03,-6.44e-01,
9.73600e-03,-6.48e-01,
9.73800e-03,-6.52e-01,
9.74000e-03,-6.52e-01,
9.74200e-03,-6.52e-01,
9.74400e-03,-6.52e-01,
9.74600e-03,-6.56e-01,
9.74800e-03,-6.64e-01,
9.75000e-03,-6.36e-01,
9.75200e-03,-6.44e-01,
9.75400e-03,-6.40e-01,
9.75600e-03,-6.40e-01,
9.75800e-03,-6.68e-01,
9.76000e-03,-6.88e-01,
9.76200e-03,-7.00e-01,
9.76400e-03,-7.08e-01,
9.76600e-03,-7.16e-01,
9.76800e-03,-7.04e-01,
9.77000e-03,-7.00e-01,
9.77200e-03,-6.80e-01,
9.77400e-03,-6.68e-01,
9.77600e-03,-6.24e-01,
9.77800e-03,-6.36e-01,
9.78000e-03,-6.36e-01,
9.78200e-03,-6.52e-01,
9.78400e-03,-6.44e-01,
9.78600e-03,-6.24e-01,
9.78800e-03,-6.32e-01,
9.79000e-03,-6.36e-01,
9.79200e-03,-6.36e-01,
9.79400e-03,-6.36e-01,
9.79600e-03,-6.44e-01,
9.79800e-03,-6.44e-01,
9.80000e-03,-6.84e-01,
9.80200e-03,-7.00e-01,
9.80400e-03,-7.04e-01,
9.80600e-03,-7.04e-01,
9.80800e-03,-6.80e-01,
9.81000e-03,-6.76e-01,
9.81200e-03,-6.60e-01,
9.81400e-03,-6.48e-01,
9.81600e-03,-6.52e-01,
9.81800e-03,-6.44e-01,
9.82000e-03,-6.36e-01,
9.82200e-03,-6.12e-01,
9.82400e-03,-6.20e-01,
9.82600e-03,-6.20e-01,
9.82800e-03,-6.28e-01,
9.83000e-03,-6.12e-01,
9.83200e-03,-6.16e-01,
9.83400e-03,-6.16e-01,
9.83600e-03,-6.20e-01,
9.83800e-03,-6.28e-01,
9.84000e-03,-6.80e-01,
9.84200e-03,-6.92e-01,
9.84400e-03,-7.16e-01,
9.84600e-03,-7.24e-01,
9.84800e-03,-6.96e-01,
9.85000e-03,-6.52e-01,
9.85200e-03,-6.56e-01,
9.85400e-03,-6.36e-01,
9.85600e-03,-6.52e-01,
9.85800e-03,-6.48e-01,
9.86000e-03,-6.44e-01,
9.86200e-03,-6.44e-01,
9.86400e-03,-6.36e-01,
9.86600e-03,-6.32e-01,
9.86800e-03,-6.40e-01,
9.87000e-03,-6.24e-01,
9.87200e-03,-6.20e-01,
9.87400e-03,-6.28e-01,
9.87600e-03,-6.20e-01,
9.87800e-03,-6.44e-01,
9.88000e-03,-6.48e-01,
9.88200e-03,-7.08e-01,
9.88400e-03,-7.36e-01,
9.88600e-03,-7.32e-01,
9.88800e-03,-7.16e-01,
9.89000e-03,-6.92e-01,
9.89200e-03,-6.64e-01,
9.89400e-03,-6.28e-01,
9.89600e-03,-6.28e-01,
9.89800e-03,-6.12e-01,
9.90000e-03,-6.20e-01,
9.90200e-03,-6.20e-01,
9.90400e-03,-6.36e-01,
9.90600e-03,-6.24e-01,
9.90800e-03,-6.24e-01,
9.91000e-03,-6.20e-01,
9.91200e-03,-6.20e-01,
9.91400e-03,-6.04e-01,
9.91600e-03,-6.32e-01,
9.91800e-03,-6.36e-01,
9.92000e-03,-6.64e-01,
9.92200e-03,-7.16e-01,
9.92400e-03,-7.16e-01,
9.92600e-03,-7.16e-01,
9.92800e-03,-7.00e-01,
9.93000e-03,-6.72e-01,
9.93200e-03,-6.16e-01,
9.93400e-03,-6.24e-01,
9.93600e-03,-6.20e-01,
9.93800e-03,-6.24e-01,
9.94000e-03,-6.28e-01,
9.94200e-03,-6.24e-01,
9.94400e-03,-6.28e-01,
9.94600e-03,-6.32e-01,
9.94800e-03,-6.36e-01,
9.95000e-03,-6.16e-01,
9.95200e-03,-6.28e-01,
9.95400e-03,-6.20e-01,
9.95600e-03,-6.28e-01,
9.95800e-03,-6.68e-01,
9.96000e-03,-7.04e-01,
9.96200e-03,-7.16e-01,
9.96400e-03,-7.04e-01,
9.96600e-03,-6.92e-01,
9.96800e-03,-6.64e-01,
9.97000e-03,-6.40e-01,
9.97200e-03,-6.36e-01,
9.97400e-03,-6.40e-01,
9.97600e-03,-6.40e-01,
9.97800e-03,-6.36e-01,
9.98000e-03,-6.32e-01,
9.98200e-03,-6.20e-01,
9.98400e-03,-6.12e-01,
9.98600e-03,-6.04e-01,
9.98800e-03,-6.32e-01,
9.99000e-03,-6.12e-01,
9.99200e-03,-6.16e-01,
9.99400e-03,-6.20e-01,
9.99600e-03,-6.36e-01,
9.99800e-03,-6.60e-01,
1.00000e-02,-6.84e-01,
1.00020e-02,-6.84e-01,
1.00040e-02,-6.84e-01,
1.00060e-02,-6.36e-01,
1.00080e-02,-6.40e-01,
1.00100e-02,-6.32e-01,
1.00120e-02,-6.24e-01,
1.00140e-02,-6.28e-01,
1.00160e-02,-6.32e-01,
1.00180e-02,-6.32e-01,
1.00200e-02,-6.20e-01,
1.00220e-02,-6.16e-01,
1.00240e-02,-6.12e-01,
1.00260e-02,-6.20e-01,
1.00280e-02,-6.28e-01,
1.00300e-02,-6.20e-01,
1.00320e-02,-6.04e-01,
1.00340e-02,-5.92e-01,
1.00360e-02,-6.00e-01,
1.00380e-02,-6.28e-01,
1.00400e-02,-6.72e-01,
1.00420e-02,-7.00e-01,
1.00440e-02,-6.92e-01,
1.00460e-02,-6.84e-01,
1.00480e-02,-6.80e-01,
1.00500e-02,-6.76e-01,
1.00520e-02,-6.64e-01,
1.00540e-02,-6.64e-01,
1.00560e-02,-6.48e-01,
1.00580e-02,-6.44e-01,
1.00600e-02,-6.12e-01,
1.00620e-02,-6.12e-01,
1.00640e-02,-6.16e-01,
1.00660e-02,-6.36e-01,
1.00680e-02,-6.20e-01,
1.00700e-02,-6.24e-01,
1.00720e-02,-6.20e-01,
1.00740e-02,-6.20e-01,
1.00760e-02,-6.20e-01,
1.00780e-02,-6.40e-01,
1.00800e-02,-6.60e-01,
1.00820e-02,-6.72e-01,
1.00840e-02,-6.68e-01,
1.00860e-02,-6.68e-01,
1.00880e-02,-6.40e-01,
1.00900e-02,-6.36e-01,
1.00920e-02,-6.28e-01,
1.00940e-02,-6.12e-01,
1.00960e-02,-6.12e-01,
1.00980e-02,-6.28e-01,
1.01000e-02,-6.20e-01,
1.01020e-02,-6.20e-01,
1.01040e-02,-6.20e-01,
1.01060e-02,-6.20e-01,
1.01080e-02,-6.24e-01,
1.01100e-02,-6.20e-01,
1.01120e-02,-6.20e-01,
1.01140e-02,-6.28e-01,
1.01160e-02,-6.44e-01,
1.01180e-02,-6.52e-01,
1.01200e-02,-6.68e-01,
1.01220e-02,-6.84e-01,
1.01240e-02,-6.92e-01,
1.01260e-02,-6.80e-01,
1.01280e-02,-6.68e-01,
1.01300e-02,-6.64e-01,
1.01320e-02,-6.44e-01,
1.01340e-02,-6.32e-01,
1.01360e-02,-6.32e-01,
1.01380e-02,-6.28e-01,
1.01400e-02,-6.16e-01,
1.01420e-02,-6.12e-01,
1.01440e-02,-6.28e-01,
1.01460e-02,-6.24e-01,
1.01480e-02,-6.24e-01,
1.01500e-02,-6.20e-01,
1.01520e-02,-6.20e-01,
1.01540e-02,-6.08e-01,
1.01560e-02,-6.20e-01,
1.01580e-02,-6.48e-01,
1.01600e-02,-7.00e-01,
1.01620e-02,-6.88e-01,
1.01640e-02,-6.92e-01,
1.01660e-02,-6.84e-01,
1.01680e-02,-6.72e-01,
1.01700e-02,-6.44e-01,
1.01720e-02,-6.48e-01,
1.01740e-02,-6.40e-01,
1.01760e-02,-6.32e-01,
1.01780e-02,-6.36e-01,
1.01800e-02,-6.28e-01,
1.01820e-02,-6.28e-01,
1.01840e-02,-6.28e-01,
1.01860e-02,-6.20e-01,
1.01880e-02,-6.28e-01,
1.01900e-02,-6.08e-01,
1.01920e-02,-6.16e-01,
1.01940e-02,-6.16e-01,
1.01960e-02,-6.16e-01,
1.01980e-02,-6.48e-01,
1.02000e-02,-6.40e-01,
1.02020e-02,-6.68e-01,
1.02040e-02,-6.84e-01,
1.02060e-02,-6.84e-01,
1.02080e-02,-6.76e-01,
1.02100e-02,-6.68e-01,
1.02120e-02,-6.52e-01,
1.02140e-02,-6.48e-01,
1.02160e-02,-6.36e-01,
1.02180e-02,-6.44e-01,
1.02200e-02,-6.48e-01,
1.02220e-02,-6.44e-01,
1.02240e-02,-6.36e-01,
1.02260e-02,-6.20e-01,
1.02280e-02,-6.12e-01,
1.02300e-02,-6.08e-01,
1.02320e-02,-6.20e-01,
1.02340e-02,-6.04e-01,
1.02360e-02,-6.04e-01,
1.02380e-02,-6.08e-01,
1.02400e-02,-6.16e-01,
1.02420e-02,-6.20e-01,
1.02440e-02,-6.24e-01,
1.02460e-02,-6.28e-01,
1.02480e-02,-6.32e-01,
1.02500e-02,-6.28e-01,
1.02520e-02,-6.40e-01,
1.02540e-02,-6.32e-01,
1.02560e-02,-6.28e-01,
1.02580e-02,-6.32e-01,
1.02600e-02,-6.28e-01,
1.02620e-02,-6.36e-01,
1.02640e-02,-6.32e-01,
1.02660e-02,-6.20e-01,
1.02680e-02,-6.20e-01,
1.02700e-02,-6.28e-01,
1.02720e-02,-6.32e-01,
1.02740e-02,-6.36e-01,
1.02760e-02,-6.44e-01,
1.02780e-02,-6.48e-01,
1.02800e-02,-6.52e-01,
1.02820e-02,-6.52e-01,
1.02840e-02,-6.64e-01,
1.02860e-02,-6.76e-01,
1.02880e-02,-6.52e-01,
1.02900e-02,-6.48e-01,
1.02920e-02,-6.44e-01,
1.02940e-02,-6.36e-01,
1.02960e-02,-6.40e-01,
1.02980e-02,-6.44e-01,
1.03000e-02,-6.40e-01,
1.03020e-02,-6.40e-01,
1.03040e-02,-6.44e-01,
1.03060e-02,-6.60e-01,
1.03080e-02,-6.68e-01,
1.03100e-02,-6.68e-01,
1.03120e-02,-6.60e-01,
1.03140e-02,-6.52e-01,
1.03160e-02,-6.56e-01,
1.03180e-02,-6.48e-01,
1.03200e-02,-6.48e-01,
1.03220e-02,-6.48e-01,
1.03240e-02,-6.40e-01,
1.03260e-02,-6.52e-01,
1.03280e-02,-6.44e-01,
1.03300e-02,-6.36e-01,
1.03320e-02,-6.48e-01,
1.03340e-02,-6.60e-01,
1.03360e-02,-6.40e-01,
1.03380e-02,-6.36e-01,
1.03400e-02,-6.36e-01,
1.03420e-02,-6.48e-01,
1.03440e-02,-6.36e-01,
1.03460e-02,-6.36e-01,
1.03480e-02,-6.24e-01,
1.03500e-02,-6.28e-01,
1.03520e-02,-6.52e-01,
1.03540e-02,-6.40e-01,
1.03560e-02,-6.44e-01,
1.03580e-02,-6.36e-01,
1.03600e-02,-6.32e-01,
1.03620e-02,-6.20e-01,
1.03640e-02,-6.36e-01,
1.03660e-02,-6.60e-01,
1.03680e-02,-6.52e-01,
1.03700e-02,-6.52e-01,
1.03720e-02,-6.52e-01,
1.03740e-02,-6.48e-01,
1.03760e-02,-6.48e-01,
1.03780e-02,-6.48e-01,
1.03800e-02,-6.40e-01,
1.03820e-02,-6.44e-01,
1.03840e-02,-6.40e-01,
1.03860e-02,-6.40e-01,
1.03880e-02,-6.36e-01,
1.03900e-02,-6.28e-01,
1.03920e-02,-6.32e-01,
1.03940e-02,-6.32e-01,
1.03960e-02,-6.36e-01,
1.03980e-02,-6.36e-01,
1.04000e-02,-6.80e-01,
1.04020e-02,-6.96e-01,
1.04040e-02,-7.00e-01,
1.04060e-02,-7.04e-01,
1.04080e-02,-6.96e-01,
1.04100e-02,-6.76e-01,
1.04120e-02,-6.64e-01,
1.04140e-02,-6.60e-01,
1.04160e-02,-6.76e-01,
1.04180e-02,-6.68e-01,
1.04200e-02,-6.68e-01,
1.04220e-02,-6.52e-01,
1.04240e-02,-6.32e-01,
1.04260e-02,-6.36e-01,
1.04280e-02,-6.36e-01,
1.04300e-02,-6.40e-01,
1.04320e-02,-6.48e-01,
1.04340e-02,-6.52e-01,
1.04360e-02,-6.56e-01,
1.04380e-02,-6.52e-01,
1.04400e-02,-6.76e-01,
1.04420e-02,-7.08e-01,
1.04440e-02,-6.96e-01,
1.04460e-02,-6.88e-01,
1.04480e-02,-6.84e-01,
1.04500e-02,-6.68e-01,
1.04520e-02,-6.48e-01,
1.04540e-02,-6.40e-01,
1.04560e-02,-6.44e-01,
1.04580e-02,-6.52e-01,
1.04600e-02,-6.48e-01,
1.04620e-02,-6.48e-01,
1.04640e-02,-6.48e-01,
1.04660e-02,-6.52e-01,
1.04680e-02,-6.56e-01,
1.04700e-02,-6.52e-01,
1.04720e-02,-6.20e-01,
1.04740e-02,-6.24e-01,
1.04760e-02,-6.24e-01,
1.04780e-02,-6.36e-01,
1.04800e-02,-6.84e-01,
1.04820e-02,-7.00e-01,
1.04840e-02,-7.20e-01,
1.04860e-02,-7.16e-01,
1.04880e-02,-7.12e-01,
1.04900e-02,-7.00e-01,
1.04920e-02,-6.76e-01,
1.04940e-02,-6.52e-01,
1.04960e-02,-6.60e-01,
1.04980e-02,-6.48e-01,
1.05000e-02,-6.40e-01,
1.05020e-02,-6.36e-01,
1.05040e-02,-6.28e-01,
1.05060e-02,-6.16e-01,
1.05080e-02,-6.00e-01,
1.05100e-02,-6.08e-01,
1.05120e-02,-6.08e-01,
1.05140e-02,-6.16e-01,
1.05160e-02,-6.20e-01,
1.05180e-02,-6.32e-01,
1.05200e-02,-6.36e-01,
1.05220e-02,-6.84e-01,
1.05240e-02,-7.16e-01,
1.05260e-02,-7.28e-01,
1.05280e-02,-7.16e-01,
1.05300e-02,-6.96e-01,
1.05320e-02,-6.68e-01,
1.05340e-02,-6.40e-01,
1.05360e-02,-6.24e-01,
1.05380e-02,-6.20e-01,
1.05400e-02,-6.04e-01,
1.05420e-02,-6.20e-01,
1.05440e-02,-6.20e-01,
1.05460e-02,-6.08e-01,
1.05480e-02,-6.20e-01,
1.05500e-02,-6.04e-01,
1.05520e-02,-6.04e-01,
1.05540e-02,-6.20e-01,
1.05560e-02,-6.16e-01,
1.05580e-02,-6.08e-01,
1.05600e-02,-6.20e-01,
1.05620e-02,-6.84e-01,
1.05640e-02,-6.96e-01,
1.05660e-02,-7.00e-01,
1.05680e-02,-6.96e-01,
1.05700e-02,-6.80e-01,
1.05720e-02,-6.28e-01,
1.05740e-02,-6.32e-01,
1.05760e-02,-6.28e-01,
1.05780e-02,-6.28e-01,
1.05800e-02,-6.32e-01,
1.05820e-02,-6.44e-01,
1.05840e-02,-6.40e-01,
1.05860e-02,-6.28e-01,
1.05880e-02,-6.24e-01,
1.05900e-02,-6.28e-01,
1.05920e-02,-6.24e-01,
1.05940e-02,-6.24e-01,
1.05960e-02,-6.16e-01,
1.05980e-02,-6.28e-01,
1.06000e-02,-6.84e-01,
1.06020e-02,-6.84e-01,
1.06040e-02,-7.16e-01,
1.06060e-02,-7.04e-01,
1.06080e-02,-6.68e-01,
1.06100e-02,-6.68e-01,
1.06120e-02,-6.60e-01,
1.06140e-02,-6.32e-01,
1.06160e-02,-6.20e-01,
1.06180e-02,-6.36e-01,
1.06200e-02,-6.28e-01,
1.06220e-02,-6.28e-01,
1.06240e-02,-6.32e-01,
1.06260e-02,-6.36e-01,
1.06280e-02,-6.28e-01,
1.06300e-02,-6.24e-01,
1.06320e-02,-6.20e-01,
1.06340e-02,-6.20e-01,
1.06360e-02,-6.20e-01,
1.06380e-02,-6.44e-01,
1.06400e-02,-6.68e-01,
1.06420e-02,-6.76e-01,
1.06440e-02,-6.84e-01,
1.06460e-02,-6.60e-01,
1.06480e-02,-6.60e-01,
1.06500e-02,-6.32e-01,
1.06520e-02,-6.36e-01,
1.06540e-02,-6.36e-01,
1.06560e-02,-6.44e-01,
1.06580e-02,-6.40e-01,
1.06600e-02,-6.36e-01,
1.06620e-02,-6.20e-01,
1.06640e-02,-6.04e-01,
1.06660e-02,-6.04e-01,
1.06680e-02,-6.00e-01,
1.06700e-02,-6.12e-01,
1.06720e-02,-6.16e-01,
1.06740e-02,-6.16e-01,
1.06760e-02,-6.16e-01,
1.06780e-02,-6.28e-01,
1.06800e-02,-6.60e-01,
1.06820e-02,-6.92e-01,
1.06840e-02,-6.96e-01,
1.06860e-02,-7.00e-01,
1.06880e-02,-6.76e-01,
1.06900e-02,-6.44e-01,
1.06920e-02,-6.40e-01,
1.06940e-02,-6.40e-01,
1.06960e-02,-6.36e-01,
1.06980e-02,-6.16e-01,
1.07000e-02,-5.92e-01,
1.07020e-02,-6.04e-01,
1.07040e-02,-6.20e-01,
1.07060e-02,-6.20e-01,
1.07080e-02,-6.24e-01,
1.07100e-02,-6.28e-01,
1.07120e-02,-6.16e-01,
1.07140e-02,-6.12e-01,
1.07160e-02,-6.28e-01,
1.07180e-02,-6.48e-01,
1.07200e-02,-6.64e-01,
1.07220e-02,-6.80e-01,
1.07240e-02,-6.84e-01,
1.07260e-02,-6.76e-01,
1.07280e-02,-6.44e-01,
1.07300e-02,-6.44e-01,
1.07320e-02,-6.36e-01,
1.07340e-02,-6.32e-01,
1.07360e-02,-6.28e-01,
1.07380e-02,-6.36e-01,
1.07400e-02,-6.36e-01,
1.07420e-02,-6.36e-01,
1.07440e-02,-6.36e-01,
1.07460e-02,-6.28e-01,
1.07480e-02,-6.32e-01,
1.07500e-02,-6.32e-01,
1.07520e-02,-6.32e-01,
1.07540e-02,-6.36e-01,
1.07560e-02,-6.36e-01,
1.07580e-02,-6.36e-01,
1.07600e-02,-6.48e-01,
1.07620e-02,-6.64e-01,
1.07640e-02,-6.76e-01,
1.07660e-02,-6.80e-01,
1.07680e-02,-6.76e-01,
1.07700e-02,-6.64e-01,
1.07720e-02,-6.36e-01,
1.07740e-02,-6.44e-01,
1.07760e-02,-6.36e-01,
1.07780e-02,-6.20e-01,
1.07800e-02,-6.20e-01,
1.07820e-02,-6.32e-01,
1.07840e-02,-6.32e-01,
1.07860e-02,-6.36e-01,
1.07880e-02,-6.24e-01,
1.07900e-02,-6.28e-01,
1.07920e-02,-6.24e-01,
1.07940e-02,-6.28e-01,
1.07960e-02,-6.28e-01,
1.07980e-02,-6.32e-01,
1.08000e-02,-6.64e-01,
1.08020e-02,-6.92e-01,
1.08040e-02,-7.00e-01,
1.08060e-02,-6.96e-01,
1.08080e-02,-6.80e-01,
1.08100e-02,-6.44e-01,
1.08120e-02,-6.52e-01,
1.08140e-02,-6.56e-01,
1.08160e-02,-6.44e-01,
1.08180e-02,-6.20e-01,
1.08200e-02,-6.40e-01,
1.08220e-02,-6.36e-01,
1.08240e-02,-6.32e-01,
1.08260e-02,-6.32e-01,
1.08280e-02,-6.12e-01,
1.08300e-02,-6.24e-01,
1.08320e-02,-6.28e-01,
1.08340e-02,-6.20e-01,
1.08360e-02,-6.28e-01,
1.08380e-02,-6.24e-01,
1.08400e-02,-6.28e-01,
1.08420e-02,-6.20e-01,
1.08440e-02,-6.32e-01,
1.08460e-02,-6.44e-01,
1.08480e-02,-6.48e-01,
1.08500e-02,-6.48e-01,
1.08520e-02,-6.32e-01,
1.08540e-02,-6.20e-01,
1.08560e-02,-6.32e-01,
1.08580e-02,-6.28e-01,
1.08600e-02,-6.36e-01,
1.08620e-02,-6.36e-01,
1.08640e-02,-6.32e-01,
1.08660e-02,-6.24e-01,
1.08680e-02,-6.24e-01,
1.08700e-02,-6.20e-01,
1.08720e-02,-6.20e-01,
1.08740e-02,-6.36e-01,
1.08760e-02,-6.32e-01,
1.08780e-02,-6.40e-01,
1.08800e-02,-6.44e-01,
1.08820e-02,-6.60e-01,
1.08840e-02,-6.44e-01,
1.08860e-02,-6.44e-01,
1.08880e-02,-6.36e-01,
1.08900e-02,-6.32e-01,
1.08920e-02,-6.32e-01,
1.08940e-02,-6.36e-01,
1.08960e-02,-6.44e-01,
1.08980e-02,-6.40e-01,
1.09000e-02,-6.40e-01,
1.09020e-02,-6.36e-01,
1.09040e-02,-6.40e-01,
1.09060e-02,-6.52e-01,
1.09080e-02,-6.48e-01,
1.09100e-02,-6.52e-01,
1.09120e-02,-6.48e-01,
1.09140e-02,-6.48e-01,
1.09160e-02,-6.60e-01,
1.09180e-02,-6.48e-01,
1.09200e-02,-6.28e-01,
1.09220e-02,-6.32e-01,
1.09240e-02,-6.36e-01,
1.09260e-02,-6.40e-01,
1.09280e-02,-6.36e-01,
1.09300e-02,-6.32e-01,
1.09320e-02,-6.32e-01,
1.09340e-02,-6.44e-01,
1.09360e-02,-6.48e-01,
1.09380e-02,-6.88e-01,
1.09400e-02,-6.84e-01,
1.09420e-02,-6.96e-01,
1.09440e-02,-6.84e-01,
1.09460e-02,-6.80e-01,
1.09480e-02,-6.60e-01,
1.09500e-02,-6.52e-01,
1.09520e-02,-6.44e-01,
1.09540e-02,-6.40e-01,
1.09560e-02,-6.20e-01,
1.09580e-02,-6.36e-01,
1.09600e-02,-6.36e-01,
1.09620e-02,-6.28e-01,
1.09640e-02,-6.32e-01,
1.09660e-02,-6.48e-01,
1.09680e-02,-6.44e-01,
1.09700e-02,-6.40e-01,
1.09720e-02,-6.36e-01,
1.09740e-02,-6.52e-01,
1.09760e-02,-6.36e-01,
1.09780e-02,-6.36e-01,
1.09800e-02,-6.44e-01,
1.09820e-02,-6.48e-01,
1.09840e-02,-6.96e-01,
1.09860e-02,-6.92e-01,
1.09880e-02,-7.24e-01,
1.09900e-02,-7.20e-01,
1.09920e-02,-6.84e-01,
1.09940e-02,-6.88e-01,
1.09960e-02,-6.84e-01,
1.09980e-02,-6.64e-01,
1.10000e-02,-6.40e-01,
1.10020e-02,-6.28e-01,
1.10040e-02,-6.32e-01,
1.10060e-02,-6.28e-01,
1.10080e-02,-6.32e-01,
1.10100e-02,-6.28e-01,
1.10120e-02,-6.20e-01,
1.10140e-02,-6.20e-01,
1.10160e-02,-6.36e-01,
1.10180e-02,-6.44e-01,
1.10200e-02,-6.44e-01,
1.10220e-02,-6.44e-01,
1.10240e-02,-6.40e-01,
1.10260e-02,-6.56e-01,
1.10280e-02,-7.00e-01,
1.10300e-02,-6.84e-01,
1.10320e-02,-7.00e-01,
1.10340e-02,-6.80e-01,
1.10360e-02,-6.64e-01,
1.10380e-02,-6.44e-01,
1.10400e-02,-6.32e-01,
1.10420e-02,-6.20e-01,
1.10440e-02,-6.36e-01,
1.10460e-02,-6.44e-01,
1.10480e-02,-6.24e-01,
1.10500e-02,-6.28e-01,
1.10520e-02,-6.36e-01,
1.10540e-02,-6.36e-01,
1.10560e-02,-6.48e-01,
1.10580e-02,-6.52e-01,
1.10600e-02,-6.56e-01,
1.10620e-02,-6.36e-01,
1.10640e-02,-6.24e-01,
1.10660e-02,-6.84e-01,
1.10680e-02,-6.84e-01,
1.10700e-02,-7.04e-01,
1.10720e-02,-7.16e-01,
1.10740e-02,-7.12e-01,
1.10760e-02,-7.04e-01,
1.10780e-02,-6.84e-01,
1.10800e-02,-6.72e-01,
1.10820e-02,-6.52e-01,
1.10840e-02,-6.64e-01,
1.10860e-02,-6.52e-01,
1.10880e-02,-6.44e-01,
1.10900e-02,-6.48e-01,
1.10920e-02,-6.36e-01,
1.10940e-02,-6.36e-01,
1.10960e-02,-6.32e-01,
1.10980e-02,-6.32e-01,
1.11000e-02,-6.32e-01,
1.11020e-02,-6.28e-01,
1.11040e-02,-6.52e-01,
1.11060e-02,-6.64e-01,
1.11080e-02,-6.92e-01,
1.11100e-02,-7.20e-01,
1.11120e-02,-7.00e-01,
1.11140e-02,-6.92e-01,
1.11160e-02,-6.92e-01,
1.11180e-02,-6.68e-01,
1.11200e-02,-6.36e-01,
1.11220e-02,-6.36e-01,
1.11240e-02,-6.36e-01,
1.11260e-02,-6.24e-01,
1.11280e-02,-6.20e-01,
1.11300e-02,-6.32e-01,
1.11320e-02,-6.32e-01,
1.11340e-02,-6.36e-01,
1.11360e-02,-6.32e-01,
1.11380e-02,-6.20e-01,
1.11400e-02,-5.88e-01,
1.11420e-02,-6.00e-01,
1.11440e-02,-6.12e-01,
1.11460e-02,-6.20e-01,
1.11480e-02,-7.00e-01,
1.11500e-02,-6.88e-01,
1.11520e-02,-7.16e-01,
1.11540e-02,-7.08e-01,
1.11560e-02,-6.92e-01,
1.11580e-02,-6.68e-01,
1.11600e-02,-6.64e-01,
1.11620e-02,-6.44e-01,
1.11640e-02,-6.36e-01,
1.11660e-02,-6.44e-01,
1.11680e-02,-6.36e-01,
1.11700e-02,-6.36e-01,
1.11720e-02,-6.48e-01,
1.11740e-02,-6.28e-01,
1.11760e-02,-6.12e-01,
1.11780e-02,-6.20e-01,
1.11800e-02,-6.08e-01,
1.11820e-02,-6.24e-01,
1.11840e-02,-6.20e-01,
1.11860e-02,-6.20e-01,
1.11880e-02,-6.20e-01,
1.11900e-02,-6.64e-01,
1.11920e-02,-6.96e-01,
1.11940e-02,-6.88e-01,
1.11960e-02,-6.84e-01,
1.11980e-02,-6.64e-01,
1.12000e-02,-6.48e-01,
1.12020e-02,-6.36e-01,
1.12040e-02,-6.20e-01,
1.12060e-02,-6.20e-01,
1.12080e-02,-6.20e-01,
1.12100e-02,-6.32e-01,
1.12120e-02,-6.32e-01,
1.12140e-02,-6.32e-01,
1.12160e-02,-6.24e-01,
1.12180e-02,-6.36e-01,
1.12200e-02,-6.32e-01,
1.12220e-02,-6.32e-01,
1.12240e-02,-6.32e-01,
1.12260e-02,-6.48e-01,
1.12280e-02,-6.40e-01,
1.12300e-02,-6.84e-01,
1.12320e-02,-6.84e-01,
1.12340e-02,-7.00e-01,
1.12360e-02,-6.88e-01,
1.12380e-02,-6.68e-01,
1.12400e-02,-6.60e-01,
1.12420e-02,-6.52e-01,
1.12440e-02,-6.36e-01,
1.12460e-02,-6.36e-01,
1.12480e-02,-6.20e-01,
1.12500e-02,-6.12e-01,
1.12520e-02,-6.16e-01,
1.12540e-02,-6.24e-01,
1.12560e-02,-6.20e-01,
1.12580e-02,-6.32e-01,
1.12600e-02,-6.20e-01,
1.12620e-02,-6.16e-01,
1.12640e-02,-6.20e-01,
1.12660e-02,-6.12e-01,
1.12680e-02,-6.36e-01,
1.12700e-02,-6.36e-01,
1.12720e-02,-6.68e-01,
1.12740e-02,-6.84e-01,
1.12760e-02,-6.88e-01,
1.12780e-02,-6.80e-01,
1.12800e-02,-6.68e-01,
1.12820e-02,-6.60e-01,
1.12840e-02,-6.44e-01,
1.12860e-02,-6.36e-01,
1.12880e-02,-6.40e-01,
1.12900e-02,-6.64e-01,
1.12920e-02,-6.52e-01,
1.12940e-02,-6.44e-01,
1.12960e-02,-6.48e-01,
1.12980e-02,-6.48e-01,
1.13000e-02,-6.44e-01,
1.13020e-02,-6.36e-01,
1.13040e-02,-6.24e-01,
1.13060e-02,-6.24e-01,
1.13080e-02,-6.20e-01,
1.13100e-02,-6.32e-01,
1.13120e-02,-6.92e-01,
1.13140e-02,-6.84e-01,
1.13160e-02,-7.00e-01,
1.13180e-02,-6.96e-01,
1.13200e-02,-6.60e-01,
1.13220e-02,-6.28e-01,
1.13240e-02,-6.36e-01,
1.13260e-02,-6.44e-01,
1.13280e-02,-6.36e-01,
1.13300e-02,-6.44e-01,
1.13320e-02,-6.28e-01,
1.13340e-02,-6.28e-01,
1.13360e-02,-6.04e-01,
1.13380e-02,-6.08e-01,
1.13400e-02,-6.12e-01,
1.13420e-02,-6.12e-01,
1.13440e-02,-6.12e-01,
1.13460e-02,-6.28e-01,
1.13480e-02,-6.20e-01,
1.13500e-02,-6.40e-01,
1.13520e-02,-6.40e-01,
1.13540e-02,-6.92e-01,
1.13560e-02,-6.92e-01,
1.13580e-02,-6.84e-01,
1.13600e-02,-6.68e-01,
1.13620e-02,-6.40e-01,
1.13640e-02,-6.48e-01,
1.13660e-02,-6.56e-01,
1.13680e-02,-6.44e-01,
1.13700e-02,-6.44e-01,
1.13720e-02,-6.28e-01,
1.13740e-02,-6.28e-01,
1.13760e-02,-6.40e-01,
1.13780e-02,-6.44e-01,
1.13800e-02,-6.40e-01,
1.13820e-02,-6.28e-01,
1.13840e-02,-6.32e-01,
1.13860e-02,-6.04e-01,
1.13880e-02,-6.28e-01,
1.13900e-02,-6.24e-01,
1.13920e-02,-6.48e-01,
1.13940e-02,-7.00e-01,
1.13960e-02,-6.84e-01,
1.13980e-02,-6.88e-01,
1.14000e-02,-6.84e-01,
1.14020e-02,-6.72e-01,
1.14040e-02,-6.60e-01,
1.14060e-02,-6.52e-01,
1.14080e-02,-6.44e-01,
1.14100e-02,-6.28e-01,
1.14120e-02,-6.20e-01,
1.14140e-02,-6.36e-01,
1.14160e-02,-6.28e-01,
1.14180e-02,-6.20e-01,
1.14200e-02,-6.20e-01,
1.14220e-02,-6.12e-01,
1.14240e-02,-6.16e-01,
1.14260e-02,-6.12e-01,
1.14280e-02,-6.24e-01,
1.14300e-02,-6.48e-01,
1.14320e-02,-6.76e-01,
1.14340e-02,-6.80e-01,
1.14360e-02,-6.84e-01,
1.14380e-02,-6.96e-01,
1.14400e-02,-6.72e-01,
1.14420e-02,-6.68e-01,
1.14440e-02,-6.52e-01,
1.14460e-02,-6.52e-01,
1.14480e-02,-6.60e-01,
1.14500e-02,-6.48e-01,
1.14520e-02,-6.52e-01,
1.14540e-02,-6.48e-01,
1.14560e-02,-6.36e-01,
1.14580e-02,-6.24e-01,
1.14600e-02,-6.36e-01,
1.14620e-02,-6.32e-01,
1.14640e-02,-6.16e-01,
1.14660e-02,-6.20e-01,
1.14680e-02,-6.36e-01,
1.14700e-02,-6.32e-01,
1.14720e-02,-6.40e-01,
1.14740e-02,-6.32e-01,
1.14760e-02,-6.16e-01,
1.14780e-02,-6.28e-01,
1.14800e-02,-6.20e-01,
1.14820e-02,-6.20e-01,
1.14840e-02,-6.16e-01,
1.14860e-02,-6.20e-01,
1.14880e-02,-6.20e-01,
1.14900e-02,-6.28e-01,
1.14920e-02,-6.40e-01,
1.14940e-02,-6.44e-01,
1.14960e-02,-6.44e-01,
1.14980e-02,-6.44e-01,
1.15000e-02,-6.52e-01,
1.15020e-02,-6.44e-01,
1.15040e-02,-6.32e-01,
1.15060e-02,-6.44e-01,
1.15080e-02,-6.44e-01,
1.15100e-02,-6.44e-01,
1.15120e-02,-6.36e-01,
1.15140e-02,-6.44e-01,
1.15160e-02,-6.40e-01,
1.15180e-02,-6.44e-01,
1.15200e-02,-6.48e-01,
1.15220e-02,-6.44e-01,
1.15240e-02,-6.48e-01,
1.15260e-02,-6.48e-01,
1.15280e-02,-6.56e-01,
1.15300e-02,-6.44e-01,
1.15320e-02,-6.24e-01,
1.15340e-02,-6.40e-01,
1.15360e-02,-6.44e-01,
1.15380e-02,-6.36e-01,
1.15400e-02,-6.32e-01,
1.15420e-02,-6.48e-01,
1.15440e-02,-6.52e-01,
1.15460e-02,-6.60e-01,
1.15480e-02,-6.60e-01,
1.15500e-02,-6.48e-01,
1.15520e-02,-6.56e-01,
1.15540e-02,-6.64e-01,
1.15560e-02,-6.52e-01,
1.15580e-02,-6.52e-01,
1.15600e-02,-6.44e-01,
1.15620e-02,-6.40e-01,
1.15640e-02,-6.36e-01,
1.15660e-02,-6.36e-01,
1.15680e-02,-6.40e-01,
1.15700e-02,-6.40e-01,
1.15720e-02,-6.36e-01,
1.15740e-02,-6.48e-01,
1.15760e-02,-6.52e-01,
1.15780e-02,-6.20e-01,
1.15800e-02,-6.32e-01,
1.15820e-02,-6.40e-01,
1.15840e-02,-6.28e-01,
1.15860e-02,-6.20e-01,
1.15880e-02,-6.24e-01,
1.15900e-02,-6.24e-01,
1.15920e-02,-6.20e-01,
1.15940e-02,-6.36e-01,
1.15960e-02,-6.60e-01,
1.15980e-02,-6.52e-01,
1.16000e-02,-6.40e-01,
1.16020e-02,-6.40e-01,
1.16040e-02,-6.36e-01,
1.16060e-02,-6.52e-01,
1.16080e-02,-6.48e-01,
1.16100e-02,-6.36e-01,
1.16120e-02,-6.32e-01,
1.16140e-02,-6.24e-01,
1.16160e-02,-6.28e-01,
1.16180e-02,-6.32e-01,
1.16200e-02,-6.40e-01,
1.16220e-02,-6.52e-01,
1.16240e-02,-6.20e-01,
1.16260e-02,-6.28e-01,
1.16280e-02,-6.36e-01,
1.16300e-02,-6.32e-01,
1.16320e-02,-6.68e-01,
1.16340e-02,-6.84e-01,
1.16360e-02,-7.00e-01,
1.16380e-02,-6.92e-01,
1.16400e-02,-7.00e-01,
1.16420e-02,-6.88e-01,
1.16440e-02,-6.84e-01,
1.16460e-02,-6.68e-01,
1.16480e-02,-6.64e-01,
1.16500e-02,-6.68e-01,
1.16520e-02,-6.52e-01,
1.16540e-02,-6.48e-01,
1.16560e-02,-6.44e-01,
1.16580e-02,-6.44e-01,
1.16600e-02,-6.48e-01,
1.16620e-02,-6.44e-01,
1.16640e-02,-6.44e-01,
1.16660e-02,-6.44e-01,
1.16680e-02,-6.40e-01,
1.16700e-02,-6.16e-01,
1.16720e-02,-6.24e-01,
1.16740e-02,-6.40e-01,
1.16760e-02,-6.60e-01,
1.16780e-02,-7.00e-01,
1.16800e-02,-6.84e-01,
1.16820e-02,-6.84e-01,
1.16840e-02,-6.84e-01,
1.16860e-02,-6.84e-01,
1.16880e-02,-6.68e-01,
1.16900e-02,-6.68e-01,
1.16920e-02,-6.44e-01,
1.16940e-02,-6.44e-01,
1.16960e-02,-6.36e-01,
1.16980e-02,-6.36e-01,
1.17000e-02,-6.32e-01,
1.17020e-02,-6.28e-01,
1.17040e-02,-6.20e-01,
1.17060e-02,-6.16e-01,
1.17080e-02,-6.28e-01,
1.17100e-02,-6.32e-01,
1.17120e-02,-6.32e-01,
1.17140e-02,-6.52e-01,
1.17160e-02,-6.84e-01,
1.17180e-02,-6.96e-01,
1.17200e-02,-7.12e-01,
1.17220e-02,-7.40e-01,
1.17240e-02,-7.04e-01,
1.17260e-02,-7.12e-01,
1.17280e-02,-6.88e-01,
1.17300e-02,-6.76e-01,
1.17320e-02,-6.48e-01,
1.17340e-02,-6.36e-01,
1.17360e-02,-6.32e-01,
1.17380e-02,-6.36e-01,
1.17400e-02,-6.40e-01,
1.17420e-02,-6.28e-01,
1.17440e-02,-6.24e-01,
1.17460e-02,-6.16e-01,
1.17480e-02,-6.28e-01,
1.17500e-02,-6.24e-01,
1.17520e-02,-6.20e-01,
1.17540e-02,-6.20e-01,
1.17560e-02,-6.28e-01,
1.17580e-02,-6.60e-01,
1.17600e-02,-7.20e-01,
1.17620e-02,-7.04e-01,
1.17640e-02,-7.00e-01,
1.17660e-02,-6.96e-01,
1.17680e-02,-6.68e-01,
1.17700e-02,-6.04e-01,
1.17720e-02,-6.08e-01,
1.17740e-02,-6.04e-01,
1.17760e-02,-6.16e-01,
1.17780e-02,-6.24e-01,
1.17800e-02,-6.16e-01,
1.17820e-02,-6.20e-01,
1.17840e-02,-6.08e-01,
1.17860e-02,-6.08e-01,
1.17880e-02,-6.00e-01,
1.17900e-02,-6.04e-01,
1.17920e-02,-6.04e-01,
1.17940e-02,-6.00e-01,
1.17960e-02,-6.44e-01,
1.17980e-02,-7.00e-01,
1.18000e-02,-7.08e-01,
1.18020e-02,-7.20e-01,
1.18040e-02,-7.00e-01,
1.18060e-02,-6.20e-01,
1.18080e-02,-6.44e-01,
1.18100e-02,-6.44e-01,
1.18120e-02,-6.36e-01,
1.18140e-02,-6.24e-01,
1.18160e-02,-6.16e-01,
1.18180e-02,-6.20e-01,
1.18200e-02,-6.20e-01,
1.18220e-02,-6.16e-01,
1.18240e-02,-6.00e-01,
1.18260e-02,-6.12e-01,
1.18280e-02,-6.12e-01,
1.18300e-02,-6.08e-01,
1.18320e-02,-6.08e-01,
1.18340e-02,-6.44e-01,
1.18360e-02,-6.52e-01,
1.18380e-02,-6.88e-01,
1.18400e-02,-7.04e-01,
1.18420e-02,-7.00e-01,
1.18440e-02,-6.88e-01,
1.18460e-02,-6.68e-01,
1.18480e-02,-6.52e-01,
1.18500e-02,-6.36e-01,
1.18520e-02,-6.36e-01,
1.18540e-02,-6.20e-01,
1.18560e-02,-6.12e-01,
1.18580e-02,-6.16e-01,
1.18600e-02,-6.16e-01,
1.18620e-02,-6.20e-01,
1.18640e-02,-6.20e-01,
1.18660e-02,-6.28e-01,
1.18680e-02,-6.32e-01,
1.18700e-02,-6.16e-01,
1.18720e-02,-6.12e-01,
1.18740e-02,-6.00e-01,
1.18760e-02,-6.20e-01,
1.18780e-02,-6.40e-01,
1.18800e-02,-6.84e-01,
1.18820e-02,-6.76e-01,
1.18840e-02,-6.76e-01,
1.18860e-02,-6.76e-01,
1.18880e-02,-6.60e-01,
1.18900e-02,-6.52e-01,
1.18920e-02,-6.44e-01,
1.18940e-02,-6.28e-01,
1.18960e-02,-6.08e-01,
1.18980e-02,-5.96e-01,
1.19000e-02,-6.00e-01,
1.19020e-02,-6.04e-01,
1.19040e-02,-6.04e-01,
1.19060e-02,-6.20e-01,
1.19080e-02,-6.04e-01,
1.19100e-02,-6.16e-01,
1.19120e-02,-6.24e-01,
1.19140e-02,-6.12e-01,
1.19160e-02,-5.96e-01,
1.19180e-02,-6.20e-01,
1.19200e-02,-6.32e-01,
1.19220e-02,-6.60e-01,
1.19240e-02,-6.80e-01,
1.19260e-02,-6.60e-01,
1.19280e-02,-6.60e-01,
1.19300e-02,-6.44e-01,
1.19320e-02,-6.40e-01,
1.19340e-02,-6.36e-01,
1.19360e-02,-6.36e-01,
1.19380e-02,-6.32e-01,
1.19400e-02,-6.36e-01,
1.19420e-02,-6.40e-01,
1.19440e-02,-6.24e-01,
1.19460e-02,-6.28e-01,
1.19480e-02,-6.20e-01,
1.19500e-02,-6.20e-01,
1.19520e-02,-6.20e-01,
1.19540e-02,-6.24e-01,
1.19560e-02,-6.24e-01,
1.19580e-02,-6.28e-01,
1.19600e-02,-6.52e-01,
1.19620e-02,-6.88e-01,
1.19640e-02,-6.88e-01,
1.19660e-02,-6.92e-01,
1.19680e-02,-6.68e-01,
1.19700e-02,-6.40e-01,
1.19720e-02,-6.28e-01,
1.19740e-02,-6.20e-01,
1.19760e-02,-6.04e-01,
1.19780e-02,-6.16e-01,
1.19800e-02,-6.12e-01,
1.19820e-02,-6.28e-01,
1.19840e-02,-6.36e-01,
1.19860e-02,-6.32e-01,
1.19880e-02,-6.40e-01,
1.19900e-02,-6.28e-01,
1.19920e-02,-6.32e-01,
1.19940e-02,-6.36e-01,
1.19960e-02,-6.20e-01,
1.19980e-02,-6.40e-01,
1.20000e-02,-6.68e-01,
1.20020e-02,-6.96e-01,
1.20040e-02,-6.84e-01,
1.20060e-02,-6.80e-01,
1.20080e-02,-6.60e-01,
1.20100e-02,-6.60e-01,
1.20120e-02,-6.36e-01,
1.20140e-02,-6.32e-01,
1.20160e-02,-6.32e-01,
1.20180e-02,-6.20e-01,
1.20200e-02,-6.20e-01,
1.20220e-02,-6.28e-01,
1.20240e-02,-6.20e-01,
1.20260e-02,-6.16e-01,
1.20280e-02,-6.16e-01,
1.20300e-02,-6.16e-01,
1.20320e-02,-6.16e-01,
1.20340e-02,-6.20e-01,
1.20360e-02,-6.20e-01,
1.20380e-02,-6.20e-01,
1.20400e-02,-6.44e-01,
1.20420e-02,-6.68e-01,
1.20440e-02,-6.84e-01,
1.20460e-02,-6.84e-01,
1.20480e-02,-6.84e-01,
1.20500e-02,-6.60e-01,
1.20520e-02,-6.40e-01,
1.20540e-02,-6.36e-01,
1.20560e-02,-6.36e-01,
1.20580e-02,-6.48e-01,
1.20600e-02,-6.48e-01,
1.20620e-02,-6.36e-01,
1.20640e-02,-6.44e-01,
1.20660e-02,-6.40e-01,
1.20680e-02,-6.20e-01,
1.20700e-02,-6.20e-01,
1.20720e-02,-6.04e-01,
1.20740e-02,-6.16e-01,
1.20760e-02,-6.16e-01,
1.20780e-02,-6.08e-01,
1.20800e-02,-6.20e-01,
1.20820e-02,-6.12e-01,
1.20840e-02,-6.20e-01,
1.20860e-02,-6.32e-01,
1.20880e-02,-6.36e-01,
1.20900e-02,-6.28e-01,
1.20920e-02,-6.20e-01,
1.20940e-02,-6.12e-01,
1.20960e-02,-6.28e-01,
1.20980e-02,-6.32e-01,
1.21000e-02,-6.36e-01,
1.21020e-02,-6.36e-01,
1.21040e-02,-6.24e-01,
1.21060e-02,-6.20e-01,
1.21080e-02,-6.04e-01,
1.21100e-02,-6.16e-01,
1.21120e-02,-6.20e-01,
1.21140e-02,-6.28e-01,
1.21160e-02,-6.44e-01,
1.21180e-02,-6.60e-01,
1.21200e-02,-6.64e-01,
1.21220e-02,-6.44e-01,
1.21240e-02,-6.44e-01,
1.21260e-02,-6.52e-01,
1.21280e-02,-6.40e-01,
1.21300e-02,-6.44e-01,
1.21320e-02,-6.52e-01,
1.21340e-02,-6.48e-01,
1.21360e-02,-6.40e-01,
1.21380e-02,-6.44e-01,
1.21400e-02,-6.36e-01,
1.21420e-02,-6.44e-01,
1.21440e-02,-6.40e-01,
1.21460e-02,-6.32e-01,
1.21480e-02,-6.32e-01,
1.21500e-02,-6.36e-01,
1.21520e-02,-6.40e-01,
1.21540e-02,-6.48e-01,
1.21560e-02,-6.40e-01,
1.21580e-02,-6.28e-01,
1.21600e-02,-6.36e-01,
1.21620e-02,-6.52e-01,
1.21640e-02,-6.36e-01,
1.21660e-02,-6.36e-01,
1.21680e-02,-6.36e-01,
1.21700e-02,-6.40e-01,
1.21720e-02,-6.40e-01,
1.21740e-02,-6.52e-01,
1.21760e-02,-6.60e-01,
1.21780e-02,-6.52e-01,
1.21800e-02,-6.44e-01,
1.21820e-02,-6.52e-01,
1.21840e-02,-6.48e-01,
1.21860e-02,-6.48e-01,
1.21880e-02,-6.40e-01,
1.21900e-02,-6.36e-01,
1.21920e-02,-6.40e-01,
1.21940e-02,-6.44e-01,
1.21960e-02,-6.32e-01,
1.21980e-02,-6.20e-01,
1.22000e-02,-6.44e-01,
1.22020e-02,-6.28e-01,
1.22040e-02,-6.36e-01,
1.22060e-02,-6.52e-01,
1.22080e-02,-6.60e-01,
1.22100e-02,-6.52e-01,
1.22120e-02,-6.52e-01,
1.22140e-02,-6.44e-01,
1.22160e-02,-6.40e-01,
1.22180e-02,-6.60e-01,
1.22200e-02,-6.48e-01,
1.22220e-02,-6.32e-01,
1.22240e-02,-6.36e-01,
1.22260e-02,-6.44e-01,
1.22280e-02,-6.36e-01,
1.22300e-02,-6.36e-01,
1.22320e-02,-6.40e-01,
1.22340e-02,-6.48e-01,
1.22360e-02,-6.28e-01,
1.22380e-02,-6.44e-01,
1.22400e-02,-6.52e-01,
1.22420e-02,-6.80e-01,
1.22440e-02,-7.20e-01,
1.22460e-02,-6.96e-01,
1.22480e-02,-7.00e-01,
1.22500e-02,-6.96e-01,
1.22520e-02,-6.68e-01,
1.22540e-02,-6.48e-01,
1.22560e-02,-6.40e-01,
1.22580e-02,-6.28e-01,
1.22600e-02,-6.44e-01,
1.22620e-02,-6.36e-01,
1.22640e-02,-6.32e-01,
1.22660e-02,-6.36e-01,
1.22680e-02,-6.68e-01,
1.22700e-02,-6.60e-01,
1.22720e-02,-6.44e-01,
1.22740e-02,-6.36e-01,
1.22760e-02,-6.24e-01,
1.22780e-02,-6.32e-01,
1.22800e-02,-6.20e-01,
1.22820e-02,-6.84e-01,
1.22840e-02,-6.72e-01,
1.22860e-02,-7.04e-01,
1.22880e-02,-7.12e-01,
1.22900e-02,-6.96e-01,
1.22920e-02,-6.76e-01,
1.22940e-02,-6.76e-01,
1.22960e-02,-6.64e-01,
1.22980e-02,-6.52e-01,
1.23000e-02,-6.56e-01,
1.23020e-02,-6.48e-01,
1.23040e-02,-6.44e-01,
1.23060e-02,-6.48e-01,
1.23080e-02,-6.56e-01,
1.23100e-02,-6.60e-01,
1.23120e-02,-6.64e-01,
1.23140e-02,-6.52e-01,
1.23160e-02,-6.44e-01,
1.23180e-02,-6.24e-01,
1.23200e-02,-6.24e-01,
1.23220e-02,-6.20e-01,
1.23240e-02,-6.52e-01,
1.23260e-02,-7.16e-01,
1.23280e-02,-7.44e-01,
1.23300e-02,-7.32e-01,
1.23320e-02,-7.16e-01,
1.23340e-02,-7.00e-01,
1.23360e-02,-6.72e-01,
1.23380e-02,-6.60e-01,
1.23400e-02,-6.44e-01,
1.23420e-02,-6.32e-01,
1.23440e-02,-6.20e-01,
1.23460e-02,-6.28e-01,
1.23480e-02,-6.28e-01,
1.23500e-02,-6.28e-01,
1.23520e-02,-6.32e-01,
1.23540e-02,-6.20e-01,
1.23560e-02,-6.04e-01,
1.23580e-02,-6.04e-01,
1.23600e-02,-6.16e-01,
1.23620e-02,-6.24e-01,
1.23640e-02,-6.96e-01,
1.23660e-02,-6.88e-01,
1.23680e-02,-7.20e-01,
1.23700e-02,-7.32e-01,
1.23720e-02,-7.04e-01,
1.23740e-02,-6.96e-01,
1.23760e-02,-6.76e-01,
1.23780e-02,-6.40e-01,
1.23800e-02,-6.28e-01,
1.23820e-02,-6.24e-01,
1.23840e-02,-6.24e-01,
1.23860e-02,-6.24e-01,
1.23880e-02,-6.28e-01,
1.23900e-02,-6.24e-01,
1.23920e-02,-6.16e-01,
1.23940e-02,-6.16e-01,
1.23960e-02,-6.16e-01,
1.23980e-02,-6.20e-01,
1.24000e-02,-6.24e-01,
1.24020e-02,-6.36e-01,
1.24040e-02,-6.40e-01,
1.24060e-02,-6.80e-01,
1.24080e-02,-7.28e-01,
1.24100e-02,-7.08e-01,
1.24120e-02,-7.16e-01,
1.24140e-02,-6.92e-01,
1.24160e-02,-6.76e-01,
1.24180e-02,-6.52e-01,
1.24200e-02,-6.52e-01,
1.24220e-02,-6.48e-01,
1.24240e-02,-6.60e-01,
1.24260e-02,-6.44e-01,
1.24280e-02,-6.20e-01,
1.24300e-02,-6.24e-01,
1.24320e-02,-6.32e-01,
1.24340e-02,-6.28e-01,
1.24360e-02,-6.36e-01,
1.24380e-02,-6.40e-01,
1.24400e-02,-6.44e-01,
1.24420e-02,-6.36e-01,
1.24440e-02,-6.52e-01,
1.24460e-02,-6.96e-01,
1.24480e-02,-6.84e-01,
1.24500e-02,-7.00e-01,
1.24520e-02,-6.92e-01,
1.24540e-02,-6.60e-01,
1.24560e-02,-6.36e-01,
1.24580e-02,-6.36e-01,
1.24600e-02,-6.40e-01,
1.24620e-02,-6.32e-01,
1.24640e-02,-6.24e-01,
1.24660e-02,-6.20e-01,
1.24680e-02,-6.20e-01,
1.24700e-02,-6.20e-01,
1.24720e-02,-6.20e-01,
1.24740e-02,-6.20e-01,
1.24760e-02,-6.16e-01,
1.24780e-02,-6.12e-01,
1.24800e-02,-6.04e-01,
1.24820e-02,-6.04e-01,
1.24840e-02,-6.36e-01,
1.24860e-02,-6.36e-01,
1.24880e-02,-6.80e-01,
1.24900e-02,-6.96e-01,
1.24920e-02,-6.76e-01,
1.24940e-02,-6.76e-01,
1.24960e-02,-6.68e-01,
1.24980e-02,-6.48e-01,
1.25000e-02,-6.16e-01,
1.25020e-02,-6.00e-01,
1.25040e-02,-6.00e-01,
1.25060e-02,-6.12e-01,
1.25080e-02,-6.08e-01,
1.25100e-02,-6.20e-01,
1.25120e-02,-6.16e-01,
1.25140e-02,-6.12e-01,
1.25160e-02,-6.20e-01,
1.25180e-02,-6.20e-01,
1.25200e-02,-6.12e-01,
1.25220e-02,-6.12e-01,
1.25240e-02,-6.20e-01,
1.25260e-02,-6.36e-01,
1.25280e-02,-6.80e-01,
1.25300e-02,-6.84e-01,
1.25320e-02,-6.88e-01,
1.25340e-02,-6.68e-01,
1.25360e-02,-6.40e-01,
1.25380e-02,-6.28e-01,
1.25400e-02,-6.28e-01,
1.25420e-02,-6.20e-01,
1.25440e-02,-6.16e-01,
1.25460e-02,-6.20e-01,
1.25480e-02,-6.24e-01,
1.25500e-02,-6.28e-01,
1.25520e-02,-6.20e-01,
1.25540e-02,-6.20e-01,
1.25560e-02,-6.24e-01,
1.25580e-02,-6.12e-01,
1.25600e-02,-6.20e-01,
1.25620e-02,-6.32e-01,
1.25640e-02,-6.20e-01,
1.25660e-02,-6.56e-01,
1.25680e-02,-6.52e-01,
1.25700e-02,-6.88e-01,
1.25720e-02,-6.96e-01,
1.25740e-02,-6.68e-01,
1.25760e-02,-6.76e-01,
1.25780e-02,-6.64e-01,
1.25800e-02,-6.48e-01,
1.25820e-02,-6.28e-01,
1.25840e-02,-6.32e-01,
1.25860e-02,-6.32e-01,
1.25880e-02,-6.20e-01,
1.25900e-02,-6.24e-01,
1.25920e-02,-6.36e-01,
1.25940e-02,-6.36e-01,
1.25960e-02,-6.40e-01,
1.25980e-02,-6.44e-01,
1.26000e-02,-6.36e-01,
1.26020e-02,-6.28e-01,
1.26040e-02,-6.28e-01,
1.26060e-02,-6.20e-01,
1.26080e-02,-6.56e-01,
1.26100e-02,-7.12e-01,
1.26120e-02,-6.96e-01,
1.26140e-02,-6.96e-01,
1.26160e-02,-6.84e-01,
1.26180e-02,-6.80e-01,
1.26200e-02,-6.44e-01,
1.26220e-02,-6.44e-01,
1.26240e-02,-6.36e-01,
1.26260e-02,-6.36e-01,
1.26280e-02,-6.32e-01,
1.26300e-02,-6.28e-01,
1.26320e-02,-6.28e-01,
1.26340e-02,-6.32e-01,
1.26360e-02,-6.28e-01,
1.26380e-02,-6.40e-01,
1.26400e-02,-6.32e-01,
1.26420e-02,-6.20e-01,
1.26440e-02,-6.20e-01,
1.26460e-02,-6.32e-01,
1.26480e-02,-6.84e-01,
1.26500e-02,-6.84e-01,
1.26520e-02,-7.00e-01,
1.26540e-02,-7.00e-01,
1.26560e-02,-6.68e-01,
1.26580e-02,-6.60e-01,
1.26600e-02,-6.40e-01,
1.26620e-02,-6.36e-01,
1.26640e-02,-6.32e-01,
1.26660e-02,-6.28e-01,
1.26680e-02,-6.28e-01,
1.26700e-02,-6.24e-01,
1.26720e-02,-6.28e-01,
1.26740e-02,-6.12e-01,
1.26760e-02,-6.12e-01,
1.26780e-02,-6.04e-01,
1.26800e-02,-6.12e-01,
1.26820e-02,-6.16e-01,
1.26840e-02,-6.12e-01,
1.26860e-02,-6.08e-01,
1.26880e-02,-6.04e-01,
1.26900e-02,-6.20e-01,
1.26920e-02,-6.32e-01,
1.26940e-02,-6.32e-01,
1.26960e-02,-6.32e-01,
1.26980e-02,-6.32e-01,
1.27000e-02,-6.32e-01,
1.27020e-02,-6.52e-01,
1.27040e-02,-6.36e-01,
1.27060e-02,-6.28e-01,
1.27080e-02,-6.20e-01,
1.27100e-02,-6.20e-01,
1.27120e-02,-6.28e-01,
1.27140e-02,-6.28e-01,
1.27160e-02,-6.24e-01,
1.27180e-02,-6.28e-01,
1.27200e-02,-6.28e-01,
1.27220e-02,-6.32e-01,
1.27240e-02,-6.32e-01,
1.27260e-02,-6.16e-01,
1.27280e-02,-6.28e-01,
1.27300e-02,-6.52e-01,
1.27320e-02,-6.36e-01,
1.27340e-02,-6.20e-01,
1.27360e-02,-6.36e-01,
1.27380e-02,-6.52e-01,
1.27400e-02,-6.52e-01,
1.27420e-02,-6.52e-01,
1.27440e-02,-6.48e-01,
1.27460e-02,-6.52e-01,
1.27480e-02,-6.32e-01,
1.27500e-02,-6.40e-01,
1.27520e-02,-6.36e-01,
1.27540e-02,-6.40e-01,
1.27560e-02,-6.56e-01,
1.27580e-02,-6.56e-01,
1.27600e-02,-6.56e-01,
1.27620e-02,-6.44e-01,
1.27640e-02,-6.44e-01,
1.27660e-02,-6.44e-01,
1.27680e-02,-6.48e-01,
1.27700e-02,-6.52e-01,
1.27720e-02,-6.52e-01,
1.27740e-02,-6.52e-01,
1.27760e-02,-6.44e-01,
1.27780e-02,-6.44e-01,
1.27800e-02,-6.52e-01,
1.27820e-02,-6.60e-01,
1.27840e-02,-6.68e-01,
1.27860e-02,-6.60e-01,
1.27880e-02,-6.56e-01,
1.27900e-02,-6.44e-01,
1.27920e-02,-6.24e-01,
1.27940e-02,-6.44e-01,
1.27960e-02,-6.36e-01,
1.27980e-02,-6.44e-01,
1.28000e-02,-6.52e-01,
1.28020e-02,-6.76e-01,
1.28040e-02,-6.44e-01,
1.28060e-02,-6.36e-01,
1.28080e-02,-6.24e-01,
1.28100e-02,-6.32e-01,
1.28120e-02,-6.32e-01,
1.28140e-02,-6.36e-01,
1.28160e-02,-6.36e-01,
1.28180e-02,-6.32e-01,
1.28200e-02,-6.32e-01,
1.28220e-02,-6.52e-01,
1.28240e-02,-6.48e-01,
1.28260e-02,-6.44e-01,
1.28280e-02,-6.52e-01,
1.28300e-02,-6.72e-01,
1.28320e-02,-6.64e-01,
1.28340e-02,-6.60e-01,
1.28360e-02,-6.68e-01,
1.28380e-02,-6.68e-01,
1.28400e-02,-6.56e-01,
1.28420e-02,-6.52e-01,
1.28440e-02,-6.68e-01,
1.28460e-02,-6.64e-01,
1.28480e-02,-6.56e-01,
1.28500e-02,-6.60e-01,
1.28520e-02,-6.60e-01,
1.28540e-02,-6.64e-01,
1.28560e-02,-6.84e-01,
1.28580e-02,-7.00e-01,
1.28600e-02,-7.16e-01,
1.28620e-02,-7.12e-01,
1.28640e-02,-6.96e-01,
1.28660e-02,-7.00e-01,
1.28680e-02,-6.96e-01,
1.28700e-02,-6.96e-01,
1.28720e-02,-6.84e-01,
1.28740e-02,-6.76e-01,
1.28760e-02,-6.52e-01,
1.28780e-02,-6.60e-01,
1.28800e-02,-6.52e-01,
1.28820e-02,-6.48e-01,
1.28840e-02,-6.28e-01,
1.28860e-02,-6.32e-01,
1.28880e-02,-6.28e-01,
1.28900e-02,-6.32e-01,
1.28920e-02,-6.32e-01,
1.28940e-02,-6.56e-01,
1.28960e-02,-6.60e-01,
1.28980e-02,-6.76e-01,
1.29000e-02,-7.08e-01,
1.29020e-02,-7.12e-01,
1.29040e-02,-7.04e-01,
1.29060e-02,-7.00e-01,
1.29080e-02,-6.76e-01,
1.29100e-02,-6.68e-01,
1.29120e-02,-6.40e-01,
1.29140e-02,-6.36e-01,
1.29160e-02,-6.32e-01,
1.29180e-02,-6.32e-01,
1.29200e-02,-6.20e-01,
1.29220e-02,-6.04e-01,
1.29240e-02,-6.16e-01,
1.29260e-02,-6.08e-01,
1.29280e-02,-6.20e-01,
1.29300e-02,-6.36e-01,
1.29320e-02,-6.20e-01,
1.29340e-02,-6.28e-01,
1.29360e-02,-6.24e-01,
1.29380e-02,-6.20e-01,
1.29400e-02,-6.96e-01,
1.29420e-02,-6.84e-01,
1.29440e-02,-7.32e-01,
1.29460e-02,-7.32e-01,
1.29480e-02,-7.12e-01,
1.29500e-02,-7.00e-01,
1.29520e-02,-6.84e-01,
1.29540e-02,-6.68e-01,
1.29560e-02,-6.52e-01,
1.29580e-02,-6.36e-01,
1.29600e-02,-6.40e-01,
1.29620e-02,-6.36e-01,
1.29640e-02,-6.44e-01,
1.29660e-02,-6.56e-01,
1.29680e-02,-6.44e-01,
1.29700e-02,-6.40e-01,
1.29720e-02,-6.32e-01,
1.29740e-02,-6.36e-01,
1.29760e-02,-6.36e-01,
1.29780e-02,-6.44e-01,
1.29800e-02,-6.48e-01,
1.29820e-02,-6.76e-01,
1.29840e-02,-7.32e-01,
1.29860e-02,-7.16e-01,
1.29880e-02,-7.20e-01,
1.29900e-02,-7.16e-01,
1.29920e-02,-6.84e-01,
1.29940e-02,-6.52e-01,
1.29960e-02,-6.36e-01,
1.29980e-02,-6.32e-01,
1.30000e-02,-6.28e-01,
1.30020e-02,-6.28e-01,
1.30040e-02,-6.08e-01,
1.30060e-02,-6.16e-01,
1.30080e-02,-6.12e-01,
1.30100e-02,-6.04e-01,
1.30120e-02,-6.04e-01,
1.30140e-02,-6.16e-01,
1.30160e-02,-6.20e-01,
1.30180e-02,-6.16e-01,
1.30200e-02,-6.36e-01,
1.30220e-02,-7.04e-01,
1.30240e-02,-6.84e-01,
1.30260e-02,-7.00e-01,
1.30280e-02,-7.08e-01,
1.30300e-02,-6.60e-01,
1.30320e-02,-6.40e-01,
1.30340e-02,-6.40e-01,
1.30360e-02,-6.40e-01,
1.30380e-02,-6.28e-01,
1.30400e-02,-6.20e-01,
1.30420e-02,-6.08e-01,
1.30440e-02,-6.16e-01,
1.30460e-02,-6.32e-01,
1.30480e-02,-6.36e-01,
1.30500e-02,-6.20e-01,
1.30520e-02,-6.20e-01,
1.30540e-02,-6.20e-01,
1.30560e-02,-6.04e-01,
1.30580e-02,-6.08e-01,
1.30600e-02,-6.32e-01,
1.30620e-02,-6.36e-01,
1.30640e-02,-6.84e-01,
1.30660e-02,-7.16e-01,
1.30680e-02,-6.84e-01,
1.30700e-02,-6.76e-01,
1.30720e-02,-6.60e-01,
1.30740e-02,-6.48e-01,
1.30760e-02,-6.40e-01,
1.30780e-02,-6.04e-01,
1.30800e-02,-6.16e-01,
1.30820e-02,-6.16e-01,
1.30840e-02,-6.12e-01,
1.30860e-02,-6.20e-01,
1.30880e-02,-6.28e-01,
1.30900e-02,-6.24e-01,
1.30920e-02,-6.28e-01,
1.30940e-02,-6.24e-01,
1.30960e-02,-6.28e-01,
1.30980e-02,-6.24e-01,
1.31000e-02,-6.24e-01,
1.31020e-02,-6.36e-01,
1.31040e-02,-6.92e-01,
1.31060e-02,-6.88e-01,
1.31080e-02,-7.00e-01,
1.31100e-02,-7.00e-01,
1.31120e-02,-6.80e-01,
1.31140e-02,-6.68e-01,
1.31160e-02,-6.68e-01,
1.31180e-02,-6.52e-01,
1.31200e-02,-6.44e-01,
1.31220e-02,-6.28e-01,
1.31240e-02,-6.12e-01,
1.31260e-02,-6.20e-01,
1.31280e-02,-6.24e-01,
1.31300e-02,-6.16e-01,
1.31320e-02,-6.16e-01,
1.31340e-02,-6.08e-01,
1.31360e-02,-6.00e-01,
1.31380e-02,-6.12e-01,
1.31400e-02,-6.00e-01,
1.31420e-02,-6.04e-01,
1.31440e-02,-6.08e-01,
1.31460e-02,-6.48e-01,
1.31480e-02,-6.76e-01,
1.31500e-02,-6.80e-01,
1.31520e-02,-6.72e-01,
1.31540e-02,-6.60e-01,
1.31560e-02,-6.56e-01,
1.31580e-02,-6.32e-01,
1.31600e-02,-6.40e-01,
1.31620e-02,-6.36e-01,
1.31640e-02,-6.36e-01,
1.31660e-02,-6.36e-01,
1.31680e-02,-6.36e-01,
1.31700e-02,-6.44e-01,
1.31720e-02,-6.44e-01,
1.31740e-02,-6.36e-01,
1.31760e-02,-6.28e-01,
1.31780e-02,-6.28e-01,
1.31800e-02,-6.28e-01,
1.31820e-02,-6.28e-01,
1.31840e-02,-6.52e-01,
1.31860e-02,-7.08e-01,
1.31880e-02,-6.92e-01,
1.31900e-02,-7.16e-01,
1.31920e-02,-7.00e-01,
1.31940e-02,-6.72e-01,
1.31960e-02,-6.36e-01,
1.31980e-02,-6.40e-01,
1.32000e-02,-6.36e-01,
1.32020e-02,-6.36e-01,
1.32040e-02,-6.32e-01,
1.32060e-02,-6.44e-01,
1.32080e-02,-6.44e-01,
1.32100e-02,-6.40e-01,
1.32120e-02,-6.36e-01,
1.32140e-02,-6.20e-01,
1.32160e-02,-6.12e-01,
1.32180e-02,-6.20e-01,
1.32200e-02,-6.12e-01,
1.32220e-02,-6.04e-01,
1.32240e-02,-6.40e-01,
1.32260e-02,-6.44e-01,
1.32280e-02,-6.84e-01,
1.32300e-02,-6.96e-01,
1.32320e-02,-6.68e-01,
1.32340e-02,-6.48e-01,
1.32360e-02,-6.24e-01,
1.32380e-02,-6.40e-01,
1.32400e-02,-6.48e-01,
1.32420e-02,-6.32e-01,
1.32440e-02,-6.40e-01,
1.32460e-02,-6.44e-01,
1.32480e-02,-6.28e-01,
1.32500e-02,-6.12e-01,
1.32520e-02,-6.28e-01,
1.32540e-02,-6.20e-01,
1.32560e-02,-6.28e-01,
1.32580e-02,-6.32e-01,
1.32600e-02,-5.96e-01,
1.32620e-02,-6.08e-01,
1.32640e-02,-6.04e-01,
1.32660e-02,-6.20e-01,
1.32680e-02,-6.84e-01,
1.32700e-02,-6.76e-01,
1.32720e-02,-6.84e-01,
1.32740e-02,-6.80e-01,
1.32760e-02,-6.64e-01,
1.32780e-02,-6.28e-01,
1.32800e-02,-6.32e-01,
1.32820e-02,-6.28e-01,
1.32840e-02,-6.36e-01,
1.32860e-02,-6.28e-01,
1.32880e-02,-6.40e-01,
1.32900e-02,-6.36e-01,
1.32920e-02,-6.32e-01,
1.32940e-02,-6.40e-01,
1.32960e-02,-6.40e-01,
1.32980e-02,-6.28e-01,
1.33000e-02,-6.20e-01,
1.33020e-02,-6.12e-01,
1.33040e-02,-6.12e-01,
1.33060e-02,-6.20e-01,
1.33080e-02,-6.12e-01,
1.33100e-02,-6.04e-01,
1.33120e-02,-6.04e-01,
1.33140e-02,-6.12e-01,
1.33160e-02,-6.20e-01,
1.33180e-02,-6.20e-01,
1.33200e-02,-6.28e-01,
1.33220e-02,-6.36e-01,
1.33240e-02,-6.20e-01,
1.33260e-02,-6.24e-01,
1.33280e-02,-6.32e-01,
1.33300e-02,-6.40e-01,
1.33320e-02,-6.32e-01,
1.33340e-02,-6.28e-01,
1.33360e-02,-6.28e-01,
1.33380e-02,-6.32e-01,
1.33400e-02,-6.20e-01,
1.33420e-02,-6.20e-01,
1.33440e-02,-6.24e-01,
1.33460e-02,-6.24e-01,
1.33480e-02,-6.32e-01,
1.33500e-02,-6.44e-01,
1.33520e-02,-6.48e-01,
1.33540e-02,-6.48e-01,
1.33560e-02,-6.48e-01,
1.33580e-02,-6.40e-01,
1.33600e-02,-6.36e-01,
1.33620e-02,-6.44e-01,
1.33640e-02,-6.48e-01,
1.33660e-02,-6.48e-01,
1.33680e-02,-6.52e-01,
1.33700e-02,-6.24e-01,
1.33720e-02,-6.36e-01,
1.33740e-02,-6.44e-01,
1.33760e-02,-6.36e-01,
1.33780e-02,-6.36e-01,
1.33800e-02,-6.48e-01,
1.33820e-02,-6.48e-01,
1.33840e-02,-6.40e-01,
1.33860e-02,-6.40e-01,
1.33880e-02,-6.44e-01,
1.33900e-02,-6.48e-01,
1.33920e-02,-6.44e-01,
1.33940e-02,-6.36e-01,
1.33960e-02,-6.36e-01,
1.33980e-02,-6.36e-01,
1.34000e-02,-6.36e-01,
1.34020e-02,-6.28e-01,
1.34040e-02,-6.44e-01,
1.34060e-02,-6.60e-01,
1.34080e-02,-6.60e-01,
1.34100e-02,-6.68e-01,
1.34120e-02,-6.68e-01,
1.34140e-02,-6.44e-01,
1.34160e-02,-6.32e-01,
1.34180e-02,-6.32e-01,
1.34200e-02,-6.36e-01,
1.34220e-02,-6.40e-01,
1.34240e-02,-6.44e-01,
1.34260e-02,-6.44e-01,
1.34280e-02,-6.44e-01,
1.34300e-02,-6.44e-01,
1.34320e-02,-6.56e-01,
1.34340e-02,-6.72e-01,
1.34360e-02,-6.68e-01,
1.34380e-02,-6.44e-01,
1.34400e-02,-6.48e-01,
1.34420e-02,-6.44e-01,
1.34440e-02,-6.48e-01,
1.34460e-02,-6.52e-01,
1.34480e-02,-6.44e-01,
1.34500e-02,-6.36e-01,
1.34520e-02,-6.48e-01,
1.34540e-02,-6.40e-01,
1.34560e-02,-6.40e-01,
1.34580e-02,-6.48e-01,
1.34600e-02,-6.56e-01,
1.34620e-02,-6.40e-01,
1.34640e-02,-6.40e-01,
1.34660e-02,-6.40e-01,
1.34680e-02,-6.36e-01,
1.34700e-02,-6.24e-01,
1.34720e-02,-6.36e-01,
1.34740e-02,-6.52e-01,
1.34760e-02,-6.72e-01,
1.34780e-02,-7.16e-01,
1.34800e-02,-7.12e-01,
1.34820e-02,-7.12e-01,
1.34840e-02,-7.00e-01,
1.34860e-02,-6.80e-01,
1.34880e-02,-6.68e-01,
1.34900e-02,-6.68e-01,
1.34920e-02,-6.68e-01,
1.34940e-02,-6.60e-01,
1.34960e-02,-6.52e-01,
1.34980e-02,-6.36e-01,
1.35000e-02,-6.40e-01,
1.35020e-02,-6.32e-01,
1.35040e-02,-6.40e-01,
1.35060e-02,-6.52e-01,
1.35080e-02,-6.36e-01,
1.35100e-02,-6.36e-01,
1.35120e-02,-6.32e-01,
1.35140e-02,-6.20e-01,
1.35160e-02,-6.60e-01,
1.35180e-02,-6.64e-01,
1.35200e-02,-7.16e-01,
1.35220e-02,-7.28e-01,
1.35240e-02,-7.20e-01,
1.35260e-02,-7.00e-01,
1.35280e-02,-6.80e-01,
1.35300e-02,-6.76e-01,
1.35320e-02,-6.60e-01,
1.35340e-02,-6.32e-01,
1.35360e-02,-6.32e-01,
1.35380e-02,-6.20e-01,
1.35400e-02,-6.32e-01,
1.35420e-02,-6.28e-01,
1.35440e-02,-6.32e-01,
1.35460e-02,-6.32e-01,
1.35480e-02,-6.28e-01,
1.35500e-02,-6.32e-01,
1.35520e-02,-6.32e-01,
1.35540e-02,-6.32e-01,
1.35560e-02,-6.28e-01,
1.35580e-02,-6.32e-01,
1.35600e-02,-6.96e-01,
1.35620e-02,-7.32e-01,
1.35640e-02,-7.44e-01,
1.35660e-02,-7.32e-01,
1.35680e-02,-7.24e-01,
1.35700e-02,-6.84e-01,
1.35720e-02,-6.72e-01,
1.35740e-02,-6.64e-01,
1.35760e-02,-6.52e-01,
1.35780e-02,-6.36e-01,
1.35800e-02,-6.40e-01,
1.35820e-02,-6.36e-01,
1.35840e-02,-6.40e-01,
1.35860e-02,-6.36e-01,
1.35880e-02,-6.24e-01,
1.35900e-02,-6.32e-01,
1.35920e-02,-6.32e-01,
1.35940e-02,-6.24e-01,
1.35960e-02,-6.20e-01,
1.35980e-02,-6.52e-01,
1.36000e-02,-6.64e-01,
1.36020e-02,-7.00e-01,
1.36040e-02,-7.16e-01,
1.36060e-02,-7.32e-01,
1.36080e-02,-7.04e-01,
1.36100e-02,-6.92e-01,
1.36120e-02,-6.64e-01,
1.36140e-02,-6.44e-01,
1.36160e-02,-6.32e-01,
1.36180e-02,-6.08e-01,
1.36200e-02,-6.04e-01,
1.36220e-02,-6.12e-01,
1.36240e-02,-6.12e-01,
1.36260e-02,-6.04e-01,
1.36280e-02,-6.12e-01,
1.36300e-02,-6.24e-01,
1.36320e-02,-6.16e-01,
1.36340e-02,-6.24e-01,
1.36360e-02,-6.16e-01,
1.36380e-02,-6.20e-01,
1.36400e-02,-6.52e-01,
1.36420e-02,-6.96e-01,
1.36440e-02,-7.00e-01,
1.36460e-02,-7.16e-01,
1.36480e-02,-6.96e-01,
1.36500e-02,-6.68e-01,
1.36520e-02,-6.40e-01,
1.36540e-02,-6.40e-01,
1.36560e-02,-6.44e-01,
1.36580e-02,-6.36e-01,
1.36600e-02,-6.28e-01,
1.36620e-02,-6.24e-01,
1.36640e-02,-6.12e-01,
1.36660e-02,-6.16e-01,
1.36680e-02,-6.24e-01,
1.36700e-02,-6.20e-01,
1.36720e-02,-6.12e-01,
1.36740e-02,-6.08e-01,
1.36760e-02,-6.12e-01,
1.36780e-02,-6.12e-01,
1.36800e-02,-6.36e-01,
1.36820e-02,-6.52e-01,
1.36840e-02,-6.76e-01,
1.36860e-02,-6.80e-01,
1.36880e-02,-6.88e-01,
1.36900e-02,-6.72e-01,
1.36920e-02,-6.68e-01,
1.36940e-02,-6.60e-01,
1.36960e-02,-6.40e-01,
1.36980e-02,-6.12e-01,
1.37000e-02,-6.32e-01,
1.37020e-02,-6.20e-01,
1.37040e-02,-6.28e-01,
1.37060e-02,-6.32e-01,
1.37080e-02,-6.40e-01,
1.37100e-02,-6.40e-01,
1.37120e-02,-6.48e-01,
1.37140e-02,-6.36e-01,
1.37160e-02,-6.00e-01,
1.37180e-02,-6.16e-01,
1.37200e-02,-6.12e-01,
1.37220e-02,-6.28e-01,
1.37240e-02,-6.68e-01,
1.37260e-02,-6.96e-01,
1.37280e-02,-6.92e-01,
1.37300e-02,-6.84e-01,
1.37320e-02,-6.76e-01,
1.37340e-02,-6.40e-01,
1.37360e-02,-6.40e-01,
1.37380e-02,-6.36e-01,
1.37400e-02,-6.24e-01,
1.37420e-02,-6.20e-01,
1.37440e-02,-6.24e-01,
1.37460e-02,-6.32e-01,
1.37480e-02,-6.40e-01,
1.37500e-02,-6.40e-01,
1.37520e-02,-6.40e-01,
1.37540e-02,-6.32e-01,
1.37560e-02,-6.32e-01,
1.37580e-02,-6.32e-01,
1.37600e-02,-6.28e-01,
1.37620e-02,-6.12e-01,
1.37640e-02,-6.60e-01,
1.37660e-02,-6.52e-01,
1.37680e-02,-6.60e-01,
1.37700e-02,-6.84e-01,
1.37720e-02,-6.76e-01,
1.37740e-02,-6.72e-01,
1.37760e-02,-6.56e-01,
1.37780e-02,-6.52e-01,
1.37800e-02,-6.44e-01,
1.37820e-02,-6.32e-01,
1.37840e-02,-6.36e-01,
1.37860e-02,-6.44e-01,
1.37880e-02,-6.52e-01,
1.37900e-02,-6.24e-01,
1.37920e-02,-6.20e-01,
1.37940e-02,-6.12e-01,
1.37960e-02,-6.24e-01,
1.37980e-02,-6.28e-01,
1.38000e-02,-6.20e-01,
1.38020e-02,-6.28e-01,
1.38040e-02,-6.56e-01,
1.38060e-02,-6.80e-01,
1.38080e-02,-6.88e-01,
1.38100e-02,-6.84e-01,
1.38120e-02,-6.76e-01,
1.38140e-02,-6.72e-01,
1.38160e-02,-6.60e-01,
1.38180e-02,-6.60e-01,
1.38200e-02,-6.56e-01,
1.38220e-02,-6.44e-01,
1.38240e-02,-6.32e-01,
1.38260e-02,-6.28e-01,
1.38280e-02,-6.28e-01,
1.38300e-02,-6.28e-01,
1.38320e-02,-6.28e-01,
1.38340e-02,-6.36e-01,
1.38360e-02,-6.12e-01,
1.38380e-02,-6.20e-01,
1.38400e-02,-6.20e-01,
1.38420e-02,-6.24e-01,
1.38440e-02,-6.44e-01,
1.38460e-02,-6.68e-01,
1.38480e-02,-6.76e-01,
1.38500e-02,-6.88e-01,
1.38520e-02,-6.84e-01,
1.38540e-02,-6.64e-01,
1.38560e-02,-6.64e-01,
1.38580e-02,-6.48e-01,
1.38600e-02,-6.36e-01,
1.38620e-02,-6.28e-01,
1.38640e-02,-6.20e-01,
1.38660e-02,-6.20e-01,
1.38680e-02,-6.32e-01,
1.38700e-02,-6.28e-01,
1.38720e-02,-6.24e-01,
1.38740e-02,-6.24e-01,
1.38760e-02,-6.20e-01,
1.38780e-02,-6.16e-01,
1.38800e-02,-6.16e-01,
1.38820e-02,-6.00e-01,
1.38840e-02,-6.16e-01,
1.38860e-02,-6.48e-01,
1.38880e-02,-6.68e-01,
1.38900e-02,-6.96e-01,
1.38920e-02,-6.68e-01,
1.38940e-02,-6.56e-01,
1.38960e-02,-6.52e-01,
1.38980e-02,-6.36e-01,
1.39000e-02,-6.36e-01,
1.39020e-02,-6.32e-01,
1.39040e-02,-6.20e-01,
1.39060e-02,-6.28e-01,
1.39080e-02,-6.04e-01,
1.39100e-02,-6.16e-01,
1.39120e-02,-6.12e-01,
1.39140e-02,-6.36e-01,
1.39160e-02,-6.36e-01,
1.39180e-02,-6.24e-01,
1.39200e-02,-6.32e-01,
1.39220e-02,-6.36e-01,
1.39240e-02,-6.36e-01,
1.39260e-02,-6.40e-01,
1.39280e-02,-6.20e-01,
1.39300e-02,-6.20e-01,
1.39320e-02,-6.24e-01,
1.39340e-02,-6.40e-01,
1.39360e-02,-6.24e-01,
1.39380e-02,-6.40e-01,
1.39400e-02,-6.36e-01,
1.39420e-02,-6.36e-01,
1.39440e-02,-6.32e-01,
1.39460e-02,-6.32e-01,
1.39480e-02,-6.28e-01,
1.39500e-02,-6.28e-01,
1.39520e-02,-6.32e-01,
1.39540e-02,-6.20e-01,
1.39560e-02,-6.32e-01,
1.39580e-02,-6.32e-01,
1.39600e-02,-6.32e-01,
1.39620e-02,-6.32e-01,
1.39640e-02,-6.32e-01,
1.39660e-02,-6.28e-01,
1.39680e-02,-6.24e-01,
1.39700e-02,-6.36e-01,
1.39720e-02,-6.28e-01,
1.39740e-02,-6.32e-01,
1.39760e-02,-6.28e-01,
1.39780e-02,-6.44e-01,
1.39800e-02,-6.44e-01,
1.39820e-02,-6.24e-01,
1.39840e-02,-6.28e-01,
1.39860e-02,-6.28e-01,
1.39880e-02,-6.28e-01,
1.39900e-02,-6.32e-01,
1.39920e-02,-6.44e-01,
1.39940e-02,-6.44e-01,
1.39960e-02,-6.44e-01,
1.39980e-02,-6.40e-01,
1.40000e-02,-6.16e-01,
1.40020e-02,-6.28e-01,
1.40040e-02,-6.24e-01,
1.40060e-02,-6.28e-01,
1.40080e-02,-6.40e-01,
1.40100e-02,-6.32e-01,
1.40120e-02,-6.36e-01,
1.40140e-02,-6.32e-01,
1.40160e-02,-6.36e-01,
1.40180e-02,-6.40e-01,
1.40200e-02,-6.48e-01,
1.40220e-02,-6.48e-01,
1.40240e-02,-6.44e-01,
1.40260e-02,-6.48e-01,
1.40280e-02,-6.44e-01,
1.40300e-02,-6.44e-01,
1.40320e-02,-6.44e-01,
1.40340e-02,-6.40e-01,
1.40360e-02,-6.52e-01,
1.40380e-02,-6.44e-01,
1.40400e-02,-6.48e-01,
1.40420e-02,-6.40e-01,
1.40440e-02,-6.40e-01,
1.40460e-02,-6.36e-01,
1.40480e-02,-6.44e-01,
1.40500e-02,-6.44e-01,
1.40520e-02,-6.44e-01,
1.40540e-02,-6.68e-01,
1.40560e-02,-6.52e-01,
1.40580e-02,-6.64e-01,
1.40600e-02,-6.64e-01,
1.40620e-02,-6.68e-01,
1.40640e-02,-6.64e-01,
1.40660e-02,-6.60e-01,
1.40680e-02,-6.52e-01,
1.40700e-02,-6.48e-01,
1.40720e-02,-6.48e-01,
1.40740e-02,-6.48e-01,
1.40760e-02,-6.48e-01,
1.40780e-02,-6.52e-01,
1.40800e-02,-6.48e-01,
1.40820e-02,-6.24e-01,
1.40840e-02,-6.36e-01,
1.40860e-02,-6.36e-01,
1.40880e-02,-6.28e-01,
1.40900e-02,-6.52e-01,
1.40920e-02,-6.64e-01,
1.40940e-02,-6.68e-01,
1.40960e-02,-6.80e-01,
1.40980e-02,-7.16e-01,
1.41000e-02,-7.16e-01,
1.41020e-02,-7.16e-01,
1.41040e-02,-7.08e-01,
1.41060e-02,-6.88e-01,
1.41080e-02,-6.76e-01,
1.41100e-02,-6.56e-01,
1.41120e-02,-6.64e-01,
1.41140e-02,-6.52e-01,
1.41160e-02,-6.64e-01,
1.41180e-02,-6.48e-01,
1.41200e-02,-6.44e-01,
1.41220e-02,-6.40e-01,
1.41240e-02,-6.32e-01,
1.41260e-02,-6.24e-01,
1.41280e-02,-6.40e-01,
1.41300e-02,-6.32e-01,
1.41320e-02,-6.32e-01,
1.41340e-02,-6.32e-01,
1.41360e-02,-6.36e-01,
1.41380e-02,-7.12e-01,
1.41400e-02,-7.04e-01,
1.41420e-02,-7.36e-01,
1.41440e-02,-7.24e-01,
1.41460e-02,-6.80e-01,
1.41480e-02,-6.80e-01,
1.41500e-02,-6.76e-01,
1.41520e-02,-6.52e-01,
1.41540e-02,-6.40e-01,
1.41560e-02,-6.24e-01,
1.41580e-02,-6.28e-01,
1.41600e-02,-6.32e-01,
1.41620e-02,-6.32e-01,
1.41640e-02,-6.32e-01,
1.41660e-02,-6.32e-01,
1.41680e-02,-6.32e-01,
1.41700e-02,-6.36e-01,
1.41720e-02,-6.28e-01,
1.41740e-02,-6.24e-01,
1.41760e-02,-6.12e-01,
1.41780e-02,-6.12e-01,
1.41800e-02,-6.52e-01,
1.41820e-02,-7.24e-01,
1.41840e-02,-7.12e-01,
1.41860e-02,-7.16e-01,
1.41880e-02,-7.04e-01,
1.41900e-02,-6.80e-01,
1.41920e-02,-6.56e-01,
1.41940e-02,-6.60e-01,
1.41960e-02,-6.48e-01,
1.41980e-02,-6.40e-01,
1.42000e-02,-6.20e-01,
1.42020e-02,-6.20e-01,
1.42040e-02,-6.20e-01,
1.42060e-02,-6.24e-01,
1.42080e-02,-6.32e-01,
1.42100e-02,-6.36e-01,
1.42120e-02,-6.12e-01,
1.42140e-02,-6.12e-01,
1.42160e-02,-6.12e-01,
1.42180e-02,-6.12e-01,
1.42200e-02,-6.20e-01,
1.42220e-02,-6.36e-01,
1.42240e-02,-6.76e-01,
1.42260e-02,-7.08e-01,
1.42280e-02,-7.56e-01,
1.42300e-02,-7.28e-01,
1.42320e-02,-7.20e-01,
1.42340e-02,-6.88e-01,
1.42360e-02,-6.44e-01,
1.42380e-02,-6.32e-01,
1.42400e-02,-6.32e-01,
1.42420e-02,-6.36e-01,
1.42440e-02,-6.24e-01,
1.42460e-02,-6.16e-01,
1.42480e-02,-6.28e-01,
1.42500e-02,-6.16e-01,
1.42520e-02,-6.16e-01,
1.42540e-02,-6.16e-01,
1.42560e-02,-6.20e-01,
1.42580e-02,-6.08e-01,
1.42600e-02,-6.20e-01,
1.42620e-02,-6.16e-01,
1.42640e-02,-6.20e-01,
1.42660e-02,-6.72e-01,
1.42680e-02,-6.68e-01,
1.42700e-02,-6.96e-01,
1.42720e-02,-7.16e-01,
1.42740e-02,-6.84e-01,
1.42760e-02,-6.72e-01,
1.42780e-02,-6.68e-01,
1.42800e-02,-6.56e-01,
1.42820e-02,-6.40e-01,
1.42840e-02,-6.32e-01,
1.42860e-02,-6.32e-01,
1.42880e-02,-6.20e-01,
1.42900e-02,-6.20e-01,
1.42920e-02,-6.24e-01,
1.42940e-02,-6.04e-01,
1.42960e-02,-6.04e-01,
1.42980e-02,-6.20e-01,
1.43000e-02,-6.16e-01,
1.43020e-02,-6.08e-01,
1.43040e-02,-6.16e-01,
1.43060e-02,-6.20e-01,
1.43080e-02,-6.48e-01,
1.43100e-02,-6.96e-01,
1.43120e-02,-6.84e-01,
1.43140e-02,-7.12e-01,
1.43160e-02,-6.88e-01,
1.43180e-02,-6.68e-01,
1.43200e-02,-6.44e-01,
1.43220e-02,-6.52e-01,
1.43240e-02,-6.48e-01,
1.43260e-02,-6.40e-01,
1.43280e-02,-6.24e-01,
1.43300e-02,-6.36e-01,
1.43320e-02,-6.32e-01,
1.43340e-02,-6.32e-01,
1.43360e-02,-6.20e-01,
1.43380e-02,-5.92e-01,
1.43400e-02,-6.04e-01,
1.43420e-02,-6.04e-01,
1.43440e-02,-6.12e-01,
1.43460e-02,-6.20e-01,
1.43480e-02,-6.64e-01,
1.43500e-02,-6.64e-01,
1.43520e-02,-6.92e-01,
1.43540e-02,-7.00e-01,
1.43560e-02,-6.80e-01,
1.43580e-02,-6.76e-01,
1.43600e-02,-6.68e-01,
1.43620e-02,-6.48e-01,
1.43640e-02,-6.36e-01,
1.43660e-02,-6.20e-01,
1.43680e-02,-6.24e-01,
1.43700e-02,-6.20e-01,
1.43720e-02,-6.24e-01,
1.43740e-02,-6.32e-01,
1.43760e-02,-6.20e-01,
1.43780e-02,-6.16e-01,
1.43800e-02,-6.12e-01,
1.43820e-02,-6.12e-01,
1.43840e-02,-6.04e-01,
1.43860e-02,-6.04e-01,
1.43880e-02,-6.04e-01,
1.43900e-02,-6.28e-01,
1.43920e-02,-6.56e-01,
1.43940e-02,-6.68e-01,
1.43960e-02,-6.68e-01,
1.43980e-02,-6.68e-01,
1.44000e-02,-6.56e-01,
1.44020e-02,-6.20e-01,
1.44040e-02,-6.28e-01,
1.44060e-02,-6.20e-01,
1.44080e-02,-6.20e-01,
1.44100e-02,-6.28e-01,
1.44120e-02,-6.40e-01,
1.44140e-02,-6.36e-01,
1.44160e-02,-6.32e-01,
1.44180e-02,-6.16e-01,
1.44200e-02,-6.00e-01,
1.44220e-02,-6.12e-01,
1.44240e-02,-6.16e-01,
1.44260e-02,-6.28e-01,
1.44280e-02,-6.20e-01,
1.44300e-02,-6.64e-01,
1.44320e-02,-6.56e-01,
1.44340e-02,-6.80e-01,
1.44360e-02,-6.80e-01,
1.44380e-02,-6.68e-01,
1.44400e-02,-6.80e-01,
1.44420e-02,-6.72e-01,
1.44440e-02,-6.52e-01,
1.44460e-02,-6.36e-01,
1.44480e-02,-6.40e-01,
1.44500e-02,-6.36e-01,
1.44520e-02,-6.32e-01,
1.44540e-02,-6.20e-01,
1.44560e-02,-6.20e-01,
1.44580e-02,-6.28e-01,
1.44600e-02,-6.28e-01,
1.44620e-02,-6.20e-01,
1.44640e-02,-6.20e-01,
1.44660e-02,-6.28e-01,
1.44680e-02,-6.36e-01,
1.44700e-02,-6.40e-01,
1.44720e-02,-6.20e-01,
1.44740e-02,-6.44e-01,
1.44760e-02,-7.04e-01,
1.44780e-02,-6.96e-01,
1.44800e-02,-6.84e-01,
1.44820e-02,-6.76e-01,
1.44840e-02,-6.36e-01,
1.44860e-02,-6.44e-01,
1.44880e-02,-6.36e-01,
1.44900e-02,-6.52e-01,
1.44920e-02,-6.48e-01,
1.44940e-02,-6.44e-01,
1.44960e-02,-6.36e-01,
1.44980e-02,-6.24e-01,
1.45000e-02,-6.28e-01,
1.45020e-02,-6.40e-01,
1.45040e-02,-6.20e-01,
1.45060e-02,-6.24e-01,
1.45080e-02,-6.28e-01,
1.45100e-02,-6.20e-01,
1.45120e-02,-6.32e-01,
1.45140e-02,-6.04e-01,
1.45160e-02,-6.00e-01,
1.45180e-02,-6.20e-01,
1.45200e-02,-6.20e-01,
1.45220e-02,-6.24e-01,
1.45240e-02,-6.24e-01,
1.45260e-02,-6.12e-01,
1.45280e-02,-6.28e-01,
1.45300e-02,-6.24e-01,
1.45320e-02,-6.28e-01,
1.45340e-02,-6.32e-01,
1.45360e-02,-6.28e-01,
1.45380e-02,-6.24e-01,
1.45400e-02,-6.40e-01,
1.45420e-02,-6.36e-01,
1.45440e-02,-6.48e-01,
1.45460e-02,-6.52e-01,
1.45480e-02,-6.52e-01,
1.45500e-02,-6.44e-01,
1.45520e-02,-6.36e-01,
1.45540e-02,-6.40e-01,
1.45560e-02,-6.36e-01,
1.45580e-02,-6.32e-01,
1.45600e-02,-6.32e-01,
1.45620e-02,-6.40e-01,
1.45640e-02,-6.36e-01,
1.45660e-02,-6.28e-01,
1.45680e-02,-6.12e-01,
1.45700e-02,-6.20e-01,
1.45720e-02,-6.32e-01,
1.45740e-02,-6.32e-01,
1.45760e-02,-6.24e-01,
1.45780e-02,-6.24e-01,
1.45800e-02,-6.20e-01,
1.45820e-02,-6.20e-01,
1.45840e-02,-6.28e-01,
1.45860e-02,-6.44e-01,
1.45880e-02,-6.36e-01,
1.45900e-02,-6.28e-01,
1.45920e-02,-6.28e-01,
1.45940e-02,-6.20e-01,
1.45960e-02,-6.36e-01,
1.45980e-02,-6.32e-01,
1.46000e-02,-6.32e-01,
1.46020e-02,-6.20e-01,
1.46040e-02,-6.40e-01,
1.46060e-02,-6.28e-01,
1.46080e-02,-6.20e-01,
1.46100e-02,-6.20e-01,
1.46120e-02,-6.20e-01,
1.46140e-02,-6.12e-01,
1.46160e-02,-6.24e-01,
1.46180e-02,-6.36e-01,
1.46200e-02,-6.40e-01,
1.46220e-02,-6.20e-01,
1.46240e-02,-6.32e-01,
1.46260e-02,-6.32e-01,
1.46280e-02,-6.32e-01,
1.46300e-02,-6.36e-01,
1.46320e-02,-6.36e-01,
1.46340e-02,-6.36e-01,
1.46360e-02,-6.36e-01,
1.46380e-02,-6.36e-01,
1.46400e-02,-6.36e-01,
1.46420e-02,-6.44e-01,
1.46440e-02,-6.48e-01,
1.46460e-02,-6.48e-01,
1.46480e-02,-6.36e-01,
1.46500e-02,-6.44e-01,
1.46520e-02,-6.40e-01,
1.46540e-02,-6.56e-01,
1.46560e-02,-6.60e-01,
1.46580e-02,-6.68e-01,
1.46600e-02,-6.64e-01,
1.46620e-02,-6.68e-01,
1.46640e-02,-6.60e-01,
1.46660e-02,-6.48e-01,
1.46680e-02,-6.64e-01,
1.46700e-02,-6.56e-01,
1.46720e-02,-6.52e-01,
1.46740e-02,-6.72e-01,
1.46760e-02,-7.00e-01,
1.46780e-02,-6.96e-01,
1.46800e-02,-7.00e-01,
1.46820e-02,-7.00e-01,
1.46840e-02,-6.80e-01,
1.46860e-02,-6.32e-01,
1.46880e-02,-6.44e-01,
1.46900e-02,-6.52e-01,
1.46920e-02,-6.52e-01,
1.46940e-02,-6.48e-01,
1.46960e-02,-6.44e-01,
1.46980e-02,-6.40e-01,
1.47000e-02,-6.44e-01,
1.47020e-02,-6.44e-01,
1.47040e-02,-6.20e-01,
1.47060e-02,-6.40e-01,
1.47080e-02,-6.52e-01,
1.47100e-02,-6.36e-01,
1.47120e-02,-6.32e-01,
1.47140e-02,-6.84e-01,
1.47160e-02,-6.84e-01,
1.47180e-02,-7.16e-01,
1.47200e-02,-7.16e-01,
1.47220e-02,-6.76e-01,
1.47240e-02,-6.76e-01,
1.47260e-02,-6.76e-01,
1.47280e-02,-6.68e-01,
1.47300e-02,-6.60e-01,
1.47320e-02,-6.40e-01,
1.47340e-02,-6.36e-01,
1.47360e-02,-6.24e-01,
1.47380e-02,-6.20e-01,
1.47400e-02,-6.12e-01,
1.47420e-02,-6.28e-01,
1.47440e-02,-6.24e-01,
1.47460e-02,-6.20e-01,
1.47480e-02,-6.36e-01,
1.47500e-02,-6.20e-01,
1.47520e-02,-6.28e-01,
1.47540e-02,-6.20e-01,
1.47560e-02,-6.32e-01,
1.47580e-02,-7.12e-01,
1.47600e-02,-7.16e-01,
1.47620e-02,-7.40e-01,
1.47640e-02,-7.20e-01,
1.47660e-02,-7.08e-01,
1.47680e-02,-6.72e-01,
1.47700e-02,-6.68e-01,
1.47720e-02,-6.68e-01,
1.47740e-02,-6.48e-01,
1.47760e-02,-6.28e-01,
1.47780e-02,-6.28e-01,
1.47800e-02,-6.24e-01,
1.47820e-02,-6.28e-01,
1.47840e-02,-6.24e-01,
1.47860e-02,-6.08e-01,
1.47880e-02,-6.08e-01,
1.47900e-02,-6.00e-01,
1.47920e-02,-6.04e-01,
1.47940e-02,-6.16e-01,
1.47960e-02,-6.04e-01,
1.47980e-02,-6.20e-01,
1.48000e-02,-6.44e-01,
1.48020e-02,-6.84e-01,
1.48040e-02,-7.32e-01,
1.48060e-02,-7.16e-01,
1.48080e-02,-6.92e-01,
1.48100e-02,-6.84e-01,
1.48120e-02,-6.60e-01,
1.48140e-02,-6.24e-01,
1.48160e-02,-6.20e-01,
1.48180e-02,-6.12e-01,
1.48200e-02,-6.20e-01,
1.48220e-02,-6.20e-01,
1.48240e-02,-6.00e-01,
1.48260e-02,-6.08e-01,
1.48280e-02,-6.04e-01,
1.48300e-02,-6.04e-01,
1.48320e-02,-6.20e-01,
1.48340e-02,-6.04e-01,
1.48360e-02,-5.96e-01,
1.48380e-02,-6.24e-01,
1.48400e-02,-6.20e-01,
1.48420e-02,-6.52e-01,
1.48440e-02,-6.56e-01,
1.48460e-02,-6.92e-01,
1.48480e-02,-7.16e-01,
1.48500e-02,-6.96e-01,
1.48520e-02,-6.84e-01,
1.48540e-02,-6.76e-01,
1.48560e-02,-6.60e-01,
1.48580e-02,-6.36e-01,
1.48600e-02,-6.20e-01,
1.48620e-02,-6.20e-01,
1.48640e-02,-6.28e-01,
1.48660e-02,-6.20e-01,
1.48680e-02,-6.44e-01,
1.48700e-02,-6.48e-01,
1.48720e-02,-6.52e-01,
1.48740e-02,-6.44e-01,
1.48760e-02,-6.36e-01,
1.48780e-02,-6.28e-01,
1.48800e-02,-6.36e-01,
1.48820e-02,-6.40e-01,
1.48840e-02,-6.56e-01,
1.48860e-02,-7.20e-01,
1.48880e-02,-7.12e-01,
1.48900e-02,-7.12e-01,
1.48920e-02,-7.04e-01,
1.48940e-02,-6.80e-01,
1.48960e-02,-6.48e-01,
1.48980e-02,-6.36e-01,
1.49000e-02,-6.28e-01,
1.49020e-02,-6.28e-01,
1.49040e-02,-6.20e-01,
1.49060e-02,-6.28e-01,
1.49080e-02,-6.20e-01,
1.49100e-02,-6.32e-01,
1.49120e-02,-6.28e-01,
1.49140e-02,-6.00e-01,
1.49160e-02,-6.08e-01,
1.49180e-02,-6.00e-01,
1.49200e-02,-6.00e-01,
1.49220e-02,-6.04e-01,
1.49240e-02,-6.40e-01,
1.49260e-02,-6.36e-01,
1.49280e-02,-6.68e-01,
1.49300e-02,-6.84e-01,
1.49320e-02,-6.92e-01,
1.49340e-02,-6.76e-01,
1.49360e-02,-6.72e-01,
1.49380e-02,-6.64e-01,
1.49400e-02,-6.36e-01,
1.49420e-02,-6.36e-01,
1.49440e-02,-6.32e-01,
1.49460e-02,-6.32e-01,
1.49480e-02,-6.24e-01,
1.49500e-02,-6.16e-01,
1.49520e-02,-6.00e-01,
1.49540e-02,-6.00e-01,
1.49560e-02,-6.04e-01,
1.49580e-02,-6.04e-01,
1.49600e-02,-6.12e-01,
1.49620e-02,-6.28e-01,
1.49640e-02,-6.32e-01,
1.49660e-02,-6.36e-01,
1.49680e-02,-6.88e-01,
1.49700e-02,-7.00e-01,
1.49720e-02,-7.00e-01,
1.49740e-02,-6.96e-01,
1.49760e-02,-6.80e-01,
1.49780e-02,-6.44e-01,
1.49800e-02,-6.36e-01,
1.49820e-02,-6.28e-01,
1.49840e-02,-6.24e-01,
1.49860e-02,-6.20e-01,
1.49880e-02,-6.28e-01,
1.49900e-02,-6.28e-01,
1.49920e-02,-6.32e-01,
1.49940e-02,-6.32e-01,
1.49960e-02,-6.36e-01,
1.49980e-02,-6.24e-01,
1.50000e-02,-6.20e-01,
1.50020e-02,-6.12e-01,
1.50040e-02,-6.16e-01,
1.50060e-02,-6.60e-01,
1.50080e-02,-6.60e-01,
1.50100e-02,-6.84e-01,
1.50120e-02,-6.92e-01,
1.50140e-02,-6.84e-01,
1.50160e-02,-6.84e-01,
1.50180e-02,-6.80e-01,
1.50200e-02,-6.64e-01,
1.50220e-02,-6.44e-01,
1.50240e-02,-6.20e-01,
1.50260e-02,-6.24e-01,
1.50280e-02,-6.28e-01,
1.50300e-02,-6.36e-01,
1.50320e-02,-6.20e-01,
1.50340e-02,-6.36e-01,
1.50360e-02,-6.28e-01,
1.50380e-02,-6.44e-01,
1.50400e-02,-6.40e-01,
1.50420e-02,-6.20e-01,
1.50440e-02,-6.32e-01,
1.50460e-02,-6.32e-01,
1.50480e-02,-6.24e-01,
1.50500e-02,-6.68e-01,
1.50520e-02,-6.84e-01,
1.50540e-02,-6.92e-01,
1.50560e-02,-6.84e-01,
1.50580e-02,-6.64e-01,
1.50600e-02,-6.36e-01,
1.50620e-02,-6.44e-01,
1.50640e-02,-6.48e-01,
1.50660e-02,-6.48e-01,
1.50680e-02,-6.40e-01,
1.50700e-02,-6.32e-01,
1.50720e-02,-6.20e-01,
1.50740e-02,-6.12e-01,
1.50760e-02,-6.12e-01,
1.50780e-02,-6.20e-01,
1.50800e-02,-6.36e-01,
1.50820e-02,-6.36e-01,
1.50840e-02,-6.36e-01,
1.50860e-02,-6.36e-01,
1.50880e-02,-6.16e-01,
1.50900e-02,-6.20e-01,
1.50920e-02,-6.08e-01,
1.50940e-02,-6.20e-01,
1.50960e-02,-6.40e-01,
1.50980e-02,-6.36e-01,
1.51000e-02,-6.40e-01,
1.51020e-02,-6.32e-01,
1.51040e-02,-6.24e-01,
1.51060e-02,-6.20e-01,
1.51080e-02,-6.20e-01,
1.51100e-02,-6.24e-01,
1.51120e-02,-6.24e-01,
1.51140e-02,-6.28e-01,
1.51160e-02,-6.28e-01,
1.51180e-02,-6.28e-01,
1.51200e-02,-6.24e-01,
1.51220e-02,-6.32e-01,
1.51240e-02,-6.36e-01,
1.51260e-02,-6.36e-01,
1.51280e-02,-6.36e-01,
1.51300e-02,-6.36e-01,
1.51320e-02,-6.48e-01,
1.51340e-02,-6.48e-01,
1.51360e-02,-6.40e-01,
1.51380e-02,-6.28e-01,
1.51400e-02,-6.36e-01,
1.51420e-02,-6.52e-01,
1.51440e-02,-6.44e-01,
1.51460e-02,-6.44e-01,
1.51480e-02,-6.36e-01,
1.51500e-02,-6.36e-01,
1.51520e-02,-6.28e-01,
1.51540e-02,-6.48e-01,
1.51560e-02,-6.68e-01,
1.51580e-02,-6.56e-01,
1.51600e-02,-6.40e-01,
1.51620e-02,-6.32e-01,
1.51640e-02,-6.36e-01,
1.51660e-02,-6.32e-01,
1.51680e-02,-6.36e-01,
1.51700e-02,-6.56e-01,
1.51720e-02,-6.56e-01,
1.51740e-02,-6.60e-01,
1.51760e-02,-6.64e-01,
1.51780e-02,-6.56e-01,
1.51800e-02,-6.44e-01,
1.51820e-02,-6.44e-01,
1.51840e-02,-6.36e-01,
1.51860e-02,-6.40e-01,
1.51880e-02,-6.32e-01,
1.51900e-02,-6.36e-01,
1.51920e-02,-6.36e-01,
1.51940e-02,-6.24e-01,
1.51960e-02,-6.28e-01,
1.51980e-02,-6.36e-01,
1.52000e-02,-6.36e-01,
1.52020e-02,-6.44e-01,
1.52040e-02,-6.60e-01,
1.52060e-02,-6.52e-01,
1.52080e-02,-6.52e-01,
1.52100e-02,-6.52e-01,
1.52120e-02,-6.40e-01,
1.52140e-02,-6.44e-01,
1.52160e-02,-6.36e-01,
1.52180e-02,-6.44e-01,
1.52200e-02,-6.48e-01,
1.52220e-02,-6.36e-01,
1.52240e-02,-6.20e-01,
1.52260e-02,-6.36e-01,
1.52280e-02,-6.32e-01,
1.52300e-02,-6.52e-01,
1.52320e-02,-6.44e-01,
1.52340e-02,-6.28e-01,
1.52360e-02,-6.28e-01,
1.52380e-02,-6.24e-01,
1.52400e-02,-6.32e-01,
1.52420e-02,-6.52e-01,
1.52440e-02,-6.52e-01,
1.52460e-02,-6.60e-01,
1.52480e-02,-6.64e-01,
1.52500e-02,-6.72e-01,
1.52520e-02,-7.00e-01,
1.52540e-02,-6.88e-01,
1.52560e-02,-7.04e-01,
1.52580e-02,-7.08e-01,
1.52600e-02,-6.88e-01,
1.52620e-02,-6.80e-01,
1.52640e-02,-6.76e-01,
1.52660e-02,-6.52e-01,
1.52680e-02,-6.44e-01,
1.52700e-02,-6.40e-01,
1.52720e-02,-6.60e-01,
1.52740e-02,-6.56e-01,
1.52760e-02,-6.52e-01,
1.52780e-02,-6.44e-01,
1.52800e-02,-6.48e-01,
1.52820e-02,-6.48e-01,
1.52840e-02,-6.52e-01,
1.52860e-02,-6.40e-01,
1.52880e-02,-6.32e-01,
1.52900e-02,-6.32e-01,
1.52920e-02,-6.36e-01,
1.52940e-02,-6.84e-01,
1.52960e-02,-7.16e-01,
1.52980e-02,-7.00e-01,
1.53000e-02,-7.08e-01,
1.53020e-02,-6.92e-01,
1.53040e-02,-6.80e-01,
1.53060e-02,-6.60e-01,
1.53080e-02,-6.52e-01,
1.53100e-02,-6.44e-01,
1.53120e-02,-6.32e-01,
1.53140e-02,-6.40e-01,
1.53160e-02,-6.32e-01,
1.53180e-02,-6.40e-01,
1.53200e-02,-6.44e-01,
1.53220e-02,-6.36e-01,
1.53240e-02,-6.28e-01,
1.53260e-02,-6.12e-01,
1.53280e-02,-6.20e-01,
1.53300e-02,-6.20e-01,
1.53320e-02,-6.24e-01,
1.53340e-02,-6.52e-01,
1.53360e-02,-6.88e-01,
1.53380e-02,-7.00e-01,
1.53400e-02,-7.20e-01,
1.53420e-02,-7.20e-01,
1.53440e-02,-6.76e-01,
1.53460e-02,-6.68e-01,
1.53480e-02,-6.64e-01,
1.53500e-02,-6.60e-01,
1.53520e-02,-6.28e-01,
1.53540e-02,-6.08e-01,
1.53560e-02,-6.12e-01,
1.53580e-02,-6.04e-01,
1.53600e-02,-6.04e-01,
1.53620e-02,-6.20e-01,
1.53640e-02,-6.16e-01,
1.53660e-02,-6.16e-01,
1.53680e-02,-6.12e-01,
1.53700e-02,-6.16e-01,
1.53720e-02,-6.12e-01,
1.53740e-02,-6.20e-01,
1.53760e-02,-6.20e-01,
1.53780e-02,-6.40e-01,
1.53800e-02,-7.04e-01,
1.53820e-02,-6.96e-01,
1.53840e-02,-6.96e-01,
1.53860e-02,-7.00e-01,
1.53880e-02,-6.76e-01,
1.53900e-02,-6.52e-01,
1.53920e-02,-6.44e-01,
1.53940e-02,-6.32e-01,
1.53960e-02,-6.32e-01,
1.53980e-02,-6.40e-01,
1.54000e-02,-6.32e-01,
1.54020e-02,-6.32e-01,
1.54040e-02,-6.12e-01,
1.54060e-02,-6.08e-01,
1.54080e-02,-5.88e-01,
1.54100e-02,-6.00e-01,
1.54120e-02,-6.08e-01,
1.54140e-02,-6.04e-01,
1.54160e-02,-5.96e-01,
1.54180e-02,-6.16e-01,
1.54200e-02,-6.20e-01,
1.54220e-02,-6.68e-01,
1.54240e-02,-7.08e-01,
1.54260e-02,-7.08e-01,
1.54280e-02,-7.16e-01,
1.54300e-02,-6.96e-01,
1.54320e-02,-6.76e-01,
1.54340e-02,-6.64e-01,
1.54360e-02,-6.48e-01,
1.54380e-02,-6.44e-01,
1.54400e-02,-6.36e-01,
1.54420e-02,-6.24e-01,
1.54440e-02,-6.04e-01,
1.54460e-02,-6.08e-01,
1.54480e-02,-6.04e-01,
1.54500e-02,-6.04e-01,
1.54520e-02,-6.16e-01,
1.54540e-02,-6.32e-01,
1.54560e-02,-6.16e-01,
1.54580e-02,-6.04e-01,
1.54600e-02,-6.04e-01,
1.54620e-02,-6.20e-01,
1.54640e-02,-6.52e-01,
1.54660e-02,-6.52e-01,
1.54680e-02,-6.96e-01,
1.54700e-02,-6.84e-01,
1.54720e-02,-6.40e-01,
1.54740e-02,-6.52e-01,
1.54760e-02,-6.48e-01,
1.54780e-02,-6.44e-01,
1.54800e-02,-6.40e-01,
1.54820e-02,-6.52e-01,
1.54840e-02,-6.48e-01,
1.54860e-02,-6.32e-01,
1.54880e-02,-6.20e-01,
1.54900e-02,-6.36e-01,
1.54920e-02,-6.28e-01,
1.54940e-02,-6.28e-01,
1.54960e-02,-6.36e-01,
1.54980e-02,-6.32e-01,
1.55000e-02,-6.36e-01,
1.55020e-02,-6.36e-01,
1.55040e-02,-6.36e-01,
1.55060e-02,-6.64e-01,
1.55080e-02,-7.04e-01,
1.55100e-02,-6.88e-01,
1.55120e-02,-6.84e-01,
1.55140e-02,-6.76e-01,
1.55160e-02,-6.64e-01,
1.55180e-02,-6.24e-01,
1.55200e-02,-6.28e-01,
1.55220e-02,-6.20e-01,
1.55240e-02,-6.24e-01,
1.55260e-02,-6.32e-01,
1.55280e-02,-6.20e-01,
1.55300e-02,-6.20e-01,
1.55320e-02,-6.32e-01,
1.55340e-02,-6.20e-01,
1.55360e-02,-6.00e-01,
1.55380e-02,-5.96e-01,
1.55400e-02,-5.88e-01,
1.55420e-02,-6.04e-01,
1.55440e-02,-6.08e-01,
1.55460e-02,-6.28e-01,
1.55480e-02,-6.32e-01,
1.55500e-02,-6.80e-01,
1.55520e-02,-7.08e-01,
1.55540e-02,-6.92e-01,
1.55560e-02,-6.72e-01,
1.55580e-02,-6.52e-01,
1.55600e-02,-6.44e-01,
1.55620e-02,-6.28e-01,
1.55640e-02,-6.20e-01,
1.55660e-02,-6.24e-01,
1.55680e-02,-6.28e-01,
1.55700e-02,-6.36e-01,
1.55720e-02,-6.28e-01,
1.55740e-02,-6.28e-01,
1.55760e-02,-6.28e-01,
1.55780e-02,-6.28e-01,
1.55800e-02,-6.28e-01,
1.55820e-02,-6.20e-01,
1.55840e-02,-6.16e-01,
1.55860e-02,-6.16e-01,
1.55880e-02,-6.28e-01,
1.55900e-02,-6.60e-01,
1.55920e-02,-6.84e-01,
1.55940e-02,-6.96e-01,
1.55960e-02,-7.00e-01,
1.55980e-02,-7.00e-01,
1.56000e-02,-6.76e-01,
1.56020e-02,-6.68e-01,
1.56040e-02,-6.48e-01,
1.56060e-02,-6.48e-01,
1.56080e-02,-6.52e-01,
1.56100e-02,-6.36e-01,
1.56120e-02,-6.40e-01,
1.56140e-02,-6.36e-01,
1.56160e-02,-6.20e-01,
1.56180e-02,-6.08e-01,
1.56200e-02,-6.20e-01,
1.56220e-02,-6.20e-01,
1.56240e-02,-6.16e-01,
1.56260e-02,-6.28e-01,
1.56280e-02,-6.20e-01,
1.56300e-02,-6.16e-01,
1.56320e-02,-6.08e-01,
1.56340e-02,-6.20e-01,
1.56360e-02,-6.92e-01,
1.56380e-02,-6.88e-01,
1.56400e-02,-6.96e-01,
1.56420e-02,-6.68e-01,
1.56440e-02,-6.48e-01,
1.56460e-02,-6.36e-01,
1.56480e-02,-6.40e-01,
1.56500e-02,-6.48e-01,
1.56520e-02,-6.48e-01,
1.56540e-02,-6.56e-01,
1.56560e-02,-6.64e-01,
1.56580e-02,-6.60e-01,
1.56600e-02,-6.36e-01,
1.56620e-02,-6.40e-01,
1.56640e-02,-6.20e-01,
1.56660e-02,-6.28e-01,
1.56680e-02,-6.24e-01,
1.56700e-02,-6.28e-01,
1.56720e-02,-6.32e-01,
1.56740e-02,-6.40e-01,
1.56760e-02,-6.36e-01,
1.56780e-02,-6.20e-01,
1.56800e-02,-6.20e-01,
1.56820e-02,-6.20e-01,
1.56840e-02,-6.28e-01,
1.56860e-02,-6.20e-01,
1.56880e-02,-6.20e-01,
1.56900e-02,-6.24e-01,
1.56920e-02,-6.20e-01,
1.56940e-02,-6.24e-01,
1.56960e-02,-6.28e-01,
1.56980e-02,-6.32e-01,
1.57000e-02,-6.52e-01,
1.57020e-02,-6.36e-01,
1.57040e-02,-6.36e-01,
1.57060e-02,-6.24e-01,
1.57080e-02,-6.08e-01,
1.57100e-02,-6.20e-01,
1.57120e-02,-6.12e-01,
1.57140e-02,-6.08e-01,
1.57160e-02,-6.20e-01,
1.57180e-02,-6.24e-01,
1.57200e-02,-6.08e-01,
1.57220e-02,-6.12e-01,
1.57240e-02,-6.24e-01,
1.57260e-02,-6.20e-01,
1.57280e-02,-6.36e-01,
1.57300e-02,-6.32e-01,
1.57320e-02,-6.28e-01,
1.57340e-02,-6.20e-01,
1.57360e-02,-6.32e-01,
1.57380e-02,-6.48e-01,
1.57400e-02,-6.52e-01,
1.57420e-02,-6.52e-01,
1.57440e-02,-6.44e-01,
1.57460e-02,-6.36e-01,
1.57480e-02,-6.40e-01,
1.57500e-02,-6.36e-01,
1.57520e-02,-6.28e-01,
1.57540e-02,-6.32e-01,
1.57560e-02,-6.44e-01,
1.57580e-02,-6.40e-01,
1.57600e-02,-6.40e-01,
1.57620e-02,-6.36e-01,
1.57640e-02,-6.36e-01,
1.57660e-02,-6.28e-01,
1.57680e-02,-6.32e-01,
1.57700e-02,-6.36e-01,
1.57720e-02,-6.36e-01,
1.57740e-02,-6.32e-01,
1.57760e-02,-6.32e-01,
1.57780e-02,-6.20e-01,
1.57800e-02,-6.28e-01,
1.57820e-02,-6.28e-01,
1.57840e-02,-6.36e-01,
1.57860e-02,-6.36e-01,
1.57880e-02,-6.36e-01,
1.57900e-02,-6.52e-01,
1.57920e-02,-6.64e-01,
1.57940e-02,-6.60e-01,
1.57960e-02,-6.52e-01,
1.57980e-02,-6.44e-01,
1.58000e-02,-6.44e-01,
1.58020e-02,-6.64e-01,
1.58040e-02,-6.60e-01,
1.58060e-02,-6.52e-01,
1.58080e-02,-6.60e-01,
1.58100e-02,-6.48e-01,
1.58120e-02,-6.52e-01,
1.58140e-02,-6.48e-01,
1.58160e-02,-6.40e-01,
1.58180e-02,-6.40e-01,
1.58200e-02,-6.32e-01,
1.58220e-02,-6.36e-01,
1.58240e-02,-6.36e-01,
1.58260e-02,-6.40e-01,
1.58280e-02,-6.44e-01,
1.58300e-02,-6.52e-01,
1.58320e-02,-6.60e-01,
1.58340e-02,-6.52e-01,
1.58360e-02,-6.68e-01,
1.58380e-02,-6.96e-01,
1.58400e-02,-6.96e-01,
1.58420e-02,-7.04e-01,
1.58440e-02,-7.16e-01,
1.58460e-02,-6.96e-01,
1.58480e-02,-6.64e-01,
1.58500e-02,-6.60e-01,
1.58520e-02,-6.48e-01,
1.58540e-02,-6.52e-01,
1.58560e-02,-6.64e-01,
1.58580e-02,-6.64e-01,
1.58600e-02,-6.52e-01,
1.58620e-02,-6.44e-01,
1.58640e-02,-6.36e-01,
1.58660e-02,-6.36e-01,
1.58680e-02,-6.36e-01,
1.58700e-02,-6.32e-01,
1.58720e-02,-6.24e-01,
1.58740e-02,-6.20e-01,
1.58760e-02,-6.36e-01,
1.58780e-02,-6.32e-01,
1.58800e-02,-6.68e-01,
1.58820e-02,-7.20e-01,
1.58840e-02,-7.28e-01,
1.58860e-02,-7.28e-01,
1.58880e-02,-7.12e-01,
1.58900e-02,-6.88e-01,
1.58920e-02,-6.68e-01,
1.58940e-02,-6.64e-01,
1.58960e-02,-6.56e-01,
1.58980e-02,-6.40e-01,
1.59000e-02,-6.40e-01,
1.59020e-02,-6.32e-01,
1.59040e-02,-6.36e-01,
1.59060e-02,-6.32e-01,
1.59080e-02,-6.36e-01,
1.59100e-02,-6.36e-01,
1.59120e-02,-6.32e-01,
1.59140e-02,-6.28e-01,
1.59160e-02,-6.24e-01,
1.59180e-02,-6.32e-01,
1.59200e-02,-6.68e-01,
1.59220e-02,-6.72e-01,
1.59240e-02,-7.16e-01,
1.59260e-02,-7.32e-01,
1.59280e-02,-7.32e-01,
1.59300e-02,-6.84e-01,
1.59320e-02,-6.68e-01,
1.59340e-02,-6.60e-01,
1.59360e-02,-6.32e-01,
1.59380e-02,-6.28e-01,
1.59400e-02,-6.12e-01,
1.59420e-02,-6.20e-01,
1.59440e-02,-6.20e-01,
1.59460e-02,-6.24e-01,
1.59480e-02,-6.36e-01,
1.59500e-02,-6.28e-01,
1.59520e-02,-6.12e-01,
1.59540e-02,-6.12e-01,
1.59560e-02,-6.00e-01,
1.59580e-02,-6.08e-01,
1.59600e-02,-6.04e-01,
1.59620e-02,-6.12e-01,
1.59640e-02,-6.44e-01,
1.59660e-02,-7.16e-01,
1.59680e-02,-7.04e-01,
1.59700e-02,-7.24e-01,
1.59720e-02,-7.28e-01,
1.59740e-02,-7.00e-01,
1.59760e-02,-6.88e-01,
1.59780e-02,-6.68e-01,
1.59800e-02,-6.32e-01,
1.59820e-02,-6.20e-01,
1.59840e-02,-6.28e-01,
1.59860e-02,-6.28e-01,
1.59880e-02,-6.28e-01,
1.59900e-02,-6.24e-01,
1.59920e-02,-6.28e-01,
1.59940e-02,-6.40e-01,
1.59960e-02,-6.40e-01,
1.59980e-02,-6.40e-01,
1.60000e-02,-6.44e-01,
1.60020e-02,-6.24e-01,
1.60040e-02,-6.32e-01,
1.60060e-02,-6.24e-01,
1.60080e-02,-6.56e-01,
1.60100e-02,-7.16e-01,
1.60120e-02,-7.16e-01,
1.60140e-02,-7.16e-01,
1.60160e-02,-7.00e-01,
1.60180e-02,-6.80e-01,
1.60200e-02,-6.40e-01,
1.60220e-02,-6.56e-01,
1.60240e-02,-6.60e-01,
1.60260e-02,-6.48e-01,
1.60280e-02,-6.28e-01,
1.60300e-02,-6.28e-01,
1.60320e-02,-6.28e-01,
1.60340e-02,-6.28e-01,
1.60360e-02,-6.28e-01,
1.60380e-02,-6.28e-01,
1.60400e-02,-6.20e-01,
1.60420e-02,-6.20e-01,
1.60440e-02,-6.04e-01,
1.60460e-02,-6.04e-01,
1.60480e-02,-6.44e-01,
1.60500e-02,-6.56e-01,
1.60520e-02,-6.92e-01,
1.60540e-02,-6.92e-01,
1.60560e-02,-6.76e-01,
1.60580e-02,-6.52e-01,
1.60600e-02,-6.48e-01,
1.60620e-02,-6.36e-01,
1.60640e-02,-6.32e-01,
1.60660e-02,-6.36e-01,
1.60680e-02,-6.24e-01,
1.60700e-02,-6.20e-01,
1.60720e-02,-6.04e-01,
1.60740e-02,-6.00e-01,
1.60760e-02,-6.08e-01,
1.60780e-02,-6.08e-01,
1.60800e-02,-6.04e-01,
1.60820e-02,-6.08e-01,
1.60840e-02,-6.00e-01,
1.60860e-02,-6.12e-01,
1.60880e-02,-6.20e-01,
1.60900e-02,-6.36e-01,
1.60920e-02,-6.80e-01,
1.60940e-02,-6.76e-01,
1.60960e-02,-6.84e-01,
1.60980e-02,-6.80e-01,
1.61000e-02,-6.80e-01,
1.61020e-02,-6.56e-01,
1.61040e-02,-6.44e-01,
1.61060e-02,-6.36e-01,
1.61080e-02,-6.32e-01,
1.61100e-02,-6.20e-01,
1.61120e-02,-6.36e-01,
1.61140e-02,-6.28e-01,
1.61160e-02,-6.24e-01,
1.61180e-02,-6.20e-01,
1.61200e-02,-6.28e-01,
1.61220e-02,-6.28e-01,
1.61240e-02,-6.28e-01,
1.61260e-02,-6.24e-01,
1.61280e-02,-6.04e-01,
1.61300e-02,-5.84e-01,
1.61320e-02,-6.20e-01,
1.61340e-02,-6.36e-01,
1.61360e-02,-6.64e-01,
1.61380e-02,-6.80e-01,
1.61400e-02,-6.68e-01,
1.61420e-02,-6.68e-01,
1.61440e-02,-6.72e-01,
1.61460e-02,-6.68e-01,
1.61480e-02,-6.36e-01,
1.61500e-02,-6.32e-01,
1.61520e-02,-6.20e-01,
1.61540e-02,-6.08e-01,
1.61560e-02,-6.00e-01,
1.61580e-02,-6.04e-01,
1.61600e-02,-6.04e-01,
1.61620e-02,-6.12e-01,
1.61640e-02,-6.16e-01,
1.61660e-02,-6.12e-01,
1.61680e-02,-6.20e-01,
1.61700e-02,-6.12e-01,
1.61720e-02,-6.16e-01,
1.61740e-02,-6.16e-01,
1.61760e-02,-6.52e-01,
1.61780e-02,-6.60e-01,
1.61800e-02,-6.96e-01,
1.61820e-02,-6.88e-01,
1.61840e-02,-6.84e-01,
1.61860e-02,-6.84e-01,
1.61880e-02,-6.80e-01,
1.61900e-02,-6.60e-01,
1.61920e-02,-6.44e-01,
1.61940e-02,-6.32e-01,
1.61960e-02,-6.36e-01,
1.61980e-02,-6.40e-01,
1.62000e-02,-6.40e-01,
1.62020e-02,-6.52e-01,
1.62040e-02,-6.40e-01,
1.62060e-02,-6.40e-01,
1.62080e-02,-6.28e-01,
1.62100e-02,-6.24e-01,
1.62120e-02,-6.24e-01,
1.62140e-02,-6.28e-01,
1.62160e-02,-6.24e-01,
1.62180e-02,-6.16e-01,
1.62200e-02,-6.48e-01,
1.62220e-02,-7.12e-01,
1.62240e-02,-6.96e-01,
1.62260e-02,-6.96e-01,
1.62280e-02,-7.00e-01,
1.62300e-02,-6.84e-01,
1.62320e-02,-6.60e-01,
1.62340e-02,-6.48e-01,
1.62360e-02,-6.52e-01,
1.62380e-02,-6.64e-01,
1.62400e-02,-6.60e-01,
1.62420e-02,-6.64e-01,
1.62440e-02,-6.60e-01,
1.62460e-02,-6.48e-01,
1.62480e-02,-6.20e-01,
1.62500e-02,-6.40e-01,
1.62520e-02,-6.36e-01,
1.62540e-02,-6.32e-01,
1.62560e-02,-6.36e-01,
1.62580e-02,-6.28e-01,
1.62600e-02,-6.12e-01,
1.62620e-02,-6.08e-01,
1.62640e-02,-6.20e-01,
1.62660e-02,-6.40e-01,
1.62680e-02,-6.36e-01,
1.62700e-02,-6.40e-01,
1.62720e-02,-6.32e-01,
1.62740e-02,-6.24e-01,
1.62760e-02,-6.16e-01,
1.62780e-02,-6.20e-01,
1.62800e-02,-6.20e-01,
1.62820e-02,-6.24e-01,
1.62840e-02,-6.16e-01,
1.62860e-02,-6.24e-01,
1.62880e-02,-6.24e-01,
1.62900e-02,-6.32e-01,
1.62920e-02,-6.40e-01,
1.62940e-02,-6.40e-01,
1.62960e-02,-6.28e-01,
1.62980e-02,-6.20e-01,
1.63000e-02,-6.28e-01,
1.63020e-02,-6.32e-01,
1.63040e-02,-6.32e-01,
1.63060e-02,-6.36e-01,
1.63080e-02,-6.36e-01,
1.63100e-02,-6.36e-01,
1.63120e-02,-6.28e-01,
1.63140e-02,-6.52e-01,
1.63160e-02,-6.52e-01,
1.63180e-02,-6.48e-01,
1.63200e-02,-6.32e-01,
1.63220e-02,-6.28e-01,
1.63240e-02,-6.04e-01,
1.63260e-02,-6.08e-01,
1.63280e-02,-6.28e-01,
1.63300e-02,-6.40e-01,
1.63320e-02,-6.20e-01,
1.63340e-02,-6.28e-01,
1.63360e-02,-6.28e-01,
1.63380e-02,-6.52e-01,
1.63400e-02,-6.60e-01,
1.63420e-02,-6.64e-01,
1.63440e-02,-6.68e-01,
1.63460e-02,-6.68e-01,
1.63480e-02,-6.52e-01,
1.63500e-02,-6.48e-01,
1.63520e-02,-6.48e-01,
1.63540e-02,-6.48e-01,
1.63560e-02,-6.40e-01,
1.63580e-02,-6.40e-01,
1.63600e-02,-6.36e-01,
1.63620e-02,-6.36e-01,
1.63640e-02,-6.52e-01,
1.63660e-02,-6.52e-01,
1.63680e-02,-6.44e-01,
1.63700e-02,-6.36e-01,
1.63720e-02,-6.28e-01,
1.63740e-02,-6.28e-01,
1.63760e-02,-6.36e-01,
1.63780e-02,-6.40e-01,
1.63800e-02,-6.44e-01,
1.63820e-02,-6.52e-01,
1.63840e-02,-6.52e-01,
1.63860e-02,-6.48e-01,
1.63880e-02,-6.60e-01,
1.63900e-02,-6.64e-01,
1.63920e-02,-6.60e-01,
1.63940e-02,-6.44e-01,
1.63960e-02,-6.36e-01,
1.63980e-02,-6.36e-01,
1.64000e-02,-6.28e-01,
1.64020e-02,-6.36e-01,
1.64040e-02,-6.32e-01,
1.64060e-02,-6.32e-01,
1.64080e-02,-6.28e-01,
1.64100e-02,-6.40e-01,
1.64120e-02,-6.52e-01,
1.64140e-02,-6.36e-01,
1.64160e-02,-6.52e-01,
1.64180e-02,-6.60e-01,
1.64200e-02,-6.56e-01,
1.64220e-02,-6.68e-01,
1.64240e-02,-7.00e-01,
1.64260e-02,-7.04e-01,
1.64280e-02,-7.00e-01,
1.64300e-02,-6.84e-01,
1.64320e-02,-6.84e-01,
1.64340e-02,-6.72e-01,
1.64360e-02,-6.68e-01,
1.64380e-02,-6.68e-01,
1.64400e-02,-6.52e-01,
1.64420e-02,-6.56e-01,
1.64440e-02,-6.52e-01,
1.64460e-02,-6.48e-01,
1.64480e-02,-6.60e-01,
1.64500e-02,-6.44e-01,
1.64520e-02,-6.44e-01,
1.64540e-02,-6.36e-01,
1.64560e-02,-6.44e-01,
1.64580e-02,-6.40e-01,
1.64600e-02,-6.24e-01,
1.64620e-02,-6.28e-01,
1.64640e-02,-6.36e-01,
1.64660e-02,-6.76e-01,
1.64680e-02,-7.24e-01,
1.64700e-02,-7.16e-01,
1.64720e-02,-7.04e-01,
1.64740e-02,-7.00e-01,
1.64760e-02,-6.68e-01,
1.64780e-02,-6.40e-01,
1.64800e-02,-6.36e-01,
1.64820e-02,-6.40e-01,
1.64840e-02,-6.36e-01,
1.64860e-02,-6.44e-01,
1.64880e-02,-6.36e-01,
1.64900e-02,-6.40e-01,
1.64920e-02,-6.32e-01,
1.64940e-02,-6.36e-01,
1.64960e-02,-6.36e-01,
1.64980e-02,-6.32e-01,
1.65000e-02,-6.20e-01,
1.65020e-02,-6.28e-01,
1.65040e-02,-6.08e-01,
1.65060e-02,-6.36e-01,
1.65080e-02,-6.32e-01,
1.65100e-02,-6.84e-01,
1.65120e-02,-7.28e-01,
1.65140e-02,-7.00e-01,
1.65160e-02,-7.08e-01,
1.65180e-02,-6.84e-01,
1.65200e-02,-6.72e-01,
1.65220e-02,-6.60e-01,
1.65240e-02,-6.32e-01,
1.65260e-02,-6.36e-01,
1.65280e-02,-6.36e-01,
1.65300e-02,-6.28e-01,
1.65320e-02,-6.20e-01,
1.65340e-02,-6.32e-01,
1.65360e-02,-6.24e-01,
1.65380e-02,-6.28e-01,
1.65400e-02,-6.32e-01,
1.65420e-02,-6.20e-01,
1.65440e-02,-6.28e-01,
1.65460e-02,-6.32e-01,
1.65480e-02,-6.24e-01,
1.65500e-02,-6.60e-01,
1.65520e-02,-6.76e-01,
1.65540e-02,-6.92e-01,
1.65560e-02,-7.12e-01,
1.65580e-02,-7.20e-01,
1.65600e-02,-7.04e-01,
1.65620e-02,-6.84e-01,
1.65640e-02,-6.64e-01,
1.65660e-02,-6.52e-01,
1.65680e-02,-6.40e-01,
1.65700e-02,-6.36e-01,
1.65720e-02,-6.32e-01,
1.65740e-02,-6.24e-01,
1.65760e-02,-6.32e-01,
1.65780e-02,-6.28e-01,
1.65800e-02,-6.08e-01,
1.65820e-02,-6.04e-01,
1.65840e-02,-6.08e-01,
1.65860e-02,-6.12e-01,
1.65880e-02,-6.20e-01,
1.65900e-02,-6.24e-01,
1.65920e-02,-6.28e-01,
1.65940e-02,-6.52e-01,
1.65960e-02,-7.08e-01,
1.65980e-02,-6.96e-01,
1.66000e-02,-6.96e-01,
1.66020e-02,-6.84e-01,
1.66040e-02,-6.68e-01,
1.66060e-02,-6.44e-01,
1.66080e-02,-6.32e-01,
1.66100e-02,-6.12e-01,
1.66120e-02,-6.20e-01,
1.66140e-02,-6.24e-01,
1.66160e-02,-6.08e-01,
1.66180e-02,-6.20e-01,
1.66200e-02,-6.36e-01,
1.66220e-02,-6.24e-01,
1.66240e-02,-6.20e-01,
1.66260e-02,-6.12e-01,
1.66280e-02,-6.04e-01,
1.66300e-02,-6.04e-01,
1.66320e-02,-6.04e-01,
1.66340e-02,-6.52e-01,
1.66360e-02,-6.52e-01,
1.66380e-02,-6.80e-01,
1.66400e-02,-6.96e-01,
1.66420e-02,-6.60e-01,
1.66440e-02,-6.68e-01,
1.66460e-02,-6.64e-01,
1.66480e-02,-6.48e-01,
1.66500e-02,-6.20e-01,
1.66520e-02,-6.28e-01,
1.66540e-02,-6.24e-01,
1.66560e-02,-6.20e-01,
1.66580e-02,-6.20e-01,
1.66600e-02,-6.52e-01,
1.66620e-02,-6.36e-01,
1.66640e-02,-6.36e-01,
1.66660e-02,-6.32e-01,
1.66680e-02,-6.36e-01,
1.66700e-02,-6.20e-01,
1.66720e-02,-6.28e-01,
1.66740e-02,-6.32e-01,
1.66760e-02,-6.52e-01,
1.66780e-02,-7.04e-01,
1.66800e-02,-6.84e-01,
1.66820e-02,-7.04e-01,
1.66840e-02,-6.92e-01,
1.66860e-02,-6.64e-01,
1.66880e-02,-6.32e-01,
1.66900e-02,-6.40e-01,
1.66920e-02,-6.32e-01,
1.66940e-02,-6.40e-01,
1.66960e-02,-6.32e-01,
1.66980e-02,-6.20e-01,
1.67000e-02,-6.20e-01,
1.67020e-02,-6.20e-01,
1.67040e-02,-6.20e-01,
1.67060e-02,-6.20e-01,
1.67080e-02,-6.20e-01,
1.67100e-02,-6.24e-01,
1.67120e-02,-6.24e-01,
1.67140e-02,-6.24e-01,
1.67160e-02,-6.12e-01,
1.67180e-02,-6.20e-01,
1.67200e-02,-6.36e-01,
1.67220e-02,-6.64e-01,
1.67240e-02,-7.12e-01,
1.67260e-02,-7.08e-01,
1.67280e-02,-6.92e-01,
1.67300e-02,-6.84e-01,
1.67320e-02,-6.52e-01,
1.67340e-02,-6.36e-01,
1.67360e-02,-6.36e-01,
1.67380e-02,-6.36e-01,
1.67400e-02,-6.32e-01,
1.67420e-02,-6.20e-01,
1.67440e-02,-6.16e-01,
1.67460e-02,-6.12e-01,
1.67480e-02,-6.32e-01,
1.67500e-02,-6.36e-01,
1.67520e-02,-6.08e-01,
1.67540e-02,-6.32e-01,
1.67560e-02,-6.32e-01,
1.67580e-02,-6.32e-01,
1.67600e-02,-6.32e-01,
1.67620e-02,-6.64e-01,
1.67640e-02,-6.60e-01,
1.67660e-02,-6.60e-01,
1.67680e-02,-6.68e-01,
1.67700e-02,-6.68e-01,
1.67720e-02,-6.68e-01,
1.67740e-02,-6.60e-01,
1.67760e-02,-6.60e-01,
1.67780e-02,-6.68e-01,
1.67800e-02,-6.52e-01,
1.67820e-02,-6.52e-01,
1.67840e-02,-6.44e-01,
1.67860e-02,-6.36e-01,
1.67880e-02,-6.24e-01,
1.67900e-02,-6.32e-01,
1.67920e-02,-6.36e-01,
1.67940e-02,-6.28e-01,
1.67960e-02,-6.20e-01,
1.67980e-02,-6.24e-01,
1.68000e-02,-6.24e-01,
1.68020e-02,-6.32e-01,
1.68040e-02,-6.24e-01,
1.68060e-02,-6.48e-01,
1.68080e-02,-6.76e-01,
1.68100e-02,-6.92e-01,
1.68120e-02,-6.84e-01,
1.68140e-02,-6.80e-01,
1.68160e-02,-6.84e-01,
1.68180e-02,-6.72e-01,
1.68200e-02,-6.60e-01,
1.68220e-02,-6.64e-01,
1.68240e-02,-6.48e-01,
1.68260e-02,-6.44e-01,
1.68280e-02,-6.40e-01,
1.68300e-02,-6.32e-01,
1.68320e-02,-6.24e-01,
1.68340e-02,-6.20e-01,
1.68360e-02,-6.28e-01,
1.68380e-02,-6.20e-01,
1.68400e-02,-6.20e-01,
1.68420e-02,-6.20e-01,
1.68440e-02,-6.40e-01,
1.68460e-02,-6.36e-01,
1.68480e-02,-6.32e-01,
1.68500e-02,-6.28e-01,
1.68520e-02,-5.96e-01,
1.68540e-02,-6.04e-01,
1.68560e-02,-6.04e-01,
1.68580e-02,-6.16e-01,
1.68600e-02,-6.20e-01,
1.68620e-02,-6.24e-01,
1.68640e-02,-6.20e-01,
1.68660e-02,-6.20e-01,
1.68680e-02,-6.20e-01,
1.68700e-02,-6.20e-01,
1.68720e-02,-6.20e-01,
1.68740e-02,-6.20e-01,
1.68760e-02,-6.24e-01,
1.68780e-02,-6.32e-01,
1.68800e-02,-6.44e-01,
1.68820e-02,-6.40e-01,
1.68840e-02,-6.40e-01,
1.68860e-02,-6.40e-01,
1.68880e-02,-6.48e-01,
1.68900e-02,-6.48e-01,
1.68920e-02,-6.44e-01,
1.68940e-02,-6.28e-01,
1.68960e-02,-6.36e-01,
1.68980e-02,-6.24e-01,
1.69000e-02,-6.28e-01,
1.69020e-02,-6.28e-01,
1.69040e-02,-6.32e-01,
1.69060e-02,-6.36e-01,
1.69080e-02,-6.24e-01,
1.69100e-02,-6.28e-01,
1.69120e-02,-6.36e-01,
1.69140e-02,-6.48e-01,
1.69160e-02,-6.36e-01,
1.69180e-02,-6.36e-01,
1.69200e-02,-6.28e-01,
1.69220e-02,-6.32e-01,
1.69240e-02,-6.40e-01,
1.69260e-02,-6.44e-01,
1.69280e-02,-6.48e-01,
1.69300e-02,-6.48e-01,
1.69320e-02,-6.44e-01,
1.69340e-02,-6.40e-01,
1.69360e-02,-6.32e-01,
1.69380e-02,-6.24e-01,
1.69400e-02,-6.36e-01,
1.69420e-02,-6.44e-01,
1.69440e-02,-6.44e-01,
1.69460e-02,-6.44e-01,
1.69480e-02,-6.40e-01,
1.69500e-02,-6.44e-01,
1.69520e-02,-6.48e-01,
1.69540e-02,-6.36e-01,
1.69560e-02,-6.36e-01,
1.69580e-02,-6.36e-01,
1.69600e-02,-6.36e-01,
1.69620e-02,-6.36e-01,
1.69640e-02,-6.32e-01,
1.69660e-02,-6.28e-01,
1.69680e-02,-6.20e-01,
1.69700e-02,-6.32e-01,
1.69720e-02,-6.60e-01,
1.69740e-02,-6.52e-01,
1.69760e-02,-6.48e-01,
1.69780e-02,-6.52e-01,
1.69800e-02,-6.60e-01,
1.69820e-02,-6.48e-01,
1.69840e-02,-6.44e-01,
1.69860e-02,-6.52e-01,
1.69880e-02,-6.64e-01,
1.69900e-02,-6.60e-01,
1.69920e-02,-6.60e-01,
1.69940e-02,-6.60e-01,
1.69960e-02,-6.40e-01,
1.69980e-02,-6.36e-01,
1.70000e-02,-6.32e-01,
1.70020e-02,-6.24e-01,
1.70040e-02,-6.28e-01,
1.70060e-02,-6.36e-01,
1.70080e-02,-6.36e-01,
1.70100e-02,-6.40e-01,
1.70120e-02,-6.32e-01,
1.70140e-02,-6.68e-01,
1.70160e-02,-7.28e-01,
1.70180e-02,-7.12e-01,
1.70200e-02,-7.12e-01,
1.70220e-02,-6.92e-01,
1.70240e-02,-6.72e-01,
1.70260e-02,-6.60e-01,
1.70280e-02,-6.60e-01,
1.70300e-02,-6.64e-01,
1.70320e-02,-6.52e-01,
1.70340e-02,-6.44e-01,
1.70360e-02,-6.52e-01,
1.70380e-02,-6.52e-01,
1.70400e-02,-6.52e-01,
1.70420e-02,-6.44e-01,
1.70440e-02,-6.52e-01,
1.70460e-02,-6.56e-01,
1.70480e-02,-6.60e-01,
1.70500e-02,-6.52e-01,
1.70520e-02,-6.40e-01,
1.70540e-02,-6.88e-01,
1.70560e-02,-6.84e-01,
1.70580e-02,-7.24e-01,
1.70600e-02,-7.48e-01,
1.70620e-02,-7.16e-01,
1.70640e-02,-7.08e-01,
1.70660e-02,-7.00e-01,
1.70680e-02,-6.80e-01,
1.70700e-02,-6.48e-01,
1.70720e-02,-6.48e-01,
1.70740e-02,-6.44e-01,
1.70760e-02,-6.44e-01,
1.70780e-02,-6.44e-01,
1.70800e-02,-6.40e-01,
1.70820e-02,-6.52e-01,
1.70840e-02,-6.52e-01,
1.70860e-02,-6.36e-01,
1.70880e-02,-6.24e-01,
1.70900e-02,-6.12e-01,
1.70920e-02,-6.12e-01,
1.70940e-02,-6.04e-01,
1.70960e-02,-6.28e-01,
1.70980e-02,-6.80e-01,
1.71000e-02,-6.84e-01,
1.71020e-02,-7.12e-01,
1.71040e-02,-7.16e-01,
1.71060e-02,-7.08e-01,
1.71080e-02,-6.60e-01,
1.71100e-02,-6.60e-01,
1.71120e-02,-6.52e-01,
1.71140e-02,-6.48e-01,
1.71160e-02,-6.40e-01,
1.71180e-02,-6.32e-01,
1.71200e-02,-6.32e-01,
1.71220e-02,-6.32e-01,
1.71240e-02,-6.28e-01,
1.71260e-02,-6.40e-01,
1.71280e-02,-6.16e-01,
1.71300e-02,-6.20e-01,
1.71320e-02,-6.32e-01,
1.71340e-02,-6.28e-01,
1.71360e-02,-6.08e-01,
1.71380e-02,-6.28e-01,
1.71400e-02,-6.28e-01,
1.71420e-02,-6.68e-01,
1.71440e-02,-7.48e-01,
1.71460e-02,-7.24e-01,
1.71480e-02,-7.24e-01,
1.71500e-02,-7.12e-01,
1.71520e-02,-6.76e-01,
1.71540e-02,-6.24e-01,
1.71560e-02,-6.32e-01,
1.71580e-02,-6.24e-01,
1.71600e-02,-6.24e-01,
1.71620e-02,-6.24e-01,
1.71640e-02,-6.20e-01,
1.71660e-02,-6.16e-01,
1.71680e-02,-6.12e-01,
1.71700e-02,-6.20e-01,
1.71720e-02,-6.20e-01,
1.71740e-02,-6.12e-01,
1.71760e-02,-6.20e-01,
1.71780e-02,-6.24e-01,
1.71800e-02,-6.24e-01,
1.71820e-02,-6.24e-01,
1.71840e-02,-6.36e-01,
1.71860e-02,-7.00e-01,
1.71880e-02,-7.16e-01,
1.71900e-02,-7.08e-01,
1.71920e-02,-7.00e-01,
1.71940e-02,-6.80e-01,
1.71960e-02,-6.60e-01,
1.71980e-02,-6.36e-01,
1.72000e-02,-6.36e-01,
1.72020e-02,-6.12e-01,
1.72040e-02,-5.92e-01,
1.72060e-02,-6.00e-01,
1.72080e-02,-6.12e-01,
1.72100e-02,-6.24e-01,
1.72120e-02,-6.20e-01,
1.72140e-02,-6.20e-01,
1.72160e-02,-6.24e-01,
1.72180e-02,-6.32e-01,
1.72200e-02,-6.24e-01,
1.72220e-02,-6.24e-01,
1.72240e-02,-6.24e-01,
1.72260e-02,-6.80e-01,
1.72280e-02,-6.88e-01,
1.72300e-02,-7.12e-01,
1.72320e-02,-6.92e-01,
1.72340e-02,-6.76e-01,
1.72360e-02,-6.64e-01,
1.72380e-02,-6.60e-01,
1.72400e-02,-6.44e-01,
1.72420e-02,-6.52e-01,
1.72440e-02,-6.40e-01,
1.72460e-02,-6.20e-01,
1.72480e-02,-6.20e-01,
1.72500e-02,-6.32e-01,
1.72520e-02,-6.32e-01,
1.72540e-02,-6.32e-01,
1.72560e-02,-6.28e-01,
1.72580e-02,-6.28e-01,
1.72600e-02,-6.28e-01,
1.72620e-02,-6.28e-01,
1.72640e-02,-6.12e-01,
1.72660e-02,-6.20e-01,
1.72680e-02,-6.16e-01,
1.72700e-02,-6.36e-01,
1.72720e-02,-7.04e-01,
1.72740e-02,-6.84e-01,
1.72760e-02,-6.92e-01,
1.72780e-02,-7.00e-01,
1.72800e-02,-6.88e-01,
1.72820e-02,-6.44e-01,
1.72840e-02,-6.48e-01,
1.72860e-02,-6.32e-01,
1.72880e-02,-6.28e-01,
1.72900e-02,-6.20e-01,
1.72920e-02,-6.16e-01,
1.72940e-02,-6.12e-01,
1.72960e-02,-6.20e-01,
1.72980e-02,-6.32e-01,
1.73000e-02,-6.16e-01,
1.73020e-02,-6.20e-01,
1.73040e-02,-6.12e-01,
1.73060e-02,-6.28e-01,
1.73080e-02,-6.20e-01,
1.73100e-02,-6.28e-01,
1.73120e-02,-6.28e-01,
1.73140e-02,-6.60e-01,
1.73160e-02,-6.84e-01,
1.73180e-02,-6.96e-01,
1.73200e-02,-6.84e-01,
1.73220e-02,-6.80e-01,
1.73240e-02,-6.68e-01,
1.73260e-02,-6.52e-01,
1.73280e-02,-6.32e-01,
1.73300e-02,-6.32e-01,
1.73320e-02,-6.20e-01,
1.73340e-02,-6.28e-01,
1.73360e-02,-6.36e-01,
1.73380e-02,-6.28e-01,
1.73400e-02,-6.24e-01,
1.73420e-02,-6.12e-01,
1.73440e-02,-6.04e-01,
1.73460e-02,-6.12e-01,
1.73480e-02,-6.08e-01,
1.73500e-02,-6.16e-01,
1.73520e-02,-6.24e-01,
1.73540e-02,-6.20e-01,
1.73560e-02,-6.68e-01,
1.73580e-02,-6.76e-01,
1.73600e-02,-6.92e-01,
1.73620e-02,-6.92e-01,
1.73640e-02,-6.84e-01,
1.73660e-02,-6.68e-01,
1.73680e-02,-6.56e-01,
1.73700e-02,-6.52e-01,
1.73720e-02,-6.44e-01,
1.73740e-02,-6.28e-01,
1.73760e-02,-6.36e-01,
1.73780e-02,-6.40e-01,
1.73800e-02,-6.48e-01,
1.73820e-02,-6.44e-01,
1.73840e-02,-6.32e-01,
1.73860e-02,-6.24e-01,
1.73880e-02,-6.44e-01,
1.73900e-02,-6.48e-01,
1.73920e-02,-6.36e-01,
1.73940e-02,-6.44e-01,
1.73960e-02,-6.52e-01,
1.73980e-02,-6.52e-01,
1.74000e-02,-6.36e-01,
1.74020e-02,-6.24e-01,
1.74040e-02,-6.20e-01,
1.74060e-02,-6.28e-01,
1.74080e-02,-6.04e-01,
1.74100e-02,-6.12e-01,
1.74120e-02,-6.08e-01,
1.74140e-02,-6.16e-01,
1.74160e-02,-6.16e-01,
1.74180e-02,-6.12e-01,
1.74200e-02,-6.36e-01,
1.74220e-02,-6.24e-01,
1.74240e-02,-6.28e-01,
1.74260e-02,-6.40e-01,
1.74280e-02,-6.52e-01,
1.74300e-02,-6.44e-01,
1.74320e-02,-6.36e-01,
1.74340e-02,-6.28e-01,
1.74360e-02,-6.28e-01,
1.74380e-02,-6.32e-01,
1.74400e-02,-6.32e-01,
1.74420e-02,-6.24e-01,
1.74440e-02,-6.36e-01,
1.74460e-02,-6.28e-01,
1.74480e-02,-6.40e-01,
1.74500e-02,-6.44e-01,
1.74520e-02,-6.36e-01,
1.74540e-02,-6.40e-01,
1.74560e-02,-6.48e-01,
1.74580e-02,-6.48e-01,
1.74600e-02,-6.52e-01,
1.74620e-02,-6.40e-01,
1.74640e-02,-6.32e-01,
1.74660e-02,-6.40e-01,
1.74680e-02,-6.40e-01,
1.74700e-02,-6.44e-01,
1.74720e-02,-6.36e-01,
1.74740e-02,-6.40e-01,
1.74760e-02,-6.44e-01,
1.74780e-02,-6.52e-01,
1.74800e-02,-6.44e-01,
1.74820e-02,-6.52e-01,
1.74840e-02,-6.52e-01,
1.74860e-02,-6.52e-01,
1.74880e-02,-6.56e-01,
1.74900e-02,-6.48e-01,
1.74920e-02,-6.44e-01,
1.74940e-02,-6.40e-01,
1.74960e-02,-6.40e-01,
1.74980e-02,-6.36e-01,
1.75000e-02,-6.32e-01,
1.75020e-02,-6.32e-01,
1.75040e-02,-6.32e-01,
1.75060e-02,-6.24e-01,
1.75080e-02,-6.32e-01,
1.75100e-02,-6.32e-01,
1.75120e-02,-6.32e-01,
1.75140e-02,-6.28e-01,
1.75160e-02,-6.04e-01,
1.75180e-02,-6.20e-01,
1.75200e-02,-6.32e-01,
1.75220e-02,-6.32e-01,
1.75240e-02,-6.24e-01,
1.75260e-02,-6.24e-01,
1.75280e-02,-6.40e-01,
1.75300e-02,-6.48e-01,
1.75320e-02,-6.52e-01,
1.75340e-02,-6.36e-01,
1.75360e-02,-6.32e-01,
1.75380e-02,-6.32e-01,
1.75400e-02,-6.32e-01,
1.75420e-02,-6.40e-01,
1.75440e-02,-6.40e-01,
1.75460e-02,-6.44e-01,
1.75480e-02,-6.56e-01,
1.75500e-02,-6.60e-01,
1.75520e-02,-6.60e-01,
1.75540e-02,-6.56e-01,
1.75560e-02,-6.36e-01,
1.75580e-02,-6.60e-01,
1.75600e-02,-6.76e-01,
1.75620e-02,-6.80e-01,
1.75640e-02,-7.20e-01,
1.75660e-02,-7.08e-01,
1.75680e-02,-7.16e-01,
1.75700e-02,-7.08e-01,
1.75720e-02,-6.88e-01,
1.75740e-02,-6.64e-01,
1.75760e-02,-6.64e-01,
1.75780e-02,-6.64e-01,
1.75800e-02,-6.48e-01,
1.75820e-02,-6.48e-01,
1.75840e-02,-6.64e-01,
1.75860e-02,-6.56e-01,
1.75880e-02,-6.44e-01,
1.75900e-02,-6.32e-01,
1.75920e-02,-6.32e-01,
1.75940e-02,-6.28e-01,
1.75960e-02,-6.32e-01,
1.75980e-02,-6.36e-01,
1.76000e-02,-6.44e-01,
1.76020e-02,-6.88e-01,
1.76040e-02,-6.92e-01,
1.76060e-02,-7.28e-01,
1.76080e-02,-7.32e-01,
1.76100e-02,-7.04e-01,
1.76120e-02,-7.00e-01,
1.76140e-02,-6.84e-01,
1.76160e-02,-6.84e-01,
1.76180e-02,-6.72e-01,
1.76200e-02,-6.44e-01,
1.76220e-02,-6.40e-01,
1.76240e-02,-6.32e-01,
1.76260e-02,-6.32e-01,
1.76280e-02,-6.28e-01,
1.76300e-02,-6.28e-01,
1.76320e-02,-6.20e-01,
1.76340e-02,-6.16e-01,
1.76360e-02,-6.16e-01,
1.76380e-02,-6.24e-01,
1.76400e-02,-6.20e-01,
1.76420e-02,-6.24e-01,
1.76440e-02,-6.04e-01,
1.76460e-02,-6.40e-01,
1.76480e-02,-7.12e-01,
1.76500e-02,-7.00e-01,
1.76520e-02,-7.16e-01,
1.76540e-02,-7.04e-01,
1.76560e-02,-6.48e-01,
1.76580e-02,-6.36e-01,
1.76600e-02,-6.28e-01,
1.76620e-02,-6.28e-01,
1.76640e-02,-6.16e-01,
1.76660e-02,-6.08e-01,
1.76680e-02,-6.24e-01,
1.76700e-02,-6.20e-01,
1.76720e-02,-6.08e-01,
1.76740e-02,-6.20e-01,
1.76760e-02,-6.44e-01,
1.76780e-02,-6.40e-01,
1.76800e-02,-6.28e-01,
1.76820e-02,-6.20e-01,
1.76840e-02,-6.04e-01,
1.76860e-02,-6.24e-01,
1.76880e-02,-6.24e-01,
1.76900e-02,-6.64e-01,
1.76920e-02,-7.04e-01,
1.76940e-02,-7.12e-01,
1.76960e-02,-7.28e-01,
1.76980e-02,-7.16e-01,
1.77000e-02,-6.92e-01,
1.77020e-02,-6.44e-01,
1.77040e-02,-6.40e-01,
1.77060e-02,-6.36e-01,
1.77080e-02,-6.32e-01,
1.77100e-02,-6.36e-01,
1.77120e-02,-6.28e-01,
1.77140e-02,-6.28e-01,
1.77160e-02,-6.20e-01,
1.77180e-02,-6.16e-01,
1.77200e-02,-6.16e-01,
1.77220e-02,-6.04e-01,
1.77240e-02,-6.04e-01,
1.77260e-02,-6.04e-01,
1.77280e-02,-6.04e-01,
1.77300e-02,-6.32e-01,
1.77320e-02,-6.48e-01,
1.77340e-02,-6.92e-01,
1.77360e-02,-7.16e-01,
1.77380e-02,-6.92e-01,
1.77400e-02,-6.84e-01,
1.77420e-02,-6.76e-01,
1.77440e-02,-6.68e-01,
1.77460e-02,-6.48e-01,
1.77480e-02,-6.04e-01,
1.77500e-02,-6.04e-01,
1.77520e-02,-6.00e-01,
1.77540e-02,-5.96e-01,
1.77560e-02,-6.20e-01,
1.77580e-02,-6.04e-01,
1.77600e-02,-6.04e-01,
1.77620e-02,-6.04e-01,
1.77640e-02,-5.92e-01,
1.77660e-02,-6.04e-01,
1.77680e-02,-6.08e-01,
1.77700e-02,-6.12e-01,
1.77720e-02,-6.16e-01,
1.77740e-02,-6.52e-01,
1.77760e-02,-7.12e-01,
1.77780e-02,-7.00e-01,
1.77800e-02,-6.96e-01,
1.77820e-02,-6.84e-01,
1.77840e-02,-6.44e-01,
1.77860e-02,-6.44e-01,
1.77880e-02,-6.36e-01,
1.77900e-02,-6.28e-01,
1.77920e-02,-6.20e-01,
1.77940e-02,-6.24e-01,
1.77960e-02,-6.24e-01,
1.77980e-02,-6.20e-01,
1.78000e-02,-6.24e-01,
1.78020e-02,-6.16e-01,
1.78040e-02,-6.00e-01,
1.78060e-02,-6.04e-01,
1.78080e-02,-6.16e-01,
1.78100e-02,-6.04e-01,
1.78120e-02,-6.28e-01,
1.78140e-02,-6.32e-01,
1.78160e-02,-6.40e-01,
1.78180e-02,-6.52e-01,
1.78200e-02,-6.84e-01,
1.78220e-02,-7.00e-01,
1.78240e-02,-6.96e-01,
1.78260e-02,-6.72e-01,
1.78280e-02,-6.60e-01,
1.78300e-02,-6.16e-01,
1.78320e-02,-6.20e-01,
1.78340e-02,-6.20e-01,
1.78360e-02,-6.08e-01,
1.78380e-02,-6.04e-01,
1.78400e-02,-6.36e-01,
1.78420e-02,-6.24e-01,
1.78440e-02,-6.24e-01,
1.78460e-02,-6.28e-01,
1.78480e-02,-6.28e-01,
1.78500e-02,-6.24e-01,
1.78520e-02,-6.20e-01,
1.78540e-02,-6.08e-01,
1.78560e-02,-6.04e-01,
1.78580e-02,-6.20e-01,
1.78600e-02,-6.40e-01,
1.78620e-02,-6.68e-01,
1.78640e-02,-6.84e-01,
1.78660e-02,-6.96e-01,
1.78680e-02,-7.00e-01,
1.78700e-02,-7.00e-01,
1.78720e-02,-6.80e-01,
1.78740e-02,-6.52e-01,
1.78760e-02,-6.32e-01,
1.78780e-02,-6.28e-01,
1.78800e-02,-6.20e-01,
1.78820e-02,-6.16e-01,
1.78840e-02,-6.12e-01,
1.78860e-02,-6.00e-01,
1.78880e-02,-6.00e-01,
1.78900e-02,-5.92e-01,
1.78920e-02,-5.96e-01,
1.78940e-02,-6.28e-01,
1.78960e-02,-6.04e-01,
1.78980e-02,-6.04e-01,
1.79000e-02,-5.92e-01,
1.79020e-02,-5.92e-01,
1.79040e-02,-6.56e-01,
1.79060e-02,-6.44e-01,
1.79080e-02,-6.68e-01,
1.79100e-02,-6.80e-01,
1.79120e-02,-6.76e-01,
1.79140e-02,-6.64e-01,
1.79160e-02,-6.56e-01,
1.79180e-02,-6.40e-01,
1.79200e-02,-6.36e-01,
1.79220e-02,-6.12e-01,
1.79240e-02,-6.20e-01,
1.79260e-02,-6.12e-01,
1.79280e-02,-6.24e-01,
1.79300e-02,-6.36e-01,
1.79320e-02,-6.24e-01,
1.79340e-02,-6.32e-01,
1.79360e-02,-6.32e-01,
1.79380e-02,-6.28e-01,
1.79400e-02,-6.32e-01,
1.79420e-02,-6.12e-01,
1.79440e-02,-6.08e-01,
1.79460e-02,-6.08e-01,
1.79480e-02,-6.12e-01,
1.79500e-02,-6.28e-01,
1.79520e-02,-6.24e-01,
1.79540e-02,-6.24e-01,
1.79560e-02,-6.12e-01,
1.79580e-02,-5.92e-01,
1.79600e-02,-6.08e-01,
1.79620e-02,-6.04e-01,
1.79640e-02,-6.12e-01,
1.79660e-02,-6.24e-01,
1.79680e-02,-6.20e-01,
1.79700e-02,-6.16e-01,
1.79720e-02,-6.12e-01,
1.79740e-02,-6.24e-01,
1.79760e-02,-6.48e-01,
1.79780e-02,-6.40e-01,
1.79800e-02,-6.44e-01,
1.79820e-02,-6.48e-01,
1.79840e-02,-6.36e-01,
1.79860e-02,-6.36e-01,
1.79880e-02,-6.32e-01,
1.79900e-02,-6.36e-01,
1.79920e-02,-6.56e-01,
1.79940e-02,-6.52e-01,
1.79960e-02,-6.48e-01,
1.79980e-02,-6.48e-01,
1.80000e-02,-6.52e-01,
1.80020e-02,-6.60e-01,
1.80040e-02,-6.68e-01,
1.80060e-02,-6.64e-01,
1.80080e-02,-6.64e-01,
1.80100e-02,-6.44e-01,
1.80120e-02,-6.32e-01,
1.80140e-02,-6.44e-01,
1.80160e-02,-6.44e-01,
1.80180e-02,-6.60e-01,
1.80200e-02,-6.68e-01,
1.80220e-02,-6.52e-01,
1.80240e-02,-6.64e-01,
1.80260e-02,-6.64e-01,
1.80280e-02,-6.72e-01,
1.80300e-02,-6.80e-01,
1.80320e-02,-6.52e-01,
1.80340e-02,-6.64e-01,
1.80360e-02,-6.52e-01,
1.80380e-02,-6.48e-01,
1.80400e-02,-6.40e-01,
1.80420e-02,-6.48e-01,
1.80440e-02,-6.48e-01,
1.80460e-02,-6.52e-01,
1.80480e-02,-6.48e-01,
1.80500e-02,-6.64e-01,
1.80520e-02,-6.68e-01,
1.80540e-02,-6.68e-01,
1.80560e-02,-6.64e-01,
1.80580e-02,-6.48e-01,
1.80600e-02,-6.64e-01,
1.80620e-02,-6.60e-01,
1.80640e-02,-6.40e-01,
1.80660e-02,-6.28e-01,
1.80680e-02,-6.28e-01,
1.80700e-02,-6.28e-01,
1.80720e-02,-6.36e-01,
1.80740e-02,-6.44e-01,
1.80760e-02,-6.32e-01,
1.80780e-02,-6.48e-01,
1.80800e-02,-6.44e-01,
1.80820e-02,-6.48e-01,
1.80840e-02,-6.48e-01,
1.80860e-02,-6.44e-01,
1.80880e-02,-6.44e-01,
1.80900e-02,-6.40e-01,
1.80920e-02,-6.40e-01,
1.80940e-02,-6.48e-01,
1.80960e-02,-6.68e-01,
1.80980e-02,-6.68e-01,
1.81000e-02,-6.68e-01,
1.81020e-02,-6.56e-01,
1.81040e-02,-6.44e-01,
1.81060e-02,-6.52e-01,
1.81080e-02,-6.56e-01,
1.81100e-02,-6.84e-01,
1.81120e-02,-7.24e-01,
1.81140e-02,-7.00e-01,
1.81160e-02,-7.16e-01,
1.81180e-02,-7.28e-01,
1.81200e-02,-7.08e-01,
1.81220e-02,-6.68e-01,
1.81240e-02,-6.64e-01,
1.81260e-02,-6.60e-01,
1.81280e-02,-6.64e-01,
1.81300e-02,-6.60e-01,
1.81320e-02,-6.52e-01,
1.81340e-02,-6.48e-01,
1.81360e-02,-6.48e-01,
1.81380e-02,-6.40e-01,
1.81400e-02,-6.52e-01,
1.81420e-02,-6.40e-01,
1.81440e-02,-6.44e-01,
1.81460e-02,-6.36e-01,
1.81480e-02,-6.40e-01,
1.81500e-02,-6.68e-01,
1.81520e-02,-6.92e-01,
1.81540e-02,-7.28e-01,
1.81560e-02,-7.40e-01,
1.81580e-02,-7.20e-01,
1.81600e-02,-7.04e-01,
1.81620e-02,-6.84e-01,
1.81640e-02,-6.68e-01,
1.81660e-02,-6.48e-01,
1.81680e-02,-6.40e-01,
1.81700e-02,-6.36e-01,
1.81720e-02,-6.40e-01,
1.81740e-02,-6.28e-01,
1.81760e-02,-6.24e-01,
1.81780e-02,-6.08e-01,
1.81800e-02,-6.24e-01,
1.81820e-02,-6.20e-01,
1.81840e-02,-6.20e-01,
1.81860e-02,-6.12e-01,
1.81880e-02,-6.04e-01,
1.81900e-02,-6.00e-01,
1.81920e-02,-6.20e-01,
1.81940e-02,-6.40e-01,
1.81960e-02,-7.16e-01,
1.81980e-02,-7.00e-01,
1.82000e-02,-7.28e-01,
1.82020e-02,-7.16e-01,
1.82040e-02,-6.68e-01,
1.82060e-02,-6.68e-01,
1.82080e-02,-6.68e-01,
1.82100e-02,-6.52e-01,
1.82120e-02,-6.32e-01,
1.82140e-02,-6.20e-01,
1.82160e-02,-6.12e-01,
1.82180e-02,-6.20e-01,
1.82200e-02,-6.16e-01,
1.82220e-02,-6.08e-01,
1.82240e-02,-6.20e-01,
1.82260e-02,-6.20e-01,
1.82280e-02,-6.24e-01,
1.82300e-02,-6.12e-01,
1.82320e-02,-6.12e-01,
1.82340e-02,-6.20e-01,
1.82360e-02,-6.20e-01,
1.82380e-02,-6.68e-01,
1.82400e-02,-7.16e-01,
1.82420e-02,-7.20e-01,
1.82440e-02,-7.20e-01,
1.82460e-02,-6.96e-01,
1.82480e-02,-6.80e-01,
1.82500e-02,-6.52e-01,
1.82520e-02,-6.36e-01,
1.82540e-02,-6.36e-01,
1.82560e-02,-6.28e-01,
1.82580e-02,-6.20e-01,
1.82600e-02,-6.20e-01,
1.82620e-02,-6.32e-01,
1.82640e-02,-6.36e-01,
1.82660e-02,-6.12e-01,
1.82680e-02,-6.28e-01,
1.82700e-02,-6.20e-01,
1.82720e-02,-6.16e-01,
1.82740e-02,-6.16e-01,
1.82760e-02,-6.24e-01,
1.82780e-02,-6.52e-01,
1.82800e-02,-6.76e-01,
1.82820e-02,-7.04e-01,
1.82840e-02,-7.32e-01,
1.82860e-02,-7.52e-01,
1.82880e-02,-6.88e-01,
1.82900e-02,-6.96e-01,
1.82920e-02,-6.52e-01,
1.82940e-02,-6.28e-01,
1.82960e-02,-6.36e-01,
1.82980e-02,-6.32e-01,
1.83000e-02,-6.32e-01,
1.83020e-02,-6.32e-01,
1.83040e-02,-6.28e-01,
1.83060e-02,-6.28e-01,
1.83080e-02,-6.32e-01,
1.83100e-02,-6.36e-01,
1.83120e-02,-6.36e-01,
1.83140e-02,-6.36e-01,
1.83160e-02,-6.32e-01,
1.83180e-02,-6.28e-01,
1.83200e-02,-5.96e-01,
1.83220e-02,-6.00e-01,
1.83240e-02,-6.68e-01,
1.83260e-02,-6.64e-01,
1.83280e-02,-6.92e-01,
1.83300e-02,-6.96e-01,
1.83320e-02,-6.96e-01,
1.83340e-02,-6.68e-01,
1.83360e-02,-6.68e-01,
1.83380e-02,-6.44e-01,
1.83400e-02,-6.36e-01,
1.83420e-02,-6.20e-01,
1.83440e-02,-6.28e-01,
1.83460e-02,-6.28e-01,
1.83480e-02,-6.28e-01,
1.83500e-02,-6.28e-01,
1.83520e-02,-5.96e-01,
1.83540e-02,-6.04e-01,
1.83560e-02,-5.96e-01,
1.83580e-02,-6.04e-01,
1.83600e-02,-6.20e-01,
1.83620e-02,-6.16e-01,
1.83640e-02,-6.20e-01,
1.83660e-02,-6.28e-01,
1.83680e-02,-6.44e-01,
1.83700e-02,-6.96e-01,
1.83720e-02,-6.92e-01,
1.83740e-02,-7.00e-01,
1.83760e-02,-6.80e-01,
1.83780e-02,-6.52e-01,
1.83800e-02,-6.36e-01,
1.83820e-02,-6.36e-01,
1.83840e-02,-6.36e-01,
1.83860e-02,-6.32e-01,
1.83880e-02,-6.32e-01,
1.83900e-02,-6.28e-01,
1.83920e-02,-6.20e-01,
1.83940e-02,-6.44e-01,
1.83960e-02,-6.48e-01,
1.83980e-02,-6.36e-01,
1.84000e-02,-6.36e-01,
1.84020e-02,-6.28e-01,
1.84040e-02,-6.12e-01,
1.84060e-02,-6.00e-01,
1.84080e-02,-6.12e-01,
1.84100e-02,-6.20e-01,
1.84120e-02,-6.36e-01,
1.84140e-02,-6.92e-01,
1.84160e-02,-6.96e-01,
1.84180e-02,-7.16e-01,
1.84200e-02,-6.92e-01,
1.84220e-02,-6.68e-01,
1.84240e-02,-6.24e-01,
1.84260e-02,-6.32e-01,
1.84280e-02,-6.28e-01,
1.84300e-02,-6.08e-01,
1.84320e-02,-6.16e-01,
1.84340e-02,-6.20e-01,
1.84360e-02,-6.20e-01,
1.84380e-02,-6.20e-01,
1.84400e-02,-6.20e-01,
1.84420e-02,-6.24e-01,
1.84440e-02,-6.24e-01,
1.84460e-02,-6.28e-01,
1.84480e-02,-6.32e-01,
1.84500e-02,-6.24e-01,
1.84520e-02,-6.20e-01,
1.84540e-02,-6.32e-01,
1.84560e-02,-6.48e-01,
1.84580e-02,-6.76e-01,
1.84600e-02,-7.16e-01,
1.84620e-02,-6.92e-01,
1.84640e-02,-6.76e-01,
1.84660e-02,-6.60e-01,
1.84680e-02,-6.52e-01,
1.84700e-02,-6.28e-01,
1.84720e-02,-6.24e-01,
1.84740e-02,-6.16e-01,
1.84760e-02,-6.08e-01,
1.84780e-02,-6.24e-01,
1.84800e-02,-6.28e-01,
1.84820e-02,-6.20e-01,
1.84840e-02,-6.12e-01,
1.84860e-02,-6.16e-01,
1.84880e-02,-6.12e-01,
1.84900e-02,-6.28e-01,
1.84920e-02,-6.20e-01,
1.84940e-02,-6.16e-01,
1.84960e-02,-6.20e-01,
1.84980e-02,-6.16e-01,
1.85000e-02,-6.24e-01,
1.85020e-02,-6.20e-01,
1.85040e-02,-6.32e-01,
1.85060e-02,-6.52e-01,
1.85080e-02,-6.24e-01,
1.85100e-02,-6.20e-01,
1.85120e-02,-6.04e-01,
1.85140e-02,-6.16e-01,
1.85160e-02,-6.36e-01,
1.85180e-02,-6.36e-01,
1.85200e-02,-6.40e-01,
1.85220e-02,-6.40e-01,
1.85240e-02,-6.44e-01,
1.85260e-02,-6.48e-01,
1.85280e-02,-6.48e-01,
1.85300e-02,-6.56e-01,
1.85320e-02,-6.44e-01,
1.85340e-02,-6.36e-01,
1.85360e-02,-6.48e-01,
1.85380e-02,-6.52e-01,
1.85400e-02,-6.40e-01,
1.85420e-02,-6.36e-01,
1.85440e-02,-6.44e-01,
1.85460e-02,-6.40e-01,
1.85480e-02,-6.40e-01,
1.85500e-02,-6.44e-01,
1.85520e-02,-6.40e-01,
1.85540e-02,-6.20e-01,
1.85560e-02,-6.20e-01,
1.85580e-02,-6.28e-01,
1.85600e-02,-6.28e-01,
1.85620e-02,-6.52e-01,
1.85640e-02,-6.52e-01,
1.85660e-02,-6.60e-01,
1.85680e-02,-6.48e-01,
1.85700e-02,-6.36e-01,
1.85720e-02,-6.52e-01,
1.85740e-02,-6.56e-01,
1.85760e-02,-6.68e-01,
1.85780e-02,-6.68e-01,
1.85800e-02,-6.52e-01,
1.85820e-02,-6.48e-01,
1.85840e-02,-6.44e-01,
1.85860e-02,-6.52e-01,
1.85880e-02,-6.40e-01,
1.85900e-02,-6.36e-01,
1.85920e-02,-6.36e-01,
1.85940e-02,-6.44e-01,
1.85960e-02,-6.32e-01,
1.85980e-02,-6.24e-01,
1.86000e-02,-6.40e-01,
1.86020e-02,-6.52e-01,
1.86040e-02,-6.52e-01,
1.86060e-02,-6.52e-01,
1.86080e-02,-6.44e-01,
1.86100e-02,-6.48e-01,
1.86120e-02,-6.48e-01,
1.86140e-02,-6.40e-01,
1.86160e-02,-6.32e-01,
1.86180e-02,-6.52e-01,
1.86200e-02,-6.52e-01,
1.86220e-02,-6.48e-01,
1.86240e-02,-6.48e-01,
1.86260e-02,-6.48e-01,
1.86280e-02,-6.52e-01,
1.86300e-02,-6.52e-01,
1.86320e-02,-6.36e-01,
1.86340e-02,-6.20e-01,
1.86360e-02,-6.40e-01,
1.86380e-02,-6.40e-01,
1.86400e-02,-6.44e-01,
1.86420e-02,-6.52e-01,
1.86440e-02,-6.32e-01,
1.86460e-02,-6.44e-01,
1.86480e-02,-6.52e-01,
1.86500e-02,-6.52e-01,
1.86520e-02,-6.52e-01,
1.86540e-02,-6.52e-01,
1.86560e-02,-6.48e-01,
1.86580e-02,-6.40e-01,
1.86600e-02,-6.52e-01,
1.86620e-02,-7.16e-01,
1.86640e-02,-7.00e-01,
1.86660e-02,-7.20e-01,
1.86680e-02,-7.20e-01,
1.86700e-02,-7.04e-01,
1.86720e-02,-6.72e-01,
1.86740e-02,-6.64e-01,
1.86760e-02,-6.44e-01,
1.86780e-02,-6.36e-01,
1.86800e-02,-6.20e-01,
1.86820e-02,-6.36e-01,
1.86840e-02,-6.36e-01,
1.86860e-02,-6.32e-01,
1.86880e-02,-6.28e-01,
1.86900e-02,-6.48e-01,
1.86920e-02,-6.44e-01,
1.86940e-02,-6.44e-01,
1.86960e-02,-6.52e-01,
1.86980e-02,-6.60e-01,
1.87000e-02,-6.32e-01,
1.87020e-02,-6.32e-01,
1.87040e-02,-6.52e-01,
1.87060e-02,-6.80e-01,
1.87080e-02,-7.32e-01,
1.87100e-02,-7.32e-01,
1.87120e-02,-7.40e-01,
1.87140e-02,-7.28e-01,
1.87160e-02,-6.84e-01,
1.87180e-02,-6.80e-01,
1.87200e-02,-6.80e-01,
1.87220e-02,-6.60e-01,
1.87240e-02,-6.44e-01,
1.87260e-02,-6.40e-01,
1.87280e-02,-6.36e-01,
1.87300e-02,-6.40e-01,
1.87320e-02,-6.36e-01,
1.87340e-02,-6.44e-01,
1.87360e-02,-6.36e-01,
1.87380e-02,-6.44e-01,
1.87400e-02,-6.44e-01,
1.87420e-02,-6.36e-01,
1.87440e-02,-6.20e-01,
1.87460e-02,-6.40e-01,
1.87480e-02,-6.44e-01,
1.87500e-02,-6.84e-01,
1.87520e-02,-7.24e-01,
1.87540e-02,-7.12e-01,
1.87560e-02,-7.12e-01,
1.87580e-02,-6.80e-01,
1.87600e-02,-6.72e-01,
1.87620e-02,-6.48e-01,
1.87640e-02,-6.36e-01,
1.87660e-02,-6.36e-01,
1.87680e-02,-6.36e-01,
1.87700e-02,-6.28e-01,
1.87720e-02,-6.12e-01,
1.87740e-02,-6.16e-01,
1.87760e-02,-6.08e-01,
1.87780e-02,-6.16e-01,
1.87800e-02,-6.00e-01,
1.87820e-02,-6.04e-01,
1.87840e-02,-6.00e-01,
1.87860e-02,-6.12e-01,
1.87880e-02,-6.20e-01,
1.87900e-02,-6.32e-01,
1.87920e-02,-6.64e-01,
1.87940e-02,-6.88e-01,
1.87960e-02,-7.08e-01,
1.87980e-02,-6.96e-01,
1.88000e-02,-6.76e-01,
1.88020e-02,-6.68e-01,
1.88040e-02,-6.52e-01,
1.88060e-02,-6.32e-01,
1.88080e-02,-6.20e-01,
1.88100e-02,-6.04e-01,
1.88120e-02,-6.12e-01,
1.88140e-02,-6.12e-01,
1.88160e-02,-6.20e-01,
1.88180e-02,-6.24e-01,
1.88200e-02,-6.24e-01,
1.88220e-02,-6.20e-01,
1.88240e-02,-6.16e-01,
1.88260e-02,-6.24e-01,
1.88280e-02,-6.24e-01,
1.88300e-02,-6.28e-01,
1.88320e-02,-6.16e-01,
1.88340e-02,-6.52e-01,
1.88360e-02,-7.16e-01,
1.88380e-02,-7.00e-01,
1.88400e-02,-7.16e-01,
1.88420e-02,-7.12e-01,
1.88440e-02,-6.68e-01,
1.88460e-02,-6.48e-01,
1.88480e-02,-6.44e-01,
1.88500e-02,-6.40e-01,
1.88520e-02,-6.32e-01,
1.88540e-02,-6.24e-01,
1.88560e-02,-6.24e-01,
1.88580e-02,-6.24e-01,
1.88600e-02,-6.24e-01,
1.88620e-02,-6.24e-01,
1.88640e-02,-6.28e-01,
1.88660e-02,-6.20e-01,
1.88680e-02,-6.20e-01,
1.88700e-02,-6.24e-01,
1.88720e-02,-6.20e-01,
1.88740e-02,-6.04e-01,
1.88760e-02,-6.16e-01,
1.88780e-02,-6.32e-01,
1.88800e-02,-6.56e-01,
1.88820e-02,-6.84e-01,
1.88840e-02,-6.80e-01,
1.88860e-02,-6.68e-01,
1.88880e-02,-6.60e-01,
1.88900e-02,-6.36e-01,
1.88920e-02,-6.32e-01,
1.88940e-02,-6.28e-01,
1.88960e-02,-6.28e-01,
1.88980e-02,-6.24e-01,
1.89000e-02,-6.12e-01,
1.89020e-02,-6.24e-01,
1.89040e-02,-6.20e-01,
1.89060e-02,-6.20e-01,
1.89080e-02,-6.32e-01,
1.89100e-02,-6.36e-01,
1.89120e-02,-6.44e-01,
1.89140e-02,-6.52e-01,
1.89160e-02,-6.40e-01,
1.89180e-02,-6.16e-01,
1.89200e-02,-6.24e-01,
1.89220e-02,-6.24e-01,
1.89240e-02,-6.64e-01,
1.89260e-02,-7.16e-01,
1.89280e-02,-7.12e-01,
1.89300e-02,-7.08e-01,
1.89320e-02,-6.88e-01,
1.89340e-02,-6.76e-01,
1.89360e-02,-6.72e-01,
1.89380e-02,-6.56e-01,
1.89400e-02,-6.44e-01,
1.89420e-02,-6.32e-01,
1.89440e-02,-6.20e-01,
1.89460e-02,-6.32e-01,
1.89480e-02,-6.20e-01,
1.89500e-02,-6.16e-01,
1.89520e-02,-6.28e-01,
1.89540e-02,-6.36e-01,
1.89560e-02,-6.20e-01,
1.89580e-02,-6.24e-01,
1.89600e-02,-6.32e-01,
1.89620e-02,-6.28e-01,
1.89640e-02,-6.24e-01,
1.89660e-02,-6.52e-01,
1.89680e-02,-6.84e-01,
1.89700e-02,-7.00e-01,
1.89720e-02,-7.00e-01,
1.89740e-02,-6.84e-01,
1.89760e-02,-6.68e-01,
1.89780e-02,-6.52e-01,
1.89800e-02,-6.52e-01,
1.89820e-02,-6.52e-01,
1.89840e-02,-6.36e-01,
1.89860e-02,-6.28e-01,
1.89880e-02,-6.32e-01,
1.89900e-02,-6.36e-01,
1.89920e-02,-6.04e-01,
1.89940e-02,-6.20e-01,
1.89960e-02,-6.16e-01,
1.89980e-02,-6.32e-01,
1.90000e-02,-6.28e-01,
1.90020e-02,-6.32e-01,
1.90040e-02,-6.28e-01,
1.90060e-02,-6.16e-01,
1.90080e-02,-6.32e-01,
1.90100e-02,-6.84e-01,
1.90120e-02,-6.84e-01,
1.90140e-02,-6.92e-01,
1.90160e-02,-6.80e-01,
1.90180e-02,-6.36e-01,
1.90200e-02,-6.52e-01,
1.90220e-02,-6.44e-01,
1.90240e-02,-6.36e-01,
1.90260e-02,-6.40e-01,
1.90280e-02,-6.16e-01,
1.90300e-02,-6.16e-01,
1.90320e-02,-6.20e-01,
1.90340e-02,-6.24e-01,
1.90360e-02,-6.20e-01,
1.90380e-02,-6.04e-01,
1.90400e-02,-6.20e-01,
1.90420e-02,-6.20e-01,
1.90440e-02,-6.20e-01,
1.90460e-02,-6.04e-01,
1.90480e-02,-6.28e-01,
1.90500e-02,-6.28e-01,
1.90520e-02,-6.24e-01,
1.90540e-02,-6.20e-01,
1.90560e-02,-5.92e-01,
1.90580e-02,-5.96e-01,
1.90600e-02,-6.04e-01,
1.90620e-02,-6.16e-01,
1.90640e-02,-6.24e-01,
1.90660e-02,-6.24e-01,
1.90680e-02,-6.28e-01,
1.90700e-02,-6.36e-01,
1.90720e-02,-6.32e-01,
1.90740e-02,-6.24e-01,
1.90760e-02,-6.24e-01,
1.90780e-02,-6.20e-01,
1.90800e-02,-6.12e-01,
1.90820e-02,-6.12e-01,
1.90840e-02,-6.16e-01,
1.90860e-02,-6.20e-01,
1.90880e-02,-6.40e-01,
1.90900e-02,-6.40e-01,
1.90920e-02,-6.32e-01,
1.90940e-02,-6.36e-01,
1.90960e-02,-6.36e-01,
1.90980e-02,-6.28e-01,
1.91000e-02,-6.36e-01,
1.91020e-02,-6.36e-01,
1.91040e-02,-6.36e-01,
1.91060e-02,-6.40e-01,
1.91080e-02,-6.40e-01,
1.91100e-02,-6.60e-01,
1.91120e-02,-6.60e-01,
1.91140e-02,-6.68e-01,
1.91160e-02,-6.60e-01,
1.91180e-02,-6.48e-01,
1.91200e-02,-6.44e-01,
1.91220e-02,-6.44e-01,
1.91240e-02,-6.32e-01,
1.91260e-02,-6.32e-01,
1.91280e-02,-6.52e-01,
1.91300e-02,-6.56e-01,
1.91320e-02,-6.64e-01,
1.91340e-02,-6.72e-01,
1.91360e-02,-6.68e-01,
1.91380e-02,-6.68e-01,
1.91400e-02,-6.64e-01,
1.91420e-02,-6.60e-01,
1.91440e-02,-6.64e-01,
1.91460e-02,-6.28e-01,
1.91480e-02,-6.32e-01,
1.91500e-02,-6.28e-01,
1.91520e-02,-6.32e-01,
1.91540e-02,-6.36e-01,
1.91560e-02,-6.52e-01,
1.91580e-02,-6.44e-01,
1.91600e-02,-6.36e-01,
1.91620e-02,-6.48e-01,
1.91640e-02,-6.44e-01,
1.91660e-02,-6.52e-01,
1.91680e-02,-6.48e-01,
1.91700e-02,-6.32e-01,
1.91720e-02,-6.32e-01,
1.91740e-02,-6.36e-01,
1.91760e-02,-6.36e-01,
1.91780e-02,-6.32e-01,
1.91800e-02,-6.44e-01,
1.91820e-02,-6.48e-01,
1.91840e-02,-6.40e-01,
1.91860e-02,-6.36e-01,
1.91880e-02,-6.28e-01,
1.91900e-02,-6.36e-01,
1.91920e-02,-6.24e-01,
1.91940e-02,-6.36e-01,
1.91960e-02,-6.36e-01,
1.91980e-02,-6.16e-01,
1.92000e-02,-6.20e-01,
1.92020e-02,-6.36e-01,
1.92040e-02,-6.36e-01,
1.92060e-02,-6.52e-01,
1.92080e-02,-6.52e-01,
1.92100e-02,-6.28e-01,
1.92120e-02,-6.40e-01,
1.92140e-02,-6.36e-01,
1.92160e-02,-6.44e-01,
1.92180e-02,-6.92e-01,
1.92200e-02,-7.28e-01,
1.92220e-02,-7.24e-01,
1.92240e-02,-7.00e-01,
1.92260e-02,-6.96e-01,
1.92280e-02,-6.92e-01,
1.92300e-02,-6.68e-01,
1.92320e-02,-6.68e-01,
1.92340e-02,-6.52e-01,
1.92360e-02,-6.36e-01,
1.92380e-02,-6.20e-01,
1.92400e-02,-6.36e-01,
1.92420e-02,-6.36e-01,
1.92440e-02,-6.40e-01,
1.92460e-02,-6.36e-01,
1.92480e-02,-6.40e-01,
1.92500e-02,-6.36e-01,
1.92520e-02,-6.40e-01,
1.92540e-02,-6.32e-01,
1.92560e-02,-6.12e-01,
1.92580e-02,-6.20e-01,
1.92600e-02,-6.16e-01,
1.92620e-02,-6.48e-01,
1.92640e-02,-7.04e-01,
1.92660e-02,-7.36e-01,
1.92680e-02,-7.40e-01,
1.92700e-02,-7.48e-01,
1.92720e-02,-7.40e-01,
1.92740e-02,-7.00e-01,
1.92760e-02,-7.12e-01,
1.92780e-02,-6.88e-01,
1.92800e-02,-6.68e-01,
1.92820e-02,-6.44e-01,
1.92840e-02,-6.12e-01,
1.92860e-02,-6.28e-01,
1.92880e-02,-6.24e-01,
1.92900e-02,-6.24e-01,
1.92920e-02,-6.36e-01,
1.92940e-02,-6.52e-01,
1.92960e-02,-6.52e-01,
1.92980e-02,-6.60e-01,
1.93000e-02,-6.40e-01,
1.93020e-02,-6.08e-01,
1.93040e-02,-6.48e-01,
1.93060e-02,-6.56e-01,
1.93080e-02,-6.84e-01,
1.93100e-02,-7.44e-01,
1.93120e-02,-7.24e-01,
1.93140e-02,-7.24e-01,
1.93160e-02,-6.92e-01,
1.93180e-02,-6.72e-01,
1.93200e-02,-6.48e-01,
1.93220e-02,-6.48e-01,
1.93240e-02,-6.44e-01,
1.93260e-02,-6.44e-01,
1.93280e-02,-6.44e-01,
1.93300e-02,-6.40e-01,
1.93320e-02,-6.36e-01,
1.93340e-02,-6.32e-01,
1.93360e-02,-6.32e-01,
1.93380e-02,-6.12e-01,
1.93400e-02,-6.04e-01,
1.93420e-02,-5.96e-01,
1.93440e-02,-6.04e-01,
1.93460e-02,-6.16e-01,
1.93480e-02,-6.80e-01,
1.93500e-02,-6.80e-01,
1.93520e-02,-7.24e-01,
1.93540e-02,-7.32e-01,
1.93560e-02,-7.16e-01,
1.93580e-02,-7.00e-01,
1.93600e-02,-6.84e-01,
1.93620e-02,-6.64e-01,
1.93640e-02,-6.48e-01,
1.93660e-02,-6.12e-01,
1.93680e-02,-6.24e-01,
1.93700e-02,-6.20e-01,
1.93720e-02,-6.24e-01,
1.93740e-02,-6.24e-01,
1.93760e-02,-6.08e-01,
1.93780e-02,-6.16e-01,
1.93800e-02,-6.04e-01,
1.93820e-02,-6.08e-01,
1.93840e-02,-6.12e-01,
1.93860e-02,-6.12e-01,
1.93880e-02,-6.16e-01,
1.93900e-02,-6.36e-01,
1.93920e-02,-6.80e-01,
1.93940e-02,-7.00e-01,
1.93960e-02,-7.00e-01,
1.93980e-02,-6.96e-01,
1.94000e-02,-6.84e-01,
1.94020e-02,-6.44e-01,
1.94040e-02,-6.48e-01,
1.94060e-02,-6.40e-01,
1.94080e-02,-6.32e-01,
1.94100e-02,-6.20e-01,
1.94120e-02,-6.04e-01,
1.94140e-02,-6.16e-01,
1.94160e-02,-6.20e-01,
1.94180e-02,-6.12e-01,
1.94200e-02,-6.16e-01,
1.94220e-02,-6.08e-01,
1.94240e-02,-6.04e-01,
1.94260e-02,-6.04e-01,
1.94280e-02,-6.16e-01,
1.94300e-02,-6.20e-01,
1.94320e-02,-6.12e-01,
1.94340e-02,-6.16e-01,
1.94360e-02,-6.40e-01,
1.94380e-02,-7.00e-01,
1.94400e-02,-6.96e-01,
1.94420e-02,-7.16e-01,
1.94440e-02,-6.96e-01,
1.94460e-02,-6.68e-01,
1.94480e-02,-6.48e-01,
1.94500e-02,-6.44e-01,
1.94520e-02,-6.36e-01,
1.94540e-02,-6.28e-01,
1.94560e-02,-6.20e-01,
1.94580e-02,-6.12e-01,
1.94600e-02,-6.16e-01,
1.94620e-02,-6.20e-01,
1.94640e-02,-6.20e-01,
1.94660e-02,-6.28e-01,
1.94680e-02,-6.20e-01,
1.94700e-02,-6.24e-01,
1.94720e-02,-6.28e-01,
1.94740e-02,-6.20e-01,
1.94760e-02,-6.04e-01,
1.94780e-02,-6.28e-01,
1.94800e-02,-6.40e-01,
1.94820e-02,-6.80e-01,
1.94840e-02,-7.28e-01,
1.94860e-02,-7.04e-01,
1.94880e-02,-7.08e-01,
1.94900e-02,-6.92e-01,
1.94920e-02,-6.68e-01,
1.94940e-02,-6.32e-01,
1.94960e-02,-6.36e-01,
1.94980e-02,-6.24e-01,
1.95000e-02,-6.28e-01,
1.95020e-02,-6.36e-01,
1.95040e-02,-6.28e-01,
1.95060e-02,-6.32e-01,
1.95080e-02,-6.40e-01,
1.95100e-02,-6.36e-01,
1.95120e-02,-6.36e-01,
1.95140e-02,-6.36e-01,
1.95160e-02,-6.36e-01,
1.95180e-02,-6.12e-01,
1.95200e-02,-6.12e-01,
1.95220e-02,-6.60e-01,
1.95240e-02,-6.52e-01,
1.95260e-02,-6.80e-01,
1.95280e-02,-7.00e-01,
1.95300e-02,-6.96e-01,
1.95320e-02,-6.64e-01,
1.95340e-02,-6.56e-01,
1.95360e-02,-6.44e-01,
1.95380e-02,-6.24e-01,
1.95400e-02,-6.04e-01,
1.95420e-02,-6.16e-01,
1.95440e-02,-6.08e-01,
1.95460e-02,-6.28e-01,
1.95480e-02,-6.32e-01,
1.95500e-02,-6.20e-01,
1.95520e-02,-6.20e-01,
1.95540e-02,-6.32e-01,
1.95560e-02,-6.20e-01,
1.95580e-02,-6.20e-01,
1.95600e-02,-6.24e-01,
1.95620e-02,-6.24e-01,
1.95640e-02,-6.12e-01,
1.95660e-02,-6.32e-01,
1.95680e-02,-7.12e-01,
1.95700e-02,-7.00e-01,
1.95720e-02,-6.96e-01,
1.95740e-02,-7.08e-01,
1.95760e-02,-6.68e-01,
1.95780e-02,-6.64e-01,
1.95800e-02,-6.60e-01,
1.95820e-02,-6.40e-01,
1.95840e-02,-6.32e-01,
1.95860e-02,-6.40e-01,
1.95880e-02,-6.40e-01,
1.95900e-02,-6.40e-01,
1.95920e-02,-6.36e-01,
1.95940e-02,-6.16e-01,
1.95960e-02,-6.28e-01,
1.95980e-02,-6.20e-01,
1.96000e-02,-6.20e-01,
1.96020e-02,-6.32e-01,
1.96040e-02,-6.36e-01,
1.96060e-02,-6.32e-01,
1.96080e-02,-6.24e-01,
1.96100e-02,-6.36e-01,
1.96120e-02,-6.40e-01,
1.96140e-02,-6.36e-01,
1.96160e-02,-6.36e-01,
1.96180e-02,-6.44e-01,
1.96200e-02,-6.36e-01,
1.96220e-02,-6.32e-01,
1.96240e-02,-6.32e-01,
1.96260e-02,-6.32e-01,
1.96280e-02,-6.24e-01,
1.96300e-02,-6.32e-01,
1.96320e-02,-6.40e-01,
1.96340e-02,-6.44e-01,
1.96360e-02,-6.40e-01,
1.96380e-02,-6.44e-01,
1.96400e-02,-6.40e-01,
1.96420e-02,-6.40e-01,
1.96440e-02,-6.44e-01,
1.96460e-02,-6.48e-01,
1.96480e-02,-6.36e-01,
1.96500e-02,-6.08e-01,
1.96520e-02,-6.24e-01,
1.96540e-02,-6.28e-01,
1.96560e-02,-6.44e-01,
1.96580e-02,-6.68e-01,
1.96600e-02,-6.48e-01,
1.96620e-02,-6.40e-01,
1.96640e-02,-6.52e-01,
1.96660e-02,-6.48e-01,
1.96680e-02,-6.52e-01,
1.96700e-02,-6.44e-01,
1.96720e-02,-6.28e-01,
1.96740e-02,-6.28e-01,
1.96760e-02,-6.32e-01,
1.96780e-02,-6.40e-01,
1.96800e-02,-6.40e-01,
1.96820e-02,-6.44e-01,
1.96840e-02,-6.48e-01,
1.96860e-02,-6.40e-01,
1.96880e-02,-6.44e-01,
1.96900e-02,-6.36e-01,
1.96920e-02,-6.36e-01,
1.96940e-02,-6.28e-01,
1.96960e-02,-6.24e-01,
1.96980e-02,-6.28e-01,
1.97000e-02,-6.28e-01,
1.97020e-02,-6.36e-01,
1.97040e-02,-6.44e-01,
1.97060e-02,-6.44e-01,
1.97080e-02,-6.44e-01,
1.97100e-02,-6.52e-01,
1.97120e-02,-6.60e-01,
1.97140e-02,-6.56e-01,
1.97160e-02,-6.56e-01,
1.97180e-02,-6.44e-01,
1.97200e-02,-6.52e-01,
1.97220e-02,-6.52e-01,
1.97240e-02,-6.56e-01,
1.97260e-02,-6.56e-01,
1.97280e-02,-6.60e-01,
1.97300e-02,-6.52e-01,
1.97320e-02,-6.36e-01,
1.97340e-02,-6.32e-01,
1.97360e-02,-6.20e-01,
1.97380e-02,-6.24e-01,
1.97400e-02,-6.16e-01,
1.97420e-02,-6.36e-01,
1.97440e-02,-6.28e-01,
1.97460e-02,-6.40e-01,
1.97480e-02,-6.40e-01,
1.97500e-02,-6.36e-01,
1.97520e-02,-6.32e-01,
1.97540e-02,-6.32e-01,
1.97560e-02,-6.32e-01,
1.97580e-02,-6.32e-01,
1.97600e-02,-6.20e-01,
1.97620e-02,-6.20e-01,
1.97640e-02,-6.20e-01,
1.97660e-02,-6.28e-01,
1.97680e-02,-6.44e-01,
1.97700e-02,-6.32e-01,
1.97720e-02,-6.28e-01,
1.97740e-02,-6.56e-01,
1.97760e-02,-6.56e-01,
1.97780e-02,-6.56e-01,
1.97800e-02,-6.56e-01,
1.97820e-02,-6.56e-01,
